article_id,source,published_at,url,title,content,tagalog_signal_ratio,label_a,label_b,label_final,vader_label,distilbert_label,hybrid_label,hybrid_route
34104,ABS-CBN,2026-03-25T02:15:14+00:00,https://news.abs-cbn.com/news/business/2026/3/25/pal-says-enough-jet-fuel-supply-for-foreseeable-future-1015,PAL says its jet fuel supply 'sufficient for foreseeable future',"MANILA -- Philippine Airlines (PAL) said Wednesday it had secured enough jet fuel supply to support its operations ""for the foreseeable future."" In a statement, PAL said it was working with fuel suppliers, industry partners, and the government to ensure that operations are stable and efficient in the long term. ""Philippine Airlines is closely monitoring global and regional developments affecting jet fuel supply and pricing...the airline recognizes that global supply conditions remain dynamic,"" the flag carrier said. Last week, the Civil Aeronautics Board raised the fuel surcharge level from Level 4 to Level 8 from April 1 to 15. This means surcharges of between P253 and P787 for domestic passengers, and between P835 and P6,209 for international passengers. On Monday, budget carrier Cebu Pacific said it was suspending some of its routes as global fuel prices continued to soar. The Civil Aviation Authority of the Philippines (CAAP) has since lowered airport landing and terminal fees. Aeronautical fees for both landing and takeoff will be cut by nearly 50 percent starting April. The passenger service charge for international travel will also be reduced to P700 from P900. Passenger service charge for domestic travel at international airports will be lowered from P350 to between P150 to P200.",0,Positive,Neutral,Positive,,,,
34102,ABS-CBN,2026-03-25T05:36:36+00:00,https://news.abs-cbn.com/news/business/2026/3/25/philippines-eyeing-russian-oil-marcos-1336,Philippines eyeing Russian oil– Marcos,"MANILA — The Philippines is working to secure fuel supply from Russia, President Ferdinand Marcos Jr. said on Tuesday, hours before he declared a state of national energy emergency due to an “imminent danger” on the “availability and stability of energy supply.” The President government is “still working on that” deal, Marcos told Bloomberg in an interview in Malacañang. “Russia is not a traditional supplier of crude oil to the Philippines or any energy supply, but we are exploring that as well,” he said. “Basically, we are trying anything, everything to secure supply because that’s the one thing that we can do about,” he said. “The pricing is going to be a much more difficult challenge because everyone is a price taker when it comes to oil,” he added. The United States — the Philippines’ traditional ally — earlier imposed sanctions against Russian oil and trade, but earlier this month, US President Donald Trump eased those restrictions as Iran continues to block the Strait of Hormuz, where 20 percent of the world’s oil supply passes through. Nearly a month since US-Israeli forces launched air strikes against Iran, the Philippines is “doing better than a month in terms of fuel supply — maybe 45 days more or less, depends on diesel or gasoline,” Marcos said. The country, which imports nearly 100 percent of its oil, has also been sourcing fertilizer from Indonesia and China, refined fuel from Japan and South Korea, and oil from Malaysia, he said. On March 24, Marcos signed an executive order declaring a state of national energy emergency, which authorizes certain government agencies to come up with various policies to address oil supply woes, without being impeded by laws on procurement and pricing, among others. Marcos earlier certified as urgent a measure that would allow the executive to either suspend or reduce the fuel excise tax, but he has yet to sign the bill, a week after Congress passed it on final reading.",0,Negative,Neutral,Negative,,,,
34947,ABS-CBN,2026-03-25T05:36:36+00:00,https://news.abs-cbn.com/Philippines eyeing Russian oil– Marcos,Philippines eyeing Russian oil– Marcos,"MANILA — The Philippines is working to secure fuel supply from Russia, President Ferdinand Marcos Jr. said on Tuesday, hours before he declared a state of national energy emergency due to an “imminent danger” on the “availability and stability of energy supply.”  The President government is “still working on that” deal, Marcos told Bloomberg in an interview in Malacañang. “Russia is not a traditional supplier of crude oil to the Philippines or any energy supply, but we are exploring that as well,” he said. “Basically, we are trying anything, everything to secure supply because that’s the one thing that we can do about,” he said. “The pricing is going to be a much more difficult challenge because everyone is a price taker when it comes to oil,” he added. The United States — the Philippines’ traditional ally — earlier imposed sanctions against Russian oil and trade, but earlier this month, US President Donald Trump eased those restrictions as Iran continues to block the Strait of Hormuz, where 20 percent of the world’s oil supply passes through.  Nearly a month since US-Israeli forces launched air strikes against Iran, the Philippines is “doing better than a month in terms of fuel supply — maybe 45 days more or less, depends on diesel or gasoline,” Marcos said.  The country, which imports nearly 100 percent of its oil, has also been sourcing fertilizer from Indonesia and China, refined fuel from Japan and South Korea, and oil from Malaysia, he said.  On March 24, Marcos signed an executive order declaring a state of national energy emergency, which authorizes certain government agencies to come up with various policies to address oil supply woes, without being impeded by laws on procurement and pricing, among others.  Marcos earlier certified as urgent a measure that would allow the executive to either suspend or reduce the fuel excise tax, but he has yet to sign the bill, a week after Congress passed it on final reading.",0, negative,negative,negative,,,,
34073,ABS-CBN,2026-03-26T14:19:48+00:00,https://news.abs-cbn.com/news/business/2026/3/26/gov-t-secures-22-5-million-liters-of-diesel-amid-state-of-energy-emergency-2219,Gov’t secures 22.5 million liters of diesel amid state of energy emergency,"MANILA — The Department of Energy (DOE) has brought in the country’s first shipment of imported diesel under the Emergency Energy Security Program, delivering about 22.5 million liters or 142,000 barrels to reinforce the national fuel supply as the Philippines confronts a state of energy emergency. The DOE said the shipment is part of the Marcos administration’s directive to stabilize reserves and shield transport, industry, and other vital sectors from the impact of global oil market volatility. Implemented in coordination with the Philippine National Oil Company (PNOC) and PNOC Exploration Corporation (PNOC EC), the program aims to secure up to two million barrels of additional oil for the country. Energy Secretary Sharon S. Garin underscored the urgency of the measure: “Patuloy ang pagtutok ng DOE upang madagdagan ang suplay ng langis sa bansa. Ang mabilis na pagdating ng diesel na ito ay bahagi ng mga hakbang para hindi maantala ang biyahe, hanapbuhay, at pang-araw-araw na buhay ng bawat Pilipino.” The DOE emphasized that the initiative is aligned with President Ferdinand Marcos Jr.’s Executive Order No. 110, which directs agencies to safeguard the nation’s energy needs during periods of global uncertainty.",0.073529,Neutral,Positive,Positive,,,,
34869,ABS-CBN,2026-03-26T17:45:13+00:00,https://news.abs-cbn.com/LPG prices also set to rise,LPG prices also set to rise,"MANILA - After the series of bigtime price increases in diesel, gasoline, and kerosene, now comes LPG. Regasco President Arnel Ty has sounded off a hefty price increase next week as shipping costs multiplied by 4 to 5 times due to the war in the Middle East. According to Ty, the increase in shipping costs alone is already equivalent to a hike of P30/kilo. On top of that, the contract price of LPG is now higher by $95/metric ton, which translates to an increase of around P5/kilo. If sustained until the last day of March, it means the increase will range from P35-P40/kilo for April 1, which is a whopping P385-P440 spike on an 11-kilogram cylinder.  SUPPLY ENOUGH FOR 30 DAYS Ty said the industry has asked the Department of Energy for help in procuring supply from other countries through a government-to-government arrangement. According to Ty, consumers need not panic as supply remains sufficient to cover demand for 30-35 days. But the industry is asking the DOE to get in touch with US, Russia, Japan, South Korea, Australia, and Canada for possible supply contracts.  BRACE FOR HIGHER POWER RATES Meanwhile, Energy Secretary Sharon Garin has also alerted consumers that the government is doing everything to avoid the estimated P4/kilowatt hour increase in Meralco rates for April. Garin said this is due to higher cost of contracted power, as well as more expensive power from the spot market.  The energy regulatory commission has ordered the suspension of the Luzon, Visayas, and Mindanao spot markets in order to avoid the higher prices and maintain administered prices on electricity traded in the market. But Energy Regulatory Commission Chairman Nino Juan said aside from the market suspension, the commission will also issue an order for all private distribution utilities and electric coops to stagger any rate adjustment deem too high for the consumers. Juan said all DUs and electric coops are directed to submit first to the ERC all automatic overall rate adjustments for the next months before it is announced or implemented.  UPDATE ON WORLD OIL PRICES After 3 trading days, gasoline and kerosene prices are finally in negative territory for the first time since the war started. But diesel is still higher: Diesel       P7.00/L ⬆️ Gasoline   P0.10/L ⬇️ Kerosene  P1.20/L ⬇️ But these figures still do not include the risk premium costs added by suppliers due to the war in the Middle East.",0,Negative,Negative,Negative,,,,
34071,ABS-CBN,2026-03-27T03:06:46+00:00,https://news.abs-cbn.com/news/business/2026/3/27/dswd-points-to-companies-for-missing-drivers-in-payout-lists-baka-lumagpas-sila-sa-quota-1106,DSWD points to companies for missing drivers in payout lists: 'Baka lumagpas sila sa quota',"Delivery riders receive cash relief assistance at the Makati City Hal quadrangle on Friday morning. Eon Sanchez, ABS-CBN News MANILA — Delivery service riders lined up at the Makati City Hall quadrangle before daybreak on Friday as the Department of Social Welfare and Development (DSWD) opened its latest round of cash assistance payouts, distributing P5,000 each to beneficiaries scheduled for March 27, 2026. By 6:30 a.m., riders were already queued for verification, hoping to claim their aid before starting their shifts. Free pandesal were also given out after the recipients completed the process. The DSWD expects 1,600 delivery riders to claim assistance on Friday, including those who failed to show up during Thursday’s rollout. The agency’s week-long schedule allocated specific days per transport subgroup: Tuesday for TNVS drivers, Wednesday for jeepney and PUJ operators, Thursday and Friday for delivery riders, and Saturday for motorcycle taxi drivers. DSWD Secretary Rex Gatchalian said the agency has been receiving fewer complaints about missing names — a problem that has repeatedly surfaced in previous aid distributions. But he stressed that gaps in the masterlists trace back to the companies that submitted them. “I would like to say na mas konti yung mga nakukuha naming complaints na wala sa listahan because working with DICT, nakikita namin yung list na sinubmit ng mga companies operating it,” Gatchalian said. He explained that the DSWD merely implements the distribution based on the data provided to them. “Challenge here is kami yung humaharap sa tao pagka wala sa listahan pero hindi namin minsan mapaliwanag bakit wala sila sa listahan dahil hindi naman kami gumawa ng listahan,” he said. Gatchalian pointed to “tempo drivers” — temporary drivers onboarded by platforms but not registered with the LTFRB — as a major contributor to the inconsistencies. “Napakalaking porsyento ng kanilang mga driver, wala. Kasi nga yun yung natalakay ko couple of days ago. They have this type of drivers na in-onboard nila, called tempo drivers. Mga temporary drivers ito so they’re not registered with LTFRB officially pero nag-o-operate sila dahil in-onboard sila,” he said. He added that some companies may be hesitant to provide complete lists because doing so would reveal how far they have exceeded their allowed quotas. “Talagang sinabi na namin: ibigay nila sa amin nang buo yung listahan. Wag nilang i-filter. I think, they’re scared kasi of admitting na nag-onboard sila nang walang mga CPC o yung mga permits and lumagpas na sila dun sa quota na allowed for ride-hailing,” he said. Gatchalian also assured transport workers that the assistance will not end with this week’s payouts. “Wag silang mag-alala. Sabi naman sa utos ng ating pangulo, hindi naman to isang beses lang. Sigurado kami na magkakaroon ng mga susunod na mga payout dahil naiintindihan namin na patuloy na tumataas ang presyo ng petrolyo,” he said. “Ang sabi ng pangulo, for as long as it takes. So nakahanda na yung pondo ng DSWD,” he added, noting that P30 billion has been earmarked for transport sector support until June, with another P30 billion allotted for the second half of the year. For riders at the payout site, the cash aid offers short-term relief amid rising costs and shrinking incomes. Three-year delivery rider Eriberto Mendiola said the P5,000 will go to family expenses and their small store. “[Pang-gastos] sa pamilya ko tapos pandagdag na rin po sa pampuhunan sa negosyo/tindahan namin,” he said. But with prices and fuel costs climbing, Mendiola admitted the assistance feels limited. “Parang kulang pa rin kasi sobrang taas na rin ng mga bilihin e. Sumasabay pa yung gasolina.” “Ideal siguro mga kahit mga doble. Kahit 10k, okay na,” he added. Five-year rider Christopher Natividad said he plans to buy a new passenger helmet and pay debts. “Pambili ng helmet saka yung iba, pambayad ng utang,” he said. “Malaking bagay po kasi mahal na yung gasolina ngayon.” Asked if the aid is enough, he said: “Sakto lang. Malaking bagay din,” adding that he is grateful regardless of the amount: “Okay na yun kung magkano lang ibigay. May trabaho naman eh.”",0.115549,Negative,Positive,Positive,,,,
34072,ABS-CBN,2026-03-27T04:57:55+00:00,https://news.abs-cbn.com/news/business/2026/3/27/robinsons-retail-to-exit-philippine-stock-exchange-1257,Robinsons Retail to exit Philippine Stock Exchange,"Robinsons Retail Holdings Inc. (RRHI) is planning to exit the Philippine Stock Exchange (PSE). File photo MANILA — Robinsons Retail Holdings Inc. (RRHI) is planning to exit the Philippine Stock Exchange (PSE). In a filing, Robinsons Retail told the PSE that JE Holdings, Inc.--a privately-held investment company of the Gokongwei family--wants to make a tender offer to
voluntarily delist RRHI from the PSE. The tender offer is at P48.30 per share. Trading of RRHI stocks was suspended at 9:35 a.m. on Friday to give investors time to assess the delisting. Trading will resume on March 30 at 9 a.m. No Brand stores in PH to close by end of June Two companies have delisted from the PSE in the last 3 years-- Metro Pacific Investment Corporation and 8990 Holdings . In March 2025, the PSE cut the minimum public float requirement for IPOs from 20 percent to 15 percent, in the hopes that more companies will go public. Officials considered 2024 a tepid listing year, with only 3 new companies--OceanaGold Philippines, NexGen Energy, and Citicore Renewable Energy-- being listed on the PSE. But in 2025, only two companies debuted on the Philippine Stock Exchange: Maynilad and Cebu-based Top Line Business Development Corporation. Resort developer Hann Holdings has yet to debut on the state bourse despite getting SEC clearance in July 2025. Meanwhile, GCash is still eyeing an initial public offering but has no timeline yet.",0,Neutral,Neutral,Neutral,,,,
34066,ABS-CBN,2026-03-27T08:04:30+00:00,https://news.abs-cbn.com/news/business/2026/3/27/palace-refutes-possible-energy-lockdown-in-ph-despite-oil-supply-woes-1604,Palace refutes possible ‘energy lockdown’ in PH despite oil supply woes,"Employees fill tanks at a gas station in Quezon City on June 28, 2019. George Calvelo, ABS-CBN News/File MANILA — Malacañang on Friday dismissed worries over a possible ""energy lockdown"" as tightening oil supply force pump prices to continuously hike nearly a month since the Middle East war broke out. “Sa ngayon po, as we speak, wala po tayong nakikita,” Communications Undersecretary Claire Castro told Palace reporters. The Department of Energy (DOE) has issued guidelines to allow the use of cheaper fuel and more coal to generate electricity, she said. “The ERC (Energy Regulatory Commission) has now suspended the electricity market so we can have more coal, renewable energy and even Malampaya-assisted power… All that and more para posibleng maibaba ang presyo,” she said. “Maganda din po na ang mga solar companies ay maka-comply sa kanilang mga obligasyon,” she added. The Philippine government is also coordinating with other countries to ensure that there will be sufficient supply while tensions in the Gulf region remain high, the Palace official said. “Ayaw po nating mapunta sa worst case scenario. Naghahanap po talaga tayo ng sources para yung supply ng petrolyo ay hindi mahinto at magtuloy tuloy din po para sa ating mga kababayan,” Castro said. “Ang sabi din po niya (Marcos Jr.), there is nothing to be panicked about,” she said. “Ang pagsasagawa ng Executive Order 110 ay para hindi tayo makarating sa tinatawag na krisis. Ang lahat ng maaring ibigay na tulong, proyekto para maibsan ang impact na krisis ay gagawin,” she said. Earlier this week, Marcos Jr. declared a state of national energy emergency to allow government to have more leeway in the procurement of additional oil supply, and signed a bill allowing the executive branch to suspend or reduce excise tax on petroleum products. Despite these measures, pump prices continue to hover around P100 per liter leaving consumers calling for more interventions from the government. Malacañang maintained that it is still in the process of studying the implementation of a price freeze, noting that the government needs to balance the interests of all sectors.",0.098315,Negative,Neutral,Negative,,,,
34862,ABS-CBN,2026-03-27T08:29:08+00:00,https://news.abs-cbn.com/Peso hits new historic low of P60.55 vs dollar,Peso hits new historic low of P60.55 vs dollar,"MANILA — The Philippine peso continued to fall anew, touching a fresh record low of P60.55 to the dollar. This was lower than the P60.30 to the US dollar at the close of trading on March 23. In a Thursday press briefing, Bangko Sentral Governor Eli Remolona said the central bank is looking at all data and information as they remain vigilant to keep prices stable amid the war in the Middle East. He also assured the public that the weakening of the peso is not necessarily a bad thing.  “So far it hasn’t merited heavy intervention... The peso, where it’s going, seems to help with our current account deficit, seems to help with our exports. It’s not necessarily a bad thing,” he added. The next scheduled Monetary Policy meeting will be on April 23, 2026. Remolona said with the ongoing conlfict abroad, they may hold more off-cycle meetings.",0,Negative,Negative,Negative,,,,
33888,ABS-CBN,2026-03-28T11:15:57.369334+00:00,https://news.abs-cbn.com/news/business/2026/3/28/motorist-assistance-program-to-roll-out-in-expressways-during-holy-week-1411,Motorist assistance program to roll out in expressways during Holy Week,"MANILA — The Metro Pacific Tollways Cor. (MPTC) and its network of expressways announced it is rolling out a motorist assistance program from March 27 to April 6, in preparation for the expected surge of commuters during the Holy Week break. The motorist assistance program includes: Roadworks, lane closures, and maintenance activities will be suspended during this period. Traffic teams are also on standby to activate counterflow schemes when conditions permit. MPTC reminded the public planning to traverse NLEX to anticipate heavy northbound traffic from Wednesday afternoon to Thursday afternoon. Increased southbound volume may also be expected during the afternoon and evening hours on Saturday and Sunday. Motorists are also advised to expect heavy southbound traffic on early Monday morning. MPTC also reminded motorists to ensure sufficient balance in their RFID accounts, inspect their vehicles before traveling, stay well-rested, and follow speed limits and traffic regulations. Updates are available via the official social media pages as well as the MPT DriveHub app, to keep motorists informed on the latest situation on the MPTC expressways, it said. NLEX Corp. on Friday said it is already seeing a 3-percent increase in traffic volume ahead of the Holy Week on top of the normal daily average of 360,000 vehicles. Expressway concessionaires previously announced a two-month toll discount for PUV, PUB and freight services starting March 23 to cushion the impact of the surging oil prices. Meanwhile, the Metropolitan Manila Development Authority assured the public it is implementing a 'no-absent, no day-of'f policy among its frontline personnel, especially traffic enforcers and deputies who will assist motorists during the Holy Week break. The agency reminded the public to immediately contact MMDA's Hotline 136 for assistance. MANILA — Prices of fish and vegetables at the Pasig City Mega Market remain mostly stable as Holy Week approaches, though vendors and consumers anticipate potential increases in the coming days due to higher demand. Fish vendor Owen Tentengco said supplies are still adequate, helping keep prices manageable for now. “Medyo bumaba ngayon nang konti. Ewan lang natin sa Holy Week kung baka medyo tumaas. Depende sa dating ng kalakal yun,” he said. He added that sellers avoid raising prices unnecessarily. “Ang hirap din magbenta pag mahal. Kaya hindi kami nagtataas,” he added, noting that any adjustment may begin midweek. “Siguro Miyerkules Santo, tataasan. Pero Lunes Santo hanggang Martes Santo, wala pa.” Shoppers also expect movement in prices. Roberto Ramos, who plans to prepare fish and vegetables for Holy Week, said that while prices remain manageable, increases are possible. “Sa ngayon, di pa gaano ramdam pero baka sa susunod na araw, tataas na rin lahat ng mga bilihin dito,” he said. Vegetable vendor Maybelle confirmed that only carrots have shown early movement. “Ngayong paparating na Holy Week, baka tumaas pa yung presyo ng gulay. Di ba bawal sa karne ngayon,” she said. “Yung mga kinukuhanan din, tumataas yung presyo tas tumataas rin kami,” she added. “Pag tumataas yung gasolina, tumataas rin yung presyo.” For households with tight budgets, the anticipated increases pose a challenge. Neng Alcantara, who allocates P6,000 for a week’s supply of food for a 10-member household, said price hikes strain their budget. “Pag tumataas yung bilihin… parang masakit sa dibdib yun. Katulad naming mahihirap, hindi kaya ang budget na malaki. Kailangan maliit lang. Magkano lang naman ang kinikita namin sa isang buwan. Magpalagay na 10,000, kakasya ba yun?” she added. Below are fish prices as of March 28, 2026: Vegetable prices as of March 28, 2026: Vendors expect more noticeable movement midweek, as households prepare for the traditional abstinence from meat.",0.071667,Neutral,Positive,Positive,,,,
33892,ABS-CBN,2026-03-28T11:18:37.73084+00:00,https://news.abs-cbn.com/news/regions/2026/3/28/cebu-workers-seek-p100-wage-hike-amid-middle-east-crisis-1033,Cebu workers seek P100 wage hike amid Middle East crisis,,0,Negative,Neutral,Negative,,,,
34052,ABS-CBN,2026-03-28T11:19:35+00:00,https://news.abs-cbn.com/news/regions/2026/3/28/widow-of-baguio-based-photog-heaven-is-my-husband-and-daughter-1919,Widow of Baguio-based photog: 'Heaven is my husband and daughter',"The widow of a Baguio-based photographer who died during a charity mission in Itogon, Benguet on Friday tells how she will miss her husband, whom she described as her “heaven"". Ma. Joanne Hendrix Ongchangco told ABS-CBN News her last moments with husband Neil Clark Ongchangco, who died Friday afternoon. “Yung the day before kasi nung outreach is graduation ng anak namin sa kinder, so parang we spent the day umattend nung graduation tapos nagpunta kami sa (Camp) John Hay after. Tapos yun, kinagabihan..natulog kami ng maaga kasi maaga din siyang aalis,” Ongchangco said. According to Ongchangco, it has been common for her husband to join missions to give back to the community. Neil is a member of Baguio Photographers Club who regularly conducts a free photo session to graduating students in their community. “Tradition kasi yun ng Baguio Photographers Club na kapag may mga graduating na students, parang regalo ng club na bibigyan nila ng graduation portrait,” Ongchangco. She vividly recalled that on the early morning of Friday, her husband woke up early for the scheduled mission. Ongchangco said her husband was able to attend the kindergarten graduation of their 6-year old daughter Camille. “Maaga siyang umalis…the day before kasi nung  outreach is graduation ng anak namin sa kinder, so we spend the day na umattend nung graduation - nag-bonding kami sa (Camp) John Hay after, tapos parang kinagabihan, natulog kami ng maaga kasi maaga siyang aalis,” Ongchangco recalled. She is now trying to explain their situation to her daughter, but admitted she doesn’t know how. “Ang alam lang niya, wala na yung papa niya - pero yung concept ng death na kung ano yung consequences, kung ano yung mangyayari after, wala siyang idea - basta ang alam lang niya, wala na yung papa niya,” Ongchangco told ABS-CBN News. Ongchangco shared that she and her husband never had heated arguments, describing him as gentle and loving. “Very gentle, kasi malambin…hindi kami yung nag-aaway na nagsasagutan, walang ganon. Kapag naramdaman na namin yung tension, tumatahimik na kami - hintayin naming kumalma kami tsaka kami mag-uusap,” said Ongchangco. Ongchangco described her relationship with her husband and their daughter as “heaven.” “Kasi yung concept ko ng heaven is yung nasa-sandwich ako nung anak ko tapos yung husband ko. Yung magkakatabi kaming matulog, yun na yung simpleng kaligayahan ko sa araw-araw. At the end of the day, katabi ko siyang matulog, katabi ko yung anak kong matulog…tas hindi ko alam kung paano kasi wala na siya,” Ongchangco said.",0.140553,Negative,Negative,Negative,,,,
33895,ABS-CBN,2026-03-28T11:20:49.862957+00:00,https://news.abs-cbn.com/news/nation/2026/3/28/on-father-s-birthday-vp-sara-thanks-duterte-supporters-for-their-loyalty-1040,"On father's birthday, VP Sara thanks Duterte supporters for their loyalty","MANILA (UPDATED) — Vice President Sara Duterte on Saturday  thanked her father former President Rodrigo Duterte's followers and supporters for their loyalty as she stressed on his birthday that his detention by the International Criminal Court is a matter of national sovereignty. In a message, Duterte thanked ""groups, volunteers, and the millions of Filipinos here and abroad"" who she said organized celebrations for her father's birthday. ""Your loyalty to him is a testament to a leadership that truly prioritized the safety and dignity of every Filipino family,"" she said. ""But as we celebrate, we also stand firm. The defense of his rights is a defense of our national sovereignty."" The Dutertes and their supporters have taken the position that the former president was kidnapped when the Philippine National Police arrested him in March 2025 and transported him to The Hague in the Netherlands. The government has said it was fulfilling a commitment to assist the Interpol in serving arrest warrants. The ICC's Pre-Trial Chamber I held confirmation of charges proceedings last month on crimes against humanity allegations against the elder Duterte related to his bloody but popular ""war on drugs"" while he was president. ""We must remain vigilant against the weaponization of the law and the unconstitutional intrusion of foreign bodies that seek to bypass our own courts,"" Vice President Duterte said. ""Our justice system must remain independent, serving only the mandate of the Filipino people and never the interests of foreign powers."" Vice President Duterte also joined the Parada Dabawenyo civic parade on Saturday to culminate the 89th Araw ng Davao, the city’s founding anniversary celebration. Traditionally held in mid-March, this year’s parade took place on March 28 to coincide with the former president's 81st birthday. More than 400 contingents from local government units, educational institutions, organizations, and other sectors participated in the parade, which did away with floats and vehicles because of the fuel crisis. Various groups and organizations supporting the Dutertes also joined the parade and called for his release. Vice President Duterte and her political allies arrived at San Pedro Square to deliver speeches. Among those in her entourage were former Marcos supporter Vic Rodriguez; Cavite 4th District Rep. Francisco “Kiko” Barzaga;  Reina Mercedes, Isabela Vice Mayor Harold Respicio; Batangas 1st District Rep. Leandro Leviste and former Comelec Commissioner Rowena Guanzon. — with Hernel Tocmo MANILA — Motorcycle taxi and delivery riders received assistance from the Department of Social Welfare and Development and the Land Transportation Franchise and Regulatory Board on Saturday, as government distribution of aid continued for a second week. As of 12 noon, around 4,250 riders had already received their P5,000 subsidy at the Quezon Memorial Circle. One of them was 29-year-old Noel Ebora, who went straight to a gasoline station to fill up his tank before beginning his shift as an MC taxi rider. ""Malaking tulong po ito para sa mga rider po katulad po namin mga nagtatrabaho kasi po bihira lang naman po ito… magpagas po ano nito para mamaya daretso biyahe ma po,"" Ebora said. With only two bars of fuel left beforehand, he spent P300 to get a full tank. The remaining P3,700 will go to his wife and three children to help cover household expenses for the Holy Week, especially with the kids currently on school vacation. ""Kay misis po pangbayad po ng kuryente, mga bill… Hanggang tatlong araw lang po siguro… Matumal ang biyahe sa Holy Week. After Holy week, wala na, back to biyahe na ulit,"" Ebora added. Meanwhile, not everyone who lined up was able to receive their subsidy. Mark Manzano, 32, arrived at the Circle as early as 6 a.m., but after four hours of waiting in line, he was informed that he was not included in the list of beneficiaries. He had planned to use the subsidy for household expenses and for his five-month-old baby. ""Nakakadismaya syempre, ang haba-haba ng pila namin, alas-6 pa kami dito eh... Sana hindi sila namimili, dapat lahat ng rider nabibigyan. Kahit kasi bawat platform tanggap sila ng tanggap tapos pagdating ng mga tao eh, pagdating ng ganitong sitwasyon wala siła,"" Manzano complained. DSWD Secretary Rex Gatchalian said a special payout will be arranged for drivers who were not included in the list. ""Alam natin na, like here, ang listahan galing sa mga TNC (transport network company) nila, may mga ilan-ilan pa rin na hindi nasama ng mga kumpanya nila, ng mga platform nila. So we will talk to their platforms to give us the (complete) list,"" he explained. A rider volunteer from a ride-hailing company assisting those not on the list said some names may have been excluded due to a system error. ""Baka kasi nagkaroon ng mga lapses, nagkaroon ng error sa system kasi meron mga nagsasabi yung mga bago[ng rider sa kumpanya] na isama tapos yung matatagal ang wala sa listahan,"" explained Jethroy De Mesa, a rider volunteer assistant of JoyRide Superapp. ""Pinapai-scan na QR code para po ito sa mga wala yung sa listahan. Bali magkakaroon ng panibagong data para maisama sila sa susunod na payout… special payout kung tawagin"" he added. Meanwhile, a viral social media post of a jeepney driver asking passengers for extra tips has raised questions about how short-lived these subsidies are. Gatchalian said he had seen the post and reassured the public that the cash assistance program will continue as long as fuel prices keep rising amid the conflict in the Middle East. ""Sasabayan natin itong patuloy na pagtaas ng presyo ng petrolyo. Pauna lang po, may second and I hope may third pa. Ang assurance namin sa inyo, walang tsuper na maiiwanan at sisiguraduhin namin na sa oras ng kagipitan kasama niyo kami,"" Gatchalian added. Fuel prices are expected to continue to increase further in the coming weeks, along with LPG and electricity rates. MANILA — Acting Justice Secretary Fredderick Vida is eyeing a ‘zero backlog’ on the Good Conduct Time Allowance (GCTA) applications of persons deprived of liberty (PDLs). He said digitalization efforts have been helpful in expediting the processing of applications for the policy, which incentivizes good behavior by giving PDLs a chance at earlier release. “I think we're on the right trajectory. ‘Yung projection natin na very soon, very soon, we will have zero backlog na in processing of all the GCTA applications,” he told ABS-CBN News in an exclusive interview after he led a ceremonial activity for the release of 1,239 persons deprived of liberty (PDLs) from February 14 to March 28, 2026 at the New Bilibid Prison in Muntinlupa City Saturday, March 28. Vida said around 31,000 GCTA applications have been approved under the Marcos Jr. administration, which he said is more than the past three administrations have granted. ""Less than 2,000"" are still under review, according to Vida. The acting DOJ chief said he will provide a more comprehensive report on his press briefing next week as he marks his 100th day in the post. Meanwhile, the Bureau of Corrections said the zero backlog goal “signals stronger support for prisoners’ rights and rehabilitation.” It also said, quoting Director General Gregorio Catapang Jr., that releasing PDLs “alleviates overcrowding in detention facilities but also gives former inmates a chance to rebuild their lives and contribute positively to society.” In his speech, Vida encouraged the newly released PDLs to ""recover"" their lives ""one step at a time"". He told the PDLs that the Bureau of Corrections and their release have given them a second chance. “Bagong yugto ng inyong buhay. Pero tandaan niyo ho, ang paglalakbay, sainyo po ‘yan. It’s a journey you need to take,” he said. “Tandaan niyo, baunin niyo ang aming pag-asa at pagmamahal na nawa ang aming naibahagi sa inyo ay sapat na para sa bago niyong paglalakbay,” Vida added. The acting justice chief further appealed to communities to give the PDLs anot…",0.065201,Neutral,Positive,Neutral,,,,
33970,ABS-CBN,2026-03-28T13:10:04.348015+00:00,https://news.abs-cbn.com/news/world/2026/3/28/yemen-s-houthis-confirm-launching-attack-on-israel-1915,Yemen's Houthis confirm launching attack on Israel,"Yemen's Iran-aligned Houthis confirmed on Saturday (March 28) that they have launched missiles at Israel, their first such attack since the Iran war began, while Secretary of State Marco Rubio said the U.S. expected to conclude military operations within weeks.The Houthis, whose involvement risks broadening and prolonging a war that has entered its fifth week, said their operations would continue until the ""aggression"" on all fronts ended.Israel said it had intercepted a missile from Yemen.The Houthis had said on Friday (March 27) they were prepared to act if what the group called an escalation against Iran and the ""Axis of Resistance"" continued in the war.The group has shown an ability to strike targets far beyond Yemen and disrupt shipping lanes around the Arabian Peninsula and the Red Sea, as they did in support of Hamas in Gaza after October 7, 2023.The war, launched with U.S. and Israeli strikes on Iran on February 28, has spread across the Middle East, killing thousands and causing the biggest disruption ever to energy supplies, hitting the global economy and fuelling inflation fears.(Production: Khaled Abdullah, Abdulrhman Al-Ansi, Lisa Giles-Keddie) Northeastern Tehran experienced heavy bombardment in the early hours of Saturday as the Iranian capital came under one the most intense aerial strikes from the United States and Israel over the recent days.Explosions flashed and dense smoke billowed over the skyline of the capital, while the intermittent roar of air defense interceptors echoed across multiple districts, according to a China Media Group (CMG) reporter on the ground.Based on the reporter’s observation, the latest round of airstrikes may be the most significant one by United States and Israel against Iran recently.Meanwhile, a heavy water research reactor facility in central Iran’s Khondab was attacked by U.S.-Israeli airstrikes on Friday, Iran’s semi-official Fars news agency reported.No casualties or danger to residents in the area have been reported so far, Fars added, citing local authorities.The Atomic Energy Organisation of Iran later confirmed the attack.Furthermore, a yellowcake production plant in central Iran’s Yazd province was also hit by U.S.-Israeli strikes, with no radioactive leaks reported so far, semi-official Mehr news agency reported.The plant, inaugurated in May 2023, produces yellowcake, a uranium concentrate powder obtained from leach solutions and serving as an intermediate step in the processing of uranium ores.The Israel Defense Forces confirmed the two attacks in two statements. MINNEAPOLIS — Massive nationwide protests against US President Donald Trump are expected Saturday as millions of people vent fury over what they see as his authoritarian bent and other forms of cruel, law-trampling governance. It is the third time in less than a year that Americans will take to the streets as part of a grassroots movement called ""No Kings,"" the most vocal and visual conduit for opposition to Trump since he began his second term in January 2025. And now they have something new to fume over -- the war in Iran that Trump launched alongside Israel, with ever-shifting goals and timelines for completion. The first such nationwide protest day came in June on Trump's 79th birthday and coincided with a military parade in Washington that he insisted on holding. Several million people turned out, from New York to San Francisco and many places in between. The second ""No Kings"" day in October drew an estimated seven million protesters, according to organizers. The goal now is to bring out even more people on Saturday, as Trump's approval rating is low at around 40 percent and midterm elections loom in November, when Trump's Republicans could lose control of both chambers. Just as Trump is worshipped by many in his ""Make America Great Again"" movement, on the other side of America's wide political chasm he is disliked or even loathed with equal passion. Trump foes bemoan his penchant for ruling by executive decree, his use of the Justice Department to prosecute opponents, his embrace of fossil fuels and climate change denial even as the planet warms, his fight against racial and gender diversity programs, and his newfound taste for flexing US military power after campaigning as a man of peace. ""Since the last time we marched, this administration has dragged us deeper into war,"" said Naveed Shah of Common Defense, a veterans association that belongs to the ""No Kings"" movement. ""At home, we've watched citizens killed in the streets by militarized forces. We've seen families torn apart and immigrant communities targeted. All of it done in the name of one man trying to rule like a king,"" Shah said. Organizers say more than 3,000 rallies are planned, an increase from the last protest day, in major cities coast to coast and in suburbs and rural areas — even in the Alaskan town of Kotzebue, above the Arctic circle. Minnesota will be a key focal point, returning to the limelight months after becoming ground zero for the national debate over Trump's violent immigration crackdown. Legendary rocker Bruce Springsteen, a fierce critic of the president, is scheduled to perform in St. Paul, the capital of the northern state, his song ""Streets of Minneapolis."" It is a ballad he wrote and recorded in the space of 24 hours in memory of Renee Good and Alex Pretti, Americans shot and killed by federal agents during protests in frigid January weather against Trump's immigration offensive. ""Masked secret police terrorizing our communities. An illegal, catastrophic war putting us in danger and driving up our costs. Attacks on our freedom of speech, our civil rights, our freedom to vote. Costs pushing families to the brink. Trump wants to rule over us as a tyrant,"" the ""No Kings"" movement said. It said what began in 2025 as a simple day of defiance has mushroomed into a powerful movement of national resistance to the Trump administration. Organizers say two-thirds of those who plan to rally Saturday do not live in big cities, which in America are often Democratic strongholds — a data point that is up sharply since the last protest. ""America is at an inflection point,"" said Randi Weingarten, president of the American Federation of Teachers. ""People are afraid, and they can't afford basic necessities. It's time the administration listened and helped them build a better life rather than stoking hate and fear.""",0,Negative,Negative,Negative,,,,
34277,ABS-CBN,2026-03-29T03:47:27+00:00,https://news.abs-cbn.com/news/nation/2026/3/29/thousands-fill-quiapo-church-for-palm-sunday-1147,Thousands fill Quiapo Church for Palm Sunday,"MANILA — Thousands of Catholic faithful flocked to the Minor Basilica & National Shrine of Jesus Nazareno on Sunday to commemorate Jesus Christ’s triumphant entry into Jerusalem, known as Palm Sunday. The celebration began with a solemn procession from Carriedo Street to the Basilica, where devotees waved their palms for blessing. Palm Sunday signals the start of Holy Week. The day’s Gospel reading focused on the Passion Narrative, recounting the final events in the life of Jesus Christ, including His arrest, trial, suffering, carrying of the cross, and crucifixion. During the reading, priests are joined by lectors who also recite parts of the narrative. ""Ating natunghayan na ang sinakyan talaga ng ating Panginoon papunta sa Jerusalem ay hindi pandirigmang kabayo na sumisimbolo ng kapangyarihan at lakas, kundi isang asno o donkey,"" Licuanan said. ""Kagaya ng Panginoong Hesus, tanggapin natin: Mamatay kung mamatay pero hindi ako gagawa ng mga bagay na ikasasama ko sa harap ng Panginoon,"" he added. Some devotees traveled from provinces to attend the services. Among those who traveled from provinces to attend was Seb Berres from Dasmariñas, Cavite. It is his tradition to visit three churches every year: Quiapo Church, the National Shrine of Our Mother of Perpetual Help in Baclaran, and the National Shrine of Our Lady of Peace and Good Voyage in Antipolo. He brought along his niece, who was attending Quiapo for the first time. ""Naisipan kong mag-abroad tapos syempre kailangan ng help… pagkatapos mag-apply, magsisimba sa Quiapo,"" he said. “Siguro blessing na nakapunta ako sa ibang bansa sa tulong ng [Diyos]. Kaya every year, kailangan ko masimbahan yung tatlong yun.” Friday of Sorrows observed as Catholics honor Mary’s grief ahead of Holy Week Mary Jane Suyat, who traveled from La Union, prayed for a safe trip to Qatar as she prepares to return as an OFW after two decades. She attended the Mass with her nephew and aunt, also first-timers at Quiapo. “Bumyahe po ako [papuntang Quiapo] bago papuntang ibang bansa. Gusto ko sana ma-blessan dito sa Nazareno,” she said. On her first experience at Quiapo Church, she shared: “Magaan sa loob. Pagpasok ko pa lang, e talaga yung pakiramdam ko talaga na-accept niya ako.” According to the church administration, a total of 12 Masses are scheduled today. Morning services are held hourly from 6 a.m. to 11 a.m., while afternoon Masses are at 12:15 p.m., 3 p.m., 4 p.m., and 5 p.m., with evening services at 6 p.m. and 7 p.m. Security personnel at Quiapo Church reported the following attendance figures earlier in the morning: Meanwhile, Church authorities reminded attendees to take care of themselves and their belongings while inside the basilica and advised bringing water due to the hot weather.",0.05423,neutral,positive,positive,,,,
34357,ABS-CBN,2026-03-29T15:58:24+00:00,https://news.abs-cbn.com/news/world/2026/3/29/iran-accuses-us-of-plotting-ground-attack-despite-diplomatic-talk-2358,Iran accuses US of plotting ground attack despite diplomatic talk,"A view of a damaged residential neighborhood following a military strike on the Iranian capital Tehran on March 15, 2026. Atta Kenare, AFP TEHRAN, Iran -- The speaker of Iran's parliament accused the United States on Sunday of plotting a ground attack despite publicly pushing for a negotiated deal, after a US warship with around 3,500 military personnel arrived in the Middle East. Mohammad Bagher Ghalibaf's comments come after more than a month of aerial bombardments by Iran by US and Israeli forces, and as key regional players met to hold talks in Pakistan. The war has escalated into a regional conflagration as Iran has retaliated with attacks on Gulf states, sending energy markets into a tailspin and threatening the world economy. ""The enemy publicly sends messages of negotiation and dialogue while secretly planning a ground attack,"" Ghalibaf said in a statement carried by the official IRNA news agency. ""Our men are waiting for the arrival of the American soldiers on the ground to set them on fire and punish their regional allies once and for all,"" he added. The USS Tripoli, an amphibious assault ship carrying around 3,500 Marines and sailors, arrived in the Middle East on Friday. The Washington Post reported the Pentagon was preparing plans for weeks of ground operations -- potentially including raids on sites near the Strait of Hormuz -- though US President Donald Trump has yet to approve any deployment. 'Strait of Trump': US president says Iran must open key waterway Iran says it has effectively blocked the Strait of Hormuz, a vital shipping lane which previously accounted for a quarter of the world's seaborne oil trade, to hostile shipping. Trump has repeatedly spoken of diplomatic contacts with Iran, although these claims have been denied by Tehran. Pakistan, acting as a go-between for Washington and Tehran, hosted foreign ministers from Saudi Arabia, Turkey and Egypt in Islamabad for talks on the crisis. The four-way meeting between the top diplomats of the Muslim nations was slated to discuss ""a range of issues, including efforts to de-escalate tensions in the region"", Pakistan's foreign ministry has said. - 'All of Tehran was shaking' - In Tehran, two blasts shook the city early Sunday, an AFP journalist said, although it was not clear what was targeted. The Qatari news channel Al Araby said an Israeli missile hit the building housing its office in the city. Footage from inside the office showed broken windows and shattered glass. Outside, images showed the streets covered in debris and damage to surrounding buildings. The channel said in a statement to AFP that it ""condemns this attack on a civilian commercial building and affirms that endangering journalists or considering them targets runs counter to international law"". ""I miss a peaceful night's sleep,"" an artist in Tehran told AFP, saying night-time strikes were ""so intense it felt like all of Tehran was shaking"". READ: Iran says US, Israeli strikes damage 120 museums, historic buildings Farzaneh, a 62-year-old woman in Iran's western city of Ahvaz contacted by AFP from Paris, said: ""People wake up each day worried about an uncertain future."" Ghalibaf on Sunday called for unity among Iranians, saying the country was in ""a major global war"" that was ""at its most critical stage"". ""We are certain that we can punish the United States, make it regret attacking Iran, and firmly secure our legitimate rights,"" he said. - Strikes on industry in Gulf - Iranian forces said they had fired a volley of missiles and drones at plants belonging to two of the world's largest aluminium producers in Bahrain and the United Arab Emirates, targeting what they described as industries linked to the US military. Emirates Global Aluminium (EGA) said an Iranian attack wounded six and caused significant damage to its plant, while Bahraini state media said two Aluminium Bahrain (ALBA) employees were injured in a second attack. As the specter of a widening conflict grew, Yemen's Houthis on Saturday claimed their first attack of the war, firing what they described as ""a barrage of cruise missiles and drones"" at strategic sites in Israel. The attacks raised concern about the war spreading to the Red Sea, with Saudi Arabia rerouting much of its oil exports there to avoid Hormuz. During Israel's recent war in Gaza, the Houthis, claiming solidarity with the Palestinians, attacked shipping in the Red Sea and Gulf of Aden, forcing companies to take costly detours. On another front, Israeli attacks have continued in Lebanon, which was drawn into the war when Tehran-backed Hezbollah fired rockets at Israel on March 2. On Saturday, the Israeli military killed three journalists in the south. READ: 'No Kings' protests — Trump critics rally across the US Lebanese authorities, including President Joseph Aoun and Prime Minister Nawaf Salam, condemned the killings as war crimes, while Israel alleged that one of the slain reporters was also a member of an elite Hezbollah combat unit. Hundreds of people gathered in the rain for the funeral of the three journalists near Beirut on Sunday. An Israeli strike on an ambulance belonging to the Hezbollah-affiliated Islamic Health Committee killed one paramedic and his patient Sunday, the group's spokesperson said. The incident came a day after at least nine first aid workers were killed by Israeli strikes on southern Lebanon. On Sunday the Israeli army announced the death in combat of a soldier in south Lebanon. At a vocational institute north of Beirut, displaced mother Nasima Ismail signed up her children for services despite few resources as the war interrupts education for hundreds of thousands of students. ""I want them to complete their education, even if we are left with nothing,"" she said. ""I wish them days better than ours.""",0,negative,negative,negative,,,,
34343,ABS-CBN,2026-03-30T03:40:10+00:00,https://news.abs-cbn.com/news/nation/2026/3/30/driver-sa-viral-gas-and-run-incident-may-profile-na-qcpd-1140,Driver sa viral 'gas-and-run' incident may profile na—QCPD,"Contributed photo/ABS-CBN News/File MAYNILA — May profile na ang Quezon City Police District ng driver ng sasakyan na tumakas matapos magpa-full tank sa isang gasolinahan sa Balintawak, Quezon City. Sa exclusive video na nakuha ng ABS-CBN News, kita ang isang lalaki na bumaba sa puting sasakyan sa may EDSA Caloocan hatinggabi ng March 22. Lumabas na ilang minuto ito bago siya nagpakarga sa target na gasolinahan sa Balintawak. Sa iba pang anggulo ng CCTV, kita na may takip na ang plaka nito sa likuran. Ayon sa pulisya, malaki ang tsansa na sa oras na ito tinakpan ng suspect ang likurang plaka ng kanyang sasakyan. ""More or less 5'2 to 5'5 yung height niya, wearing black shirt and pants at naka-slippers. Kitang-kita sa CCTV na lumabas siya at may chineck sa kanyang likuran. Isa pong magandang footage yan, malalaman na natin, ine-enhance na ng cybercrime group itong CCTV para lumiwanag at makita natin ang mukha niya,"" sabi ni Police Brigadier General Randy Glenn Silvio, Director ng Quezon City Police District. Gas and run? Driver tumakas matapos magpa-full tank sa QC Nakakalat na rin ang mga tauhan ng PNP sa iba't ibang pangunahing kalsada gaya ng mga expressway para suyurin ang mga CCTV. ""Tuloy-tuloy po ang pag-iimbestiga natin sa case na ito. Ang mga tropa natin nasa field pa rin, nagre-review po ng forward at backtracking ng footages ng mga CCTV at meron na rin tayong suspect dito. Meron na rin tayong forward projection natin, meron din tayong tropang naka-standby sa NLEX, SLEX may mga numbers ng combination ng plaka na ni-request na tayo,"" sabi ni Silvio. ""Kung ako lang po ang nasa kanyang katayuan, mas maganda nang mag-report siya sa kanyang barangay at magpaliwanag at sumurrender para mas madali na ang pag-iimbestiga, habang tinatagalan niya yung pagtatago niya o hindi siya nagpapakilala,"" dagdag niya. Nagpaabot na rin ng tulong ang pulisya sa pump attendant matapos malamang ikakaltas sa empleyado ang natangay na P5,196 na halaga ng diesel sa gas station. ""Nag-contribute po yung ating mga police officers, from La Loma, para po tumulong sa gasoline boy,"" sabi ni Silvio. Sa mga may impormasyon sa kinaroroonan o pagkakakilanlan ng driver ng sasakyan, makipag-ugnayan lamang sa pinakamalapit na tanggapan ng PNP. Sakaling maaresto ang suspek ay posible siyang maharap sa reklamong estafa.",0.246914,negative,negative,negative,,,,
34517,ABS-CBN,2026-03-30T06:57:34+00:00,https://news.abs-cbn.com/news/nation/2026/3/30/comelec-en-banc-impeachment-sought-1457,Comelec en banc impeachment sought,"The Palacio Del Gobernador headquarters to the Commission on Elections in Intramuros Manila on Nov. 11, 2021. Jonathan Cellona, ABS-CBN News MANILA — A group of lawyers wants the impeachment of the Commission on Elections en banc for alleged betrayal of public trust, other high crimes, and violations of the Republic Act 8436 or the automated election system law. The lawyers, Marvin Aceron and Sikini Labastilla, were joined by Robby Kwan Laurel, who introduced himself as a social entrepreneur, in a press conference at the Club Filipino, Monday morning. The group admitted no congressman has so far endorsed the complaint, which is a constitutional requirement before the House of Representatives can even entertain it. The first is for alleged culpable violation of Republic Act 8436 for deploying software version 3.5.0 in all 110,000 automated counting machines used in the May 12, 2025 elections — which they claimed was not the source code subjected to the mandatory review. The second article alleged betrayal of public trust for installing and operating an unauthorized intermediary server through which all election results were routed before reaching the five accredited transparency servers — leaving Parish Pastoral Council for Responsible Voting (PPCRV) and National Citizens' Movement for Free Elections (Namfel) without results for over two hours after polls closed. WRAP: Alleged issues in automated Halalan 2025 The third article accused Comelec Chairman George Erwin Garcia of betrayal of public trust for concealing the deployment of a single private IP address for 20,300 vote-counting machine modems. ""Confident ako kasi ang pinakaunang ebidensya dito are direct admissions of Commissioner Garcia himself. Siya mismo ang umamin sa lahat ng pagkakamali nila. And I'm pretty sure maraming mga taong nadaya dyan dahil sa mga pinagagawa nila,"" Aceron said. The final charge alleged the respondents committed betrayal of public trust for ""the systematic and selective enforcement"" of campaign finance laws. ""Look at all their credentials. They do not have any outstanding academic record. None of them. What they have are political affiliations,"" Aceron said of the Comelec en banc. Garcia said the complaint raised ""old issues"" that he had previously addressed. ""Ang resulta at credibilidad  ng 2022 at 2025 eleksyon ay napatunayan ng random manual audit, mga revision ng balota sa iba't ibang posisyon at lugar, mga citizens' arm, observers, at kinilala ng international community,"" he said.",0.044737,negative,negative,negative,,,,
34780,ABS-CBN,2026-03-30T10:57:02+00:00,https://news.abs-cbn.com/PH in a good location to be a data center hub: DICT,PH in a good location to be a data center hub: DICT,"MANILA — The Philippines needs to capture what Information and Communications Technology Secretary  Henry Aguda described as the “next oil”— data. At the 3rd Telco Forum organized by the Anti-Red Tape Authority (ARTA), Aguda said the country is positioned to become a data center hub of the region because of the country’s strategic location and ongoing economic reforms. READ: Biz groups working with ARTA to speed up business permit reform He said fiber optics pass through the Philippines linking Asia with the US and other parts of the world, without having to pass through conflict zones like the Middle East. “If you go by the geography of the Philippines, we straddle the Pacific and the ASEAN side of the ocean. We’re in between. There’s no way for them to go through the equator without going through Luzon or Mindanao,” Aguda said. “If there’s Hormuz Strait for oil, there’s the Philippines for the next oil- which is data,” he added, saying this adds opportunities for transit toll revenues. Aguda said the conflict has challenges and opportunities for the country, and one opportunity is in the data center business. “Because of the conflict regions, they are now looking for a new place to locate their data and guess where they’ll locate it in. It’s going to be the Philippines,” he said. They are also reviewing a data sovereignty act and a data embassy policy to entice foreign companies to store their data in the Philippines, which has a growing data center industry. Currently, the Philippines has about 200 MW capacity of data centers. The DICT chief added: “Meta is already crossing the Philippines through the bypass. I won’t name names but two more of the major operators are going to go through the Philippines. Soon, the three household names that provide our social media platforms will go to the Philippines.” Because of this, ARTA wants to further streamline the processes to build data centers in the country. ARTA Secretary Ernest Perez admits there are still challenges, but he hopes agencies can improve the system and implement the reforms. “Always the challenge about the implementation. We’re looking at the LGU level. We’re looking at simplification of permitting process,” Perez said. He added, “We have Executive Order 32, we have Konektadong PInoy, we have the E-Gov Act recently passed, the challenge now is how to implement this.” There are several data centers in the country and more are being built due to the high demand for such facilities especially with rise of artificial intelligence.",0,negative,positive,positive,,,,
35153,ABS-CBN,2026-03-30T16:33:55+00:00,https://news.abs-cbn.com/news/nation/2026/3/31/suspek-sa-gas-and-run-sa-gasolinahan-sa-balintawak-sumuko-na-sa-pulisya-0033,"Suspek sa 'gas and run' sa gasolinahan sa Balintawak, sumuko na sa pulisya","MAYNILA — Sumuko na sa La Loma Police Station 1, Lunes ng gabi ang suspek na nag “gas and run” sa isang gasoline station sa Balintawak, Quezon City noong Marso 22. Sinabi ni Police Lt. Col. Jose Luis Aguirre na sa pamamagitan ng back tracking ay natunton ang kinaroroonan ng suspek. “Galing po siya ng Bulacan, nakausap po kasi namin yung may-ari ng sasakyan at kinausap niya ‘tong driver niya na sumuko nalang at para maibigay niya rin yung sagot niya sa mga katanungan natin,” ani Aguirre. Emosyonal naman na nagpaliwanag ang suspek na napag-alamang isang TNVS driver. Depensa niya, halos wala na itong kinikita sa trabaho at ₱100 hanggang ₱150 na lang ang kanyang naiuuwi dahil sa mahal na gasolina bukod pa na matumal na ang biyahe kaya niya nagawang takbuhan ang gasoline station. “Kasi wala po akong mauwing pera. Hindi na po ‘to mauulit,” paliwanag ng suspek. Humingi rin siya ng tawad sa gasoline station staff. “Humihingi po ako ng pasensya sa ginawa ko,” dagdag pa niya. Nag-harap na rin ang biktimang gasoline boy at ang suspek sa police station. “Panatag naman na po ako kasi sumuko naman na po siya,” sabi ng biktima. Pero ayon sa biktima, malaking trauma ang naging epekto sa kanya ng nangyaring pagtakas ng “gas and run” suspek. “Trauma po. Sa bawat karga ko, akala ko kung ano na eh. Kung tatakbuhin po ba. Hindi ako makapag-focus,” aniya. Mahaharap sa reklamong estafa ang nasabing suspek.",0.248031,negative,negative,negative,,,,
35162,ABS-CBN,2026-03-31T00:00:00+00:00,https://news.abs-cbn.com/news/business/2026/3/31/how-to-gracefully-say-no-to-family-and-friends-selling-stuff-you-don-t-need-0800,How to gracefully say no to family and friends selling stuff you don’t need,"It’s tough when the people you love start acting like a sales agent. And this happens to many of us, and many times more than our wallet can afford. Maybe a cousin launches a side hustle, or a friend starts selling skincare, or you are added by your Mom’s friend to a group chat for her latest “business.” You want to be supportive but you also don’t want to buy things you don’t need.  It can be tricky but if you don’t want to end up with matching pajama sets, another vacuum cleaner, or an AI-powered cookware, you’ll have to learn to say no. Here are 7 ways you can protect your wallet without ruining the relationship. You don’t need a long explanation. The more you say, the higher the chances you’ll end up getting convinced.  Keep it simple with “I’m trying to cut back on spending right now”. Put the blame on your budget, and not the product they are pushing.  Most people will understand but if they don’t, that’s not on you. You can also give a practical excuse, something like you bought something similar recently and have had what you need for quite a while.  This is time-tested for consumable products like kitchen towels, laundry detergents, even milled rice.  Not only will you get a pass this time, but the pass can extend to weeks or months. If you can’t support the product, try to support the salesperson instead.  Do they have a social media page you can share to your followers?  Or maybe a photo with a detailed post you can forward to your group chats?  Even naming referrals who you think might be interested (though I suggest check with your referrals first).  By being helpful, you can preserve the relationship without costing you money. #4 Talk about your decluttering phase One of the rules we try to follow at home is one in, one out.  If we want to buy a new pair of shoes, we check what we have and which one can be donated, sold, or thrown away.  This helps keep our closets, our home and our lives more manageable.  Feel free to copy our rule and use this lifestyle as a shield to push back on buying new things. Some family and friends invite themselves to your home to share their product.  These demos can put a lot of pressure on you, leading to an impulse buy.  To manage their expectations, before they even start, share that you don’t buy anything on the same day.  You have to sleep on it and think if it’s a good fit.  You’ll discover it is easier to say no the next day or the next week. Be honest about your needs.  If you don’t cook, buying cookware does not make sense.  If you don’t wear make-up, whatever you buy will surely go to waste.  If your home is fitted with blinds, no point in switching to curtains.  Remember that every unnecessary purchase adds up and eats into your savings or investments. #7 Tell them to check back later Do this only if there is hope you will consider the purchase.  Because some of the offers can be good.  Like an insurance policy you need.  Or a juice cleanse that will help your health and wellness journey.  So you are saying no for now, but it can be a yes later when you have the cash. In the end what will really help is to say no.  Practice makes perfect so keep saying it and hopefully it will save you next time you feel cornered.",0,neutral,negative,negative,,,,
35080,ABS-CBN,2026-03-31T01:52:20+00:00,https://news.abs-cbn.com/Filipinos honor literary legacy of Francisco Balagtas on his 238th birth anniversary,Filipinos honor literary legacy of Francisco Balagtas on his 238th birth anniversary,"MANILA — The Philippines needs to capture what Information and Communications Technology Secretary  Henry Aguda described as the “next oil”— data. At the 3rd Telco Forum organized by the Anti-Red Tape Authority (ARTA), Aguda said the country is positioned to become a data center hub of the region because of the country’s strategic location and ongoing economic reforms. READ: Biz groups working with ARTA to speed up business permit reform He said fiber optics pass through the Philippines linking Asia with the US and other parts of the world, without having to pass through conflict zones like the Middle East. “If you go by the geography of the Philippines, we straddle the Pacific and the ASEAN side of the ocean. We’re in between. There’s no way for them to go through the equator without going through Luzon or Mindanao,” Aguda said. “If there’s Hormuz Strait for oil, there’s the Philippines for the next oil- which is data,” he added, saying this adds opportunities for transit toll revenues. Aguda said the conflict has challenges and opportunities for the country, and one opportunity is in the data center business. “Because of the conflict regions, they are now looking for a new place to locate their data and guess where they’ll locate it in. It’s going to be the Philippines,” he said. They are also reviewing a data sovereignty act and a data embassy policy to entice foreign companies to store their data in the Philippines, which has a growing data center industry. Currently, the Philippines has about 200 MW capacity of data centers. The DICT chief added: “Meta is already crossing the Philippines through the bypass. I won’t name names but two more of the major operators are going to go through the Philippines. Soon, the three household names that provide our social media platforms will go to the Philippines.” Because of this, ARTA wants to further streamline the processes to build data centers in the country. ARTA Secretary Ernest Perez admits there are still challenges, but he hopes agencies can improve the system and implement the reforms. “Always the challenge about the implementation. We’re looking at the LGU level. We’re looking at simplification of permitting process,” Perez said. He added, “We have Executive Order 32, we have Konektadong PInoy, we have the E-Gov Act recently passed, the challenge now is how to implement this.” There are several data centers in the country and more are being built due to the high demand for such facilities especially with rise of artificial intelligence.",0.133531,positive,positive,positive,,,,
35076,ABS-CBN,2026-03-31T02:26:43+00:00,https://news.abs-cbn.com/Marcos leads opening of CLLEx San Juan Interchange,Marcos leads opening of CLLEx San Juan Interchange,"MANILA — The Philippines needs to capture what Information and Communications Technology Secretary  Henry Aguda described as the “next oil”— data. At the 3rd Telco Forum organized by the Anti-Red Tape Authority (ARTA), Aguda said the country is positioned to become a data center hub of the region because of the country’s strategic location and ongoing economic reforms. READ: Biz groups working with ARTA to speed up business permit reform He said fiber optics pass through the Philippines linking Asia with the US and other parts of the world, without having to pass through conflict zones like the Middle East. “If you go by the geography of the Philippines, we straddle the Pacific and the ASEAN side of the ocean. We’re in between. There’s no way for them to go through the equator without going through Luzon or Mindanao,” Aguda said. “If there’s Hormuz Strait for oil, there’s the Philippines for the next oil- which is data,” he added, saying this adds opportunities for transit toll revenues. Aguda said the conflict has challenges and opportunities for the country, and one opportunity is in the data center business. “Because of the conflict regions, they are now looking for a new place to locate their data and guess where they’ll locate it in. It’s going to be the Philippines,” he said. They are also reviewing a data sovereignty act and a data embassy policy to entice foreign companies to store their data in the Philippines, which has a growing data center industry. Currently, the Philippines has about 200 MW capacity of data centers. The DICT chief added: “Meta is already crossing the Philippines through the bypass. I won’t name names but two more of the major operators are going to go through the Philippines. Soon, the three household names that provide our social media platforms will go to the Philippines.” Because of this, ARTA wants to further streamline the processes to build data centers in the country. ARTA Secretary Ernest Perez admits there are still challenges, but he hopes agencies can improve the system and implement the reforms. “Always the challenge about the implementation. We’re looking at the LGU level. We’re looking at simplification of permitting process,” Perez said. He added, “We have Executive Order 32, we have Konektadong PInoy, we have the E-Gov Act recently passed, the challenge now is how to implement this.” There are several data centers in the country and more are being built due to the high demand for such facilities especially with rise of artificial intelligence.",0.171032,neutral,positive,Neutral,,,,
35145,ABS-CBN,2026-03-31T02:34:41+00:00,https://news.abs-cbn.com/news/business/2026/3/31/oil-up-as-trump-threatens-iran-1034,"Asian stocks fall, oil up as Trump threatens Iran","Motorists line up at a gasoline station along Philcoa in Diliman, Quezon City, March 6, 2026.  Maria Tan, ABS-CBN News Asian stocks fell sharply in early trade Tuesday and oil prices rose as the Middle East crisis further escalated with US President Donald Trump threatening to destroy Iran's main export terminal. South Korea's benchmark Kospi index was down more than four percent around 8:30 a.m., while Japan's Nikkei index dropped 2.24 percent, before both recovered slightly. The price of the main US benchmark for oil, West Texas Intermediate (WTI), was up 3.30 percent at $106.28 a barrel after closing Monday above $100 for the first time since the war started. Brent Crude, the international benchmark, climbed 2.23 percent to $109.78 early Tuesday. Trump threatened Monday to destroy Iran's key oil export hub of Kharg Island along with power and desalination plants unless Tehran quickly accepted a deal, even as he suggested that diplomacy was making headway. Trump warned that if a deal were not struck -- including to reopen the vital Strait of Hormuz shipping lane -- US forces would destroy ""all of their Electric Generating Plants, Oil Wells and Kharg Island (and possibly all desalinization plants!)"". Destroying civilian infrastructure would be illegal under international humanitarian law and could constitute a war crime, experts say.",0,negative,negative,negative,,,,
32205,GMA,2026-03-24T16:32:00+00:00,https://www.gmanetwork.com/news/topstories/nation/981264/middle-east-conflict-timeline/story,TIMELINE: Middle East conflict and its impact on global oil prices,"The beginning of Week 4 of the conflict in the Middle East has been marked by a roller coaster-like series of events, with Donald Trump on March 22 threatening to ""obliterate"" Iran's power plants if Tehran did not fully reopen the Strait of Hormuz in 48 hours, a significant escalation barely a day after he talked about ""winding down"" the war. The following day, oil prices went down after Trump announced on Truth Social that he had ordered the postponement of military action against Iran, claiming the US and the Islamic Republic had very good and productive conversations for a complete resolution of the conflict. Iran has since denied negotiating with the US, calling it fake news. Please refresh the following article for daily updates on the Middle East conflict and its impact on global oil prices. Trump said on Monday, March 23, that he gave instructions to postpone any military strikes against Iranian power plants for five days, just hours ahead of a deadline that threatened further e...",0,negative,negative,negative,,,,
32202,GMA,2026-03-24T17:13:00+00:00,https://www.gmanetwork.com/news/money/economy/981266/iran-war-starts-to-hit-global-economy-business-surveys-show/story,"Iran war starts to hit global economy, business surveys show","FRANKFURT/WASHINGTON — The Iran war is already taking a toll on major economies around the world, according to business surveys on Tuesday which showed how a surge in energy prices and rising uncertainty were dampening activity and pushing inflation expectations higher. The initial findings of questionnaires sent to purchasing managers at companies in the United States, Europe and Japan are the most comprehensive snapshot yet of the economic impact of the near four-week conflict that has shut off indefinitely a large chunk of the world's energy supplies. The ensuing leap in the price of oil, gas and other related products is a potential double whammy for economies around the world, feeding through into wider inflation and stunting growth. Beyond the trouble that spells for leaders of those economies—including US President Donald Trump himself—it has already prompted many of the world's central banks to envisage tighter policy to keep a lid on price pressures. Among the 21 economies tha...",0,negative,negative,negative,,,,
32443,GMA,2026-03-25T05:43:00+00:00,https://www.gmanetwork.com/news/topstories/nation/981314/philippines-joint-oil-exploration-china-energy/story,"PH says talks with China for joint oil, gas exploration 'may be forthcoming'","The Philippines is not currently engaged in joint oil and gas exploration with China, although such an arrangement is possible in the future to ensure energy security amid supply concerns due to the Middle East conflict, Manila's top diplomat said Tuesday. This developed after President Ferdinand ""Bongbong"" Marcos Jr. said in an interview with Bloomberg this week that he was open to restarting discussions with Beijing on a joint energy project in the South China Sea. ""Not at this point in time, but it may be forthcoming,"" Department of Foreign Affairs (DFA) Secretary Maria Theresa Lazaro said. Talks about a potential agreement on joint energy exploration in the South China Sea, however, remain highly sensitive due to issues of sovereignty, constitutional boundaries, and competing claims in disputed waters. In January 2023, the Supreme Court nullified the Joint Marine Seismic Undertaking (JMSU) involving China, the Philippines, and Vietnam for the exploration of over 142,000 sq. kms. of...",0,neutral,negative,positive,,,,
32468,GMA,2026-03-25T06:52:00+00:00,https://www.gmanetwork.com/news/lifestyle/food/981325/south-korean-matcha-chain-opens-first-branch-in-ph/story,South Korean matcha chain opens first branch in PH,"South Korean matcha chain Super Matcha just opened its first Philippine branch at SM Megamall in Mandaluyong City. The matcha brand held its grand opening on March 14, offering its line of signature drinks and pastries, as well as country-exclusive menu items inspired by Filipino desserts. Customers can sample Super Matcha's tried-and-tested Pure Matcha Brewed Tea, Super Matcha Latte, Coconut Matcha Latte, Super Matcha Lemonade, and the roasted barley-based Super Bori Soy Latte. A must-try is the Philippine-exclusive Ensaymatcha, a matcha latte topped with queso de bola cream and grated queso de bola. Other menu items include specialty coffee, matcha soft serve, matcha roll cakes, and butter cookies in four flavors (calamansi, coconut, espresso, and matcha). Super Matcha is known for exclusively using premium, organic ingredients sourced in Korea. It has several locations across South Korea, as well as branches in Malaysia and Thailand, aside from the Philippines. Super Matcha at SM Me...",0,positive,positive,positive,,,,
32509,GMA,2026-03-25T08:09:00+00:00,https://www.gmanetwork.com/news/topstories/nation/981342/house-panel-testimony-coa-auditor-vp-sara-confidential-funds/story,House panel seeks testimony of COA auditor on VP Sara's confidential funds,"The House justice committee formally sought Wednesday the testimony of lawyer Gloria Camora of the Commission on Audit’s Intelligence and Confidential Funds Audit Office (COA-ICFAO), as well as the COA-ICFAO’s findings on the use of confidential funds by Office of the Vice President and during the Sara Duterte’s tenure as Education chief. This developed after the House panel approved the motion put forward by House Deputy Minority Leader Leila de Lima of ML party-list during Day 1 of the impeachment hearing which seeks to determine probable cause to impeach the Vice President. “This representation confirms that I filed yesterday, March 24, with the Committee on Justice and with a copy furnished to the respondent by the Committee Secretary, a request for the issuance of subpoena duces tecum and ad testificandum for one, Attorney Gloria Camora of the COA-ICFAO, to produce, identify and authenticate official COA audit records, including liquidation reports, disbursement vouchers, certific...",0,neutral,negative,negative,,,,
32610,GMA,2026-03-25T14:42:00+00:00,https://www.gmanetwork.com/news/topstories/world/981404/ex-google-exec-matt-brittin-named-new-bbc-boss/story,Ex-Google exec Matt Brittin named new BBC boss,"LONDON — The BBC named former Google executive Matt Brittin as its new director general on Wednesday, replacing Tim Davie who quit last year after an edit of a speech by US President Donald Trump. The BBC is facing a $10-billion lawsuit from Trump, who accuses the publicly funded broadcaster of defamation over how it spliced together footage of parts of a speech he gave on January 6, 2021, before his supporters stormed the US Capitol. The broadcaster has argued the lawsuit should be dismissed, saying Trump's subsequent reelection showed the alleged defamation did not harm his reputation. Brittin joined Google in 2007 as head of UK and Ireland before rising through the ranks to become EMEA president in 2014. He stepped down in 2024 and will take on the new role from May 18. ""This is a moment of real risk, yet also real opportunity. The BBC needs the pace and energy to be both where stories are, and where audiences are,"" he said in a statement. ""To build on the reach, trust and creative ...",0,neutral,negative,negative,,,,
32609,GMA,2026-03-25T14:51:00+00:00,https://www.gmanetwork.com/news/sports/boxing/981415/pacquiao-dismisses-timing-concerns-over-mayweather-rematch/story,Pacquiao dismisses timing concerns over Mayweather rematch,"Eight-division world champion Manny Pacquiao brushed aside comments that his rematch with Floyd Mayweather Jr. has come too late. The highly anticipated sequel is set for September 19, 2026 on Netflix, more than a decade after their first encounter. Asked about some comments that the rematch is overdue, the Filipino boxing icon quickly dismissed the notion. “Hindi naman,” he told members of the media on Wednesday. “Hindi naman kami nagpabaya sa kondisyon namin."" (I don’t think so. We didn’t negl...",0.068182,Neutral,Positive,Positive,,,,
32656,GMA,2026-03-25T16:41:00+00:00,https://www.gmanetwork.com/news/topstories/nation/981403/cpd-reproductive-health-education-age-appropriate-aims-to-protect-vs-sex-abuse/story,"CPD: Reproductive health education age-appropriate, aims to protect vs. sex abuse","The Commission on Population Development (CPD) on Wednesday said reproductive health education in schools is age-appropriate and intends to protect minors from sexual abuse. “So ang Department of Education order regarding reproductive health education ay nagsasabi talaga kung paano ba i-integrate na i-ensure na talagang age-appropriate po iyong idi-discuss sa ating mga kabataan,” said Mylin Mirasol Quiray, chief of CPD’s Information Management and Communications Division, on Bagong Pilipinas Ngayon. (The Department of Education order regarding reproductive health education specifically outlines how to integrate [these lessons] to ensure that what is being discussed with our youth is truly age-appropriate.) “At lagi po nating sinasabi sa CPD ang pag-start po ng discussion is really protection, child protection talaga from abuse lalo na, teaching our young kids to protect themselves because doon po sa mga 10 to 14 there may be some kind of abuse because ang age of sexual consent sa Pilip...",0.059524,negative,positive,positive,,,,
32753,GMA,2026-03-25T23:52:00+00:00,https://www.gmanetwork.com/news/lifestyle/artandculture/981438/forgotten-island-liza-soberano-h-e-r-voice-besties-in-philippines-inspired-animated-film/story,"'Forgotten Island': Liza Soberano, H.E.R. voice besties in Philippines-inspired animated film","DreamWorks Animation is embracing Philippine culture in its upcoming animated film, ""Forgotten Island."" The first trailer just dropped, offering a sneak peek at Liza Soberano and H.E.R. as Raissa and Jo, two childhood best friends. Their journey begins after their high school graduation, as they are about to embark on college life. As they prepare to take separate paths, Jo and Raissa accidentally travel to the island of Nakali, a mysterious place populated by Filipino mythical creatures. The longer they stay on the island, the more their memories fade. As they search for a way home, they encounter Raww (Dave Franco), a weredog, and the island’s most feared creature, the Dreaded Manananggal (Lea Salonga). The trailer showcases elements of Filipino culture that resonate with childhood friendships: from charm-filled friendship bracelets with personal meaning, to riding the iconic jeepney, to neighborhoods reminiscent of Filipino homes, and the classic classroom setup in Philippine school...",0,positive,neutral,positive,,,,
32863,GMA,2026-03-26T04:04:00+00:00,https://www.gmanetwork.com/news/topstories/nation/981460/ombudsman-to-comply-with-house-subpoena-on-vp-duterte-salns/story,Ombudsman to comply with House subpoena on VP Duterte SALNs,"The Office of the Ombudsman will comply with the House Committee on Justice’s subpoena for documents requiring the submission of Vice President Sara Duterte’s Statements of Assets, Liabilities and Net Worth (SALNs) covering all her years in public office, Assistant Ombudsman Mico Clavano said Thursday. “Yes, we will comply. When we first came into office, we gave the public access to the SALNs of public officers. In that same statement, we even encouraged other branches of government to do the same—to make SALNs public because these are public documents,” Clavano said in a press conference. He said the Ombudsman allows any person to request the SALN of public officials in its custody—including the President, Vice President, heads of constitutional commissions, and local officials. ""Even a simple request would do—so much more if it is backed by a subpoena. We will comply,” he said. Clavano was referring to an Ombudsman memorandum that removed the requirement for the SALN owner’s consent...",0,positive,neutral,positive,,,,
32861,GMA,2026-03-26T04:13:00+00:00,https://www.gmanetwork.com/news/money/economy/981462/ph-econ-team-to-hold-special-meeting-on-fuel-excise-tax-suspension-next-week/story,PH econ team to hold special meeting on fuel excise tax suspension next week,"The inter-agency Development Budget Coordination Committee (DBCC) — which must recommend suspending excise taxes on fuel products before the President implements it — is set to hold a special meeting next week to discuss the matter. According to the Department of Budget Management (DBM), which chairs the DBCC, the body will act collectively on matters of such scale. “The full fiscal implications of a potential excise tax suspension, along with corresponding policy responses, will be thoroughly evaluated by the DBCC in a special meeting scheduled next week,” DBM Undersecretary Goddes Hope Libiran said in a mobile message. “As always, our approach will be guided by the need to strike a prudent balance between delivering immediate relief to our people and preserving medium-term fiscal sustainability and macroeconomic stability,” she added. Under Republic Act 12316 signed into law by President Ferdinand “Bongbong” Marcos Jr. on Wednesday, March 25, the President may suspend or reduce excis...",0,neutral,neutral,neutral,,,,
33027,GMA,2026-03-26T08:46:00+00:00,https://www.gmanetwork.com/news/topstories/nation/981501/eo-on-suspending-cutting-fuel-excise-tax-out-by-mid-april-dof/story,"EO on suspending, cutting fuel excise tax out by mid-April —DOF","President Ferdinand “Bongbong” Marcos Jr. may issue the executive order whether to suspend or reduce the excise tax rate on petroleum products by April 12 or April 13, the Department of Finance (DOF) said Thursday. During the hearing of the Senate’s Proactive Response and Oversight for Timely and Effective Crisis Strategy (PROTECT) committee, Finance Undersecretary Karlo Fermin Adriano explained that the law only takes effect 15 days after its publication in the Official Gazette or a newspaper of general circulation. Marcos signed Republic Act No. 12316, which gives him emergency powers to suspend or reduce fuel excise tax, on Wednesday, March 25, 2026. “In terms of the timeline, kasi may 15 days na (there are 15 days allotted for the) publication and effectivity. So, the earliest that the President can issue the EO is around April 12 or 13 po, if I’m not mistaken with my numbers,” he said. Adriano also said that the technical board will meet on Friday, while the main Development Budge...",0.005917,Neutral,Positive,negative,,,,
33026,GMA,2026-03-26T08:49:00+00:00,https://www.gmanetwork.com/news/topstories/regions/981502/marcos-inspects-agri-facilities-in-isabela-amid-farmers-losses/story,Marcos inspects agri facilities in Isabela amid farmers' losses,"President Ferdinand “Bongbong” Marcos Jr. on Thursday inspected a multi-purpose drying pavement and onion cold storage facility in the Ramon town in Isabela, a project supposedly aimed at strengthening the agricultural sector and improving post-harvest efficiency in the region. The Presidential Communications Office (PCO) said the facilities, including the Ambatali warehouse with multi-purpose drying pavement and the Ramon onion cold storage facility in Barangay Ambatali, are expected to benefit around 1,500 farmers from Isabela and neighboring Nueva Vizcaya. Marcos interacted with farmers during the visit and was joined by Agriculture Secretary Francisco Tiu Laurel Jr. and provincial and local officials. The inspections come amid reports of vegetable growers in Nueva Vizcaya who have been forced to discard fresh produce due to falling farmgate prices and a lack of buyers. In February, some farmers in the province dumped tomatoes they could not sell as oversupply drove prices down and ...",0,negative,positive,negative,,,,
33085,GMA,2026-03-26T11:42:00+00:00,https://www.gmanetwork.com/news/weather/content/981522/san-jose-occidental-mindoro-hits-danger-heat-index/story,"San Jose, Occidental Mindoro hits ‘danger’ heat index","The town of San Jose in Occidental Mindoro was the only area in the country to reach a “danger” level heat index on Thursday, March 26, according to the Philippine Atmospheric, Geophysical and Astronomical Services Administration. Based on PAGASA’s highest computed five-day heat index as of 5 p.m., San Jose recorded a heat index of 42°C. It is also forecast to remain the lone area under the “danger” category on Friday, March 27, with the same heat index. A heat index ranging from 42°C to 51°C falls under the “danger” level, while 52°C and above is classified as “extreme danger.” Several areas across the country are expected to experience heat index levels between 33°C and 41°C (extreme caution) on Friday, including parts of Metro Manila, Northern Luzon, Central Luzon, Southern Luzon, Visayas, and Mindanao. Areas expected to experience 27°C to 32°C (caution) include: Meanwhile, cooler areas with heat index values below 27°C (not hazardous) include: The heat index reflects how hot it fee...",0,negative,negative,negative,,,,
33171,GMA,2026-03-26T15:02:00+00:00,https://www.gmanetwork.com/news/money/economy/981551/iran-crisis-reignites-oil-price-surge-stocks-and-bonds-skid/story,Iran crisis reignites oil price surge; stocks and bonds skid,"LONDON/SINGAPORE — Stock and bond markets fell on Thursday as oil surged more than 5%, with Iran's denial of any talks with the US deepening doubts over the prospect of a quick ceasefire in the near one-month-long Middle East war. Conflicting signals over the scope of contact, plus reports of thousands of US troops being sent to the region, snapped a three-day rebound in world stocks and reignited selling in global debt markets. After falls in Asia—where the Philippines held an unscheduled central bank meeting due to the turmoil—European stocks and government bond prices dropped as Germany's central bank head said an ECB rate increase next month was ""an option""and Norway said it was now likely to hike rates this year too. A warning from US President Donald Trump to Iran to ""get serious"" about a ceasefire saw oil and European natural gas prices jump more than 5.5% and 4% respectively. It hoisted Brent to just over $107 a barrel and gas to €54.9 per megawatt hour, leaving their gains for...",0,negative,negative,negative,,,,
33180,GMA,2026-03-26T19:18:00+00:00,https://www.gmanetwork.com/news/topstories/nation/981570/cardinal-david-presides-over-mother-ignacia-s-cause-for-beatification-relaunch/story,Cardinal David presides over Mother Ignacia's cause for beatification relaunch,"The cause for the beatification and canonization of the Religious of the Virgin Mary (RVM) congregation foundress, Venerable Mother Ignacia del Espiritu Santo, was relaunched on Wednesday, according to a CBCP News report. Mother Ignacia, the report stated, is the foundress of the first pontifical congregation for women in the Philippines. And in recognition of her heroic virtues, was declared venerable in 2007. Kalookan Bishop Cardinal Pablo Virgilio David, who presided over the Mass that marked the relaunch said ""visible signs of grace"" is the parameter in which to measure the progress in the cause for canonization. “This is also what we now await in the cause of the venerable Mother Ignacia—not so much new documents, but a clear and credible sign of God’s action through her intercession,” David said during the Mass held at the RVM Generalate Chapel in Quezon City. “You are not only remembering a text. You are celebrating a fiat — a yes that continues to live on in your community and ministry,” he added. The theological consultant for the Ignacian Mission for Sainthood, RVM Sr. Maria Anicia Co, told Radio Veritas that the relaunch was conducted because ""previously submitted miracle claims failed to meet the standards of a medical review panel."" “We relaunched because the submitted miracles did not really pass the medical panel’s evaluation… by 2016, there seems to be a lull,” Co said. According to the CBCP News report, Co said the process was slow because of a lack of reports of miraculous healings that are needed for the cause. In order to address this, the congregation has decided to ""strengthen documentation and coordination efforts."" The RVM also appointed vice postulators, including Dr. Dave Cesar Dela Cruz for external affairs and Sr. Eloisa Marie Inocentes for internal affairs and other members of the Ignacian Mission for Sainthood. “It’s not only Mother Ignacia for sainthood, but each one of us to become truly saints,” she said. Cardinal David also administered the oath to the members of the team. — BAP, GMA Integrated News",0,neutral,positive,positive,,,,
33310,GMA,2026-03-27T03:45:00+00:00,https://www.gmanetwork.com/news/topstories/nation/981595/list-tips-to-safeguard-your-home-during-a-holy-week-vacation/story,LIST: Tips to safeguard your home during a Holy Week vacation,"As several Filipinos are set to travel for the Holy Week break, authorities are reminding the public not to overlook home safety. Leaving a house unattended, even for a few days, can increase the risk of theft, fire, and other accidents. A report from Unang Balita highlighted practical steps households can take to keep their homes secure while away: Before leaving, make sure all doors, windows, and gates are properly locked. Double-checking entry points is one of the simplest yet most effective ways to prevent break-ins. Homeowners are also advised to avoid leaving spare keys in obvious places such as under doormats or plant pots. Unplugging electrical appliances and switching off the main power supply can help prevent fire incidents. This is especially important for devices that may overheat when left unattended. For households using liquefied petroleum gas, regulators should be turned off before leaving to avoid leaks that could lead to explosions or fires. Posting travel plans in real time on social media can alert potential intruders that a house is empty. Authorities advise sharing vacation updates only after returning home. Keeping a low profile about travel schedules adds an extra layer of security. If possible, inform a trusted neighbor, friend, or relative about your trip. They can periodically check the house, collect mail, or monitor any unusual activity. Some homeowners also install lights on timers to make it appear that someone is inside. Important items such as gadgets, cash, and documents should be kept in secure places before leaving. Locking cabinets or using safes can reduce the risk of loss in case of break-ins. Taking a few precautionary steps before going on vacation can significantly reduce risks at home. While travel offers a chance to relax, ensuring that your house is safe allows for greater peace of mind while you are away. —Sherylin Untalan/ VAL, GMA Integrated News",0,positive,neutral,positive,,,,
33429,GMA,2026-03-27T07:30:00+00:00,https://www.gmanetwork.com/news/lifestyle/hobbiesandactivities/981626/bts-the-return-documentary-arrives-on-netflix/story,'BTS: The Return' documentary arrives on Netflix,"""BTS: The Return,"" the South Korean supergroup's latest documentary centered on their ""Arirang"" comeback, is now live! As of Friday afternoon, the documentary film is available for streaming on Netflix worldwide. It follows the global superstars, who went on hiatus for four years to serve in the military and pursue solo careers, as they reunite and create their new album, ""Arirang,"" together. ""This feature-length documentary chronicles the long-awaited return of pop royalty, BTS,"" Netflix previously said. ""The film offers unprecedented access, following BTS as they come back together to begin a reunion set to be etched in pop culture history, while reflecting on the journey that transformed seven Korean members into global icons."" The project comes after BTS made an epic comeback with ""Arirang,"" performing the new songs at a grand concert in Seoul, which was broadcast live by Netflix. ""Arirang"" has been breaking records and setting new highs since its release on March 20. BTS is composed of RM, Jin, Suga, J-Hope, Jimin, V, and Jungkook. They debuted under BigHit Music in 2013. They are famous for hits ""Dynamite,"" ""Butter,"" ""Fake Love,"" ""Idol,"" and many more. —JCB, GMA Integrated News",0,neutral,positive,positive,,,,
33427,GMA,2026-03-27T07:38:00+00:00,https://www.gmanetwork.com/news/sports/othersports/981629/ioc-s-gender-policy-divides-opinion-as-supporters-and-critics-clash/story,IOC's gender policy divides opinion as supporters and critics clash,"LONDON - Reactions to the International Olympic Committee's new policy on gender testing were sharply divided on Thursday, with supporters hailing a long-overdue move to protect women's sport and critics warning it risks stigma and harm to young athletes. Supporters of the decision said it was essential for the governing body to reassert the importance of a protected female category and to provide clarity for sports organizations worldwide. Fiona McAnena, Director of Campaigns for UK-based advocacy group Sex Matters, called the ruling ""extremely welcome"". ""Women's sport can only be for those who are female,"" McAnena told Reuters in an interview. ""The IOC sets the standard for sport worldwide. It's very welcome that the IOC has recognized that the only way to have fair sport for women and girls is to have a protected female category."" She said it was crucial for the IOC to take the lead, rather than leaving individual sports to navigate the issue alone. ""Their influence is enormous,"" she said. ""Many sports used the IOC's previous policies to justify not protecting the female category. That's why I'm really pleased the IOC has called this policy 'protecting the female category'."" McAnena rejected the idea that broader inclusion automatically increases participation. ""We know that women and girls drop out of sport when they are forced to compete with boys, or when they find that changing rooms or playing fields are not single sex when they thought they would be,"" she said. While broadly supportive, McAnena said there were elements of the policy that fell short. She criticised the IOC's decision not to backdate the rules, saying it failed to address past injustices. ""We know that three women were cheated of medals in the Rio Olympics, deprived let's say, by male athletes with disorders of sex development in the 800 meters,"" she said. ""It seems a shame that that cannot be put right for those three women."" At the 2016 Games, Caster Semenya, Francine Niyonsaba and Margaret Wambui claimed the medals in the women's 800 metres, with all three classified as having differences of sexual development (DSD). All three have been ineligible to compete in the women’s 800 meters since 2019, after World Athletics introduced tightened eligibility regulations covering events from 400 meters to one mile. The rules require athletes with DSD to medically reduce naturally high testosterone levels in order to compete in those events. Semenya refused to do so, arguing the regulations were discriminatory and violated her rights. Wambui has not competed since the rules were implemented seven years ago, while Niyonsaba switched to longer distances. McAnena also pointed to an exception in the policy for athletes with the diagnosis of Complete Androgen Insensitivity Syndrome (CAIS), saying it still allowed for some male advantage, even if reduced. Opponents of the IOC's ruling, however, argue it is not backed by solid science and risks harm to athletes, particularly girls and minors. Dr. Payoshni Mitra, founder of advocacy group Humans of Sport, described the ruling as ""a safeguarding disaster"" and said it appeared to be driven more by politics than by science. ""It's not science-based, it's stigma-based,"" Mitra said in an interview with Reuters. ""It's more under political pressure rather than really what is required in women's sport."" Mitra said she was ""shocked"" that the policy includes minor athletes, since it will encompass all athletes competing in female category events at the Olympics, Youth Olympics and Games qualifiers. ""As far as I know, there were about 14 minor athletes competing in the Paris Olympics,"" Mitra said. The youngest of those was 11-year-old Chinese skateboarder Zheng Haohao. She also questioned the timing of the decision, suggesting political considerations around the next Summer Olympics in Los Angeles played a role. ""(The U.S.) is a country where we are very aware that things are going in a direction which is not what progressive-minded people expected,"" she said. ""The IOC could have focused on robust, independent research. But they rushed into this decision, which tells me this is all because of where the Summer Olympics is going to be hosted next."" Mitra said sex-based eligibility rules have historically had a disproportionate impact on women from Africa and Asia. Double Olympic gold medallist Semenya was one of nine African women athletes with alleged sex variations who wrote to IOC president Kirsty Coventry on Wednesday. A similar letter had previously been sent to the President by Semenya in June 2025. ""When I was asked to be consulted, I made one thing clear: I will not be used as a token voice,"" Semenya said. ""Consultation means nothing if you have already decided. It means nothing if you have not sat with our stories, our pain, what our bodies have been put through in the name of sport. ""If the IOC had truly listened — if President Coventry had done what evidence-based policy demands — this policy would not exist. It does not smell of science. It smells of stigma. It was not born from care for athletes. It was born from political pressure. ""As a woman from Africa, I had hoped President Coventry would be different. I had hoped she would listen to all of us — not just the powerful, not just the comfortable. She failed us."" World Athletics in 2023 banned transgender women who had gone through male puberty from competing and tightened its DSD rules, lowering permitted testosterone thresholds and making eligibility contingent on sustained medical suppression. Women competing at last year's world championships had to have a one-off gene test to comply with requirements. ""We have led the way in protecting women’s sport over the last decade,"" a World Athletics spokesperson said on Thursday. ""Attracting and retaining more girls and women into sport requires a fair and level playing field where there is no biological glass ceiling. This means that gender cannot trump biology. A consistent approach across all sport has to be a good thing.""",0,neutral,neutral,neutral,,,,
33535,GMA,2026-03-27T10:41:00+00:00,https://www.gmanetwork.com/news/topstories/nation/981652/pasig-court-ocular-inspections-kojc-quiboloy/story,Pasig court orders ocular inspections of KOJC properties,"A Pasig court on Friday ordered ocular inspections of Kingdom of Jesus Christ (KOJC) properties in Davao, Quezon City, and Pasig City to gain a clearer understanding of the premises identified in the qualified trafficking case against the religious group's founder, Apollo Quiboloy, and other co-accused. In a 9-page order dated March 27, the Pasig Regional Trial Court (RTC) Branch 159 granted the motion of the prosecution and ordered ocular inspections of the following: The RTC stated that during her cross-examination, the complainant sketched the relevant areas within the KOJC compound. It said that while the sketch aids the RTC in understanding the layout and relative locations, it remains limited to the complainant's recollection. ""Here, the Court finds it necessary to conduct an ocular inspection of the following subject premises, as such inspection will materially assist the Court in obtaining a clearer and more accurate understanding of the locations where the alleged offenses… were purportedly committed, and of the manner in which these properties were allegedly utilized as instruments in the commission of the offenses,"" it said. According to the court, the ocular inspections of the properties located in Pasig and Quezon City will be on April 27 while the inspection on properties in Davao will be on May 18. ""The prosecution and counsels for all the accused are likewise directed to be present during the conduct of the ocular inspection,"" it said. This came after the prosecution asked the RTC to conduct an ocular inspection, arguing that this will allow the court to better appreciate the evidence presented in Quiboloy’s qualified trafficking case on sexual exploitation and labor trafficking. The RTC stressed that the inspection is authorized only to help the court in clearing a doubt, reaching a conclusion, or finding the truth. ""But it is not the main trial nor should it exclude the presentation of other evidence which the parties may deem necessary to establish their case,"" it said. GMA News Online has asked Quiboloy's camp for comment. Quiboloy is also facing charges under Section 5(b) and  Section 10(a) of Republic Act 7610 or the Special Protection of Children Against Abuse, Exploitation, and Discrimination Act. — VDV, GMA Integrated News",0,neutral,negative,negative,,,,
33582,GMA,2026-03-27T12:40:00+00:00,https://www.gmanetwork.com/news/topstories/metro/981662/commuters-at-pitx-experience-longer-waits-as-buses-decrease-due-to-oil-costs/story,Commuters at PITX experience longer waits as buses decrease due to oil costs,"The impact of successive mega oil price hikes is now being felt at the Parañaque Integrated Terminal Exchange (PITX), prompting some bus operators to reduce the number of units in operation.Long lines of passengers can be seen at PITX. Unlike before, when buses arrived continuously, commuters say trips are now more limited and arrive only intermittently.“Ngayon ko lang po naranasan na matagal po mag-antay ngayon na hindi rush hour po. Antay lang po kasi wala na po ibang sasakyan.” Christine, an affected passenger said. (This is the first time I experienced waiting for a long period outside of the rush hour. But I have no choice because there's no other vehicle available.)Bus drivers and personnel from a bus line confirmed that they have indeed reduced the number of operating units.“Mga 80. Dati? Opo, ngayon mga 50 na lang siguro yung tumatakbo. Ang taas po kasi ng krudo, sobrang taas kaya malulugi po yung kumpanya,” bus driver Josephine Guevarra said. (From 80, we now only have 50 plying the routes. Oil prices are too steep, plying would just result in losses for the company.)“Dati mam, ano mam, 9 to 10 units po. Ngayon, ma’am, parang lima na lang siya. Apat. Kasi siyempre ma’am, yung kita, ma’am, hindi na po kagaya ng dati. Talagang ang laki po nang binaba nung sales po namin.” Jobelle Tamang, a bus line staff said. (We used to have 9 to 10 units, now we have 5 or 4.  Sales really dipped.)According to PITX, the situation poses a major challenge, especially with the expected increase in passengers during Holy Week.“The main challenge now would be the supply. Kasi ilan sa mga operators natin nagpahayag na talaga na dahil sa taas ng presyo ng gasolina, nagbabawas na sila ng mga biyahe nila. Tulad ng sa Batangas City, sa San Jose, Nueva Ecija, sa Pangasinan, no? And in fact, iba sa kanila nagbabalak pa magbawas kasi nga nahihirapan na sila.” Jason Salvador, head of PITX Corporate Affairs and Government Relations, said. (Several operators have said that they would reduce their bus units because of the high oil price, such as in Batangas City, San Jose, Nueva Ecija, Pangasinan.)Passenger volume is also increasing, as more commuters opt for public transportation due to high fuel costs.“Napakataas ng gasolina, pansin natin na mas tumataas pa yung bilang ng mga pasahero dahil, one, yung iba sa kanila na dating nagdadala ng sariling sasakyan ay… nagpa-public transport na lang.” Salvador said. (We observe an increase in the number of commuters as some motorists are now taking public transport due to the expensive gas.)Despite this, PITX assured the public that buses will still be available, though waiting times are expected.“Yes, oo. Ma-assure naman natin yun. Yun nga lang, magkakaroon ng waiting time. Mas gusto nila, ide-deploy lang nila yan kung fully booked na. So, meaning, ang epekto nito, maghihintay. Maghihintay yung mga pasero kasi unless puno na, hindi sila mag-provide ng units at hindi rin i-deploy.” Salvador added. (Buses will be available, but commuters have to bear the longer wait because buses will be deployed only once they are fully booked.)Some passengers are choosing to travel earlier than usual to avoid congestion and possible fare increases.“Nagbiyahe na para hindi masyadong congested. At, yun nga, baka yung fear na baka umakyat yung pamasahe. At least nauna na nang konti… para magkita kita naman kahit minsan lang sa isang taon. May effort talaga kasi hindi naman madali magbyahe,” Generoso Comia who is traveling with family said. (We travelled early because fares might go up. We really want to take this trip to visit our relatives, whom we don't often see.)Others, like Rachel Cabigao, traveled to Manila with her family to spend Holy Week with her husband, a tricycle driver.“Kailangan mamasada siya direcho para kahit papano hindi siya lugi. Ang laki po kasi nang tinaas ng gas eh… pinaglalaanan po talaga namin ng pera tsaka oras para makabyahe. Pamilya bonding… para makalakihan din ng mga bata. Makita din nila yung tradisyon namin every Semana Santa. Kaya yun, niluluwas din namin yung mga bata,"" Rachel Cabigao, who traveled from Cavite, said. (He needs to continuously be on the road to earn. We saved money to travel to Manila and see him to have family bonding. It's a tradition during Holy Week.)Meanwhile, some passengers are still willing to travel despite fare increases.“70 plus pesos ang itinaas… Siyempre mahalaga po yun. Yung makasama mo yung mahal sa buhay ng kahit saglit lang iba yung pakiramdam. Tapos, makikita mo yung mga kamag-anak mo nagsisi-uwian. Parang family reunion na rin,” Perlita Almodovar, who is traveling to Nueva Ecija, said. (There was P70 increase in fare.  But we need to be with our loved ones, like a family reunion.)Strict security measures remain in place at PITX, including X-ray machines and K9 units.In recent days, authorities have confiscated numerous prohibited items such as bladed objects, scissors, lighters, and aerosol cans.PITX also advised passengers to immediately report any illegal fare overcharging.For those planning to travel this Holy Week, authorities strongly recommend booking tickets in advance to avoid long waiting times, especially as some operators may further reduce their bus units.—LDF, GMA Integrated News",0.110491,Negative,Negative,Negative,,,,
33604,GMA,2026-03-27T14:27:00+00:00,https://www.gmanetwork.com/news/money/economy/981675/explainer-how-the-new-malampaya-gas-well-will-benefit-filipinos/story,EXPLAINER: How the new Malampaya gas well will benefit Filipinos,"Malacañang on Friday explained the significance of drilling and testing the Camago-3 well, an indigenous energy source in offshore Palawan, as the country faces fuel supply concerns amid the Middle East conflict. Citing information from the Presidential Communications Office, Sandra Aguinaldo reported on ""24 Oras"" that the Camago-3 well can produce up to 60 million standard cubic feet of gas each day, enough to power around one million households. On Thursday, President Ferdinand Marcos Jr. made the announcement regarding the Camago-3 well. Marcos said the Camago-3 holds an estimated 2.5 times more recoverable gas than the Malampaya East-1 discovery. “Together, these two wells are projected to extend the life of the Malampaya gas field by an estimated six years,” he said. Marcos added that the latest discovery means a steadier and cheaper power supply for the country. “Malampaya gas costs us roughly P4.80 per kilowatt-hour. Imported LNG costs P10.30. More than double,” Marcos said. “Every unit of power we generate from Malampaya instead of imported fuel is money saved by households, by small businesses, by every Filipino who pays an electricity bill,” he added. Following the successful drilling, completion, and flow test in Camago-3, Prime Energy, the gas division of business magnate Enrique Razon's Prime Infrastructure Capital Inc., stated that it is on track to start producing natural gas from the Malampaya Phase 4 (MP4) by late 2026. ""The next major step is the drilling of the Bagong Pag-asa exploration well, located about 30 kilometers north of Malampaya. If gas is confirmed, the well will undergo drill-stem testing to assess its production potential,” Prime Energy said in a statement. Prime Energy leads the Malampaya Consortium, with joint venture partners UC38 LLC., Prime Oil & Gas Inc., and PNOC Exploration Corp. —Jiselle Anne Casucian/VBL, GMA Integrated News",0,Positive,Positive,Positive,,,,
33772,GMA,2026-03-28T04:30:00+00:00,https://www.gmanetwork.com/news/showbiz/chikaminute/981712/caprice-cayetano-bonds-with-fans-in-first-official-gathering/story,Caprice Cayetano bonds with fans in first official gathering,"Caprice Cayetano received love from her supporters as they came together for their first official fan gathering. On Instagram, Sparkle GMA Artist Center shared photos from the event, which marked a memorable celebration of Caprice’s growing fandom. “ALL THE LOVE FOR CAP,” Sparkle wrote in the caption. “#GMAPBBCollab Kapuso Big Winner Caprice Cayetano felt the warm support as her fans, together with Sparkle, made their first official gathering one to remember — truly one of the many ways they’ve celebrated her journey.” Caprice is the Kapuso Big Winner of “Pinoy Big Brother Celebrity Collab Edition 2.0.” She donated a portion of her PBB winnings to the Little Ark Foundation. Caprice is set to star in “Pangarap na Ginto” with Heath Jornales. A post shared by Sparkle GMA Artist Center (@sparklegmaartistcenter)",0,Positive,Positive,Positive,,,,
33788,GMA,2026-03-28T05:53:00+00:00,https://www.gmanetwork.com/news/money/economy/981716/rice-price-cap-imported-agriculture/story,DA gets price council backing on P50-cap on imported rice,"The Department of Agriculture (DA) has secured the backing of the National Price Coordinating Council (NPCC) to impose a cap on the retail prices of imported rice. In a statement on Saturday, the DA said the NPCC endorsed the imposition of a P50-per-kilo price ceiling on imported rice amid expectations that the global oil price shock due to the Middle East war could raise food costs in the country. With this, the proposal is now awaiting the approval of President Ferdinand ""Bongbong"" Marcos Jr. The Palace earlier said Marcos was supportive of the proposal to cap imported rice prices. The DA said the proposed price ceiling, once approved, would cover imported rice with 5% broken grains and would remain in effect for 30 days. By limiting the measure to 30 days, the agency said policymakers appear to be signaling a stop-gap approach or one that buys time while monitoring market response. The Agriculture Department said the initiative was designed as a targeted intervention to temper price increases in the country's most essential food staple while broader inflationary pressures persist amid the escalating Middle East conflict. Agriculture Secretary Francisco Tiu Laurel Jr. flagged that it would be ""unreasonable"" now to increase the retail prices of rice beyond P50 per kilo as the grains arrived in the country prior to the US-Israel offensive on Iran, which commenced on February 28, were bought at a lower landed cost. ""With global oil shocks feeding into higher food prices, this measure delivers immediate relief to consumers while reinforcing the government's commitment to keep rice accessible, affordable, and fairly priced,"" said Tiu Laurel. — VDV, GMA Integrated News",0,Positive,Positive,Positive,,,,
33821,GMA,2026-03-28T07:33:00+00:00,https://www.gmanetwork.com/news/topstories/nation/981725/senator-gatchalian-doe-dti-lpg-price-cap-crisis/story,"Win Gatchalian urges DOE, DTI to consider price cap on LPG","Senator Sherwin Gatchalian on Saturday called on the Department of Energy (DOE) and the Department of Trade and Industry (DTI) to consider imposing a price cap on liquefied petroleum gas (LPG) amid the fuel price shocks due to the Middle East crisis. ""The impending increase in the price of LPG by P35 to P40 per 11-kilogram cylinder by April to reach record levels is an added financial burden on ordinary Filipino consumers and small business owners,"" said Gatchalian, chairman of the Senate finance committee and the Proactive Response and Oversight for Timely and Effective Crisis Strategy (PROTECT) committee. ""I call on the DOE and DTI to ensure adequate supply, strictly monitor market pricing, and, if price increases are unwarranted, consider imposing a price ceiling on LPG as a prescribed measure against undue price increases during emergency situations provided under RA 10623, an act amending certain provisions of the Price Act (RA 7581) to protect consumers,"" the senator said in a statement. GMA News Online reached out to Trade and Industry Secretary Cristina Roque and Energy Secretary Sharon Garin for comment, but they have yet to respond as of posting time. The LPG Marketers Association (LPGMA) has warned that the price of an 11-kilogram LPG tank could spike to P1,500 in April from its current price range of P825 to P1,135 in Metro Manila, due to rising shipping costs caused by limited access to the Strait of Hormuz. An LPG shortage is unlikely in the coming months, the group earlier said, as inventory is now projected to last 35 to 45 days, an improvement from the DOE's earlier estimate of up to 24 days as of March 20. ""Ang LPG ay pangunahing pangangailangan sa bawat tahanan at maliliit na negosyo tulad ng mga karinderya. Anumang hindi makatuwirang pagtaas ng presyo nito ay dagdag na pasanin lamang sa kabuhayan at sa presyo ng pagkain para sa ordinaryong Pilipino,"" Gatchalian said. (LPG is an essential item in every home and small businesses such as neighborhood eateries. Any unreasonable increase in prices would be an added pressure to the prices of food, which would add more burden to ordinary Filipinos.)",0.030387,Positive,Positive,Positive,,,,
34087,GMA,2026-03-28T17:26:36+00:00,https://www.gmanetwork.com/news/topstories/world/981762/thieves-steal-12-tons-of-kitkat-chocolate-bars-in-europe/story,Thieves steal 12 tons of KitKat chocolate bars in Europe,"ZURICH - Twelve tons of KitKat chocolate bars went missing in Europe last week after thieves made off with the truck transporting them, Swiss food giant Nestle said on Saturday. KitKat, which is made by Nestle, said the truck carrying 413,793 bars of its new range set off from central Italy to distribute the chocolate throughout Europe, but never reached its scheduled final destination in Poland. The vehicle and the merchandise remain unaccounted for. Nestle did not reveal where exactly the truck was lost. In a separate statement, KitKat said the missing bars are traceable via a unique batch code. Anyone scanning the batch numbers of the stolen chocolate would receive instructions on how to contact KitKat. ""Whilst we appreciate the criminals' exceptional taste, the fact remains that cargo theft is an escalating issue for businesses of all sizes,"" KitKat said. — Reuters",0,Negative,Neutral,Negative,,,,
34338,GMA,2026-03-30T06:00:51+00:00,https://www.gmanetwork.com/news/sports/basketball/981908/nba-pascal-siakam-s-30-points-help-pacers-upend-heat/story,NBA: Pascal Siakam's 30 points help Pacers upend Heat,"Pascal Siakam had 30 points, 11 rebounds and six assists on Sunday to lead the Indiana Pacers to a 135-118 victory over the visiting Miami Heat. Micah Potter scored 21 points on five made 3-pointers, Kobe Brown added 18 points and Andrew Nembhard tallied 15 points and 10 assists for the Pacers, who earned their first home win since Jan. 31. T.J. McConnell added 15 points and nine assists and Obi Toppin finished with 12 points. READ MORE | NBA scores today: Raptors vs Magic, Thunder vs Knicks, and other games Miami (39-36) was led by Tyler Herro's 31 points, followed by Jaime Jaquez Jr.'s 17. Bam Adebayo had 15 points and 12 rebounds for the Heat, who dropped their seventh game in eight tries. Andrew Wiggins and Pelle Larsson each had 15 in the loss. Trailing by four at half, Miami opened the third quarter on a 9-2 run to take an 84-81 lead on Larsson's layup. Toppin's basket and Brown's 3-pointer put the Pacers ahead by a point, forcing Miami's timeout with 1:36 left in the third. Brown drained a triple with five seconds remaining, giving the Pacers a 108-107 lead entering the fourth. The margin ballooned to eight on Nembhard's layup at the 6:01 mark. After Adebayo's layup, Jay Huff's floater started a 7-0 run, extending the Pacers' lead to 128-115 with three minutes left. Potter connected on four 3-pointers in the first quarter and scored 14 points, while Herro netted 16 first-quarter points for Miami, which took a 36-34 lead into the second after Jaquez's buzzer-beating 3-pointer. Indiana grabbed its first two-possession lead at the 8:31 mark of the second quarter, as Siakam's layup gave the Pacers a 48-43 edge. Siakam netted back-to-back 3-pointers to give Indiana a 59-52 lead. The Pacers took their first double-digit lead, 72-62, on Potter's fifth triple with 2:55 left in the first half. After Ethan Thompson's 3-pointer put Indiana ahead by seven, Jacquez closed the opening half with a trey to cut the Heat's halftime deficit to 79-75. —Field Level Media/Reuters",0,Positive,Positive,Positive,,,,
35141,GMA,2026-03-31T03:56:00+00:00,https://www.gmanetwork.com/news/topstories/nation/982030/marcos-eyes-talks-with-iran-for-safe-passage-of-ph-bound-vessels-in-strait-of-hormuz/story,Marcos eyes talks with Iran for safe passage of PH-bound vessels in Strait of Hormuz,"President Ferdinand ''Bongbong'' Marcos Jr. wants high-level engagement discussions with Iran to ensure the safe passage of Philippine-bound vessels through the Strait of Hormuz amid the Middle East conflict. Palace Press Officer Undersecretary Atty. Claire Castro said the President, during a meeting of the UPLIFT committee on Monday, already directed the Department of Foreign Affairs regarding this matter. —KG, GMA News Stay up-to-date with the latest health and wellness reads. Palace: Half day WFH for gov't workers on Holy Wednesday; afternoon off Marcos eyes talks with Iran for safe passage of PH-bound vessels in Strait of Hormuz LIVE UPDATES: Conflict in the Middle East (March 31, 2026) March inflation seen hitting fastest in over a year Overpriced LPG tanks? Retailers may file complaints with police, barangay — group De Lima calls for inquiry into diesel price increase amid Middle East conflict Two children are among 19 Filipinos repatriated safely — PH Embassy in Israel PH Embassy in UAE warns Filipinos vs. repatriation transactions with third parties Filipino prayer heard in Vatican as Pope Leo leads Palm Sunday Mass ‘Handa’ website: 5 features that boost disaster preparedness PH to roll out real-time forest alert system under new DENR-JICA project Indonesia begins enforcing social media ban for under-16s Basti Artadi addresses viral moment at Davao concert: 'It was bastos' David Licauco finishes 1st in his age group for a 10K run HPA ridge extends over Northern Luzon, cloudy skies across PH on Holy Tuesday EXPLAINER: How hot is too hot? Understanding the heat index PAGASA: 8-16 tropical cyclones possible from April-September 2026",0,Positive,Neutral,negative,,,,
35139,GMA,2026-03-31T04:09:48+00:00,https://www.gmanetwork.com/news/money/companies/982034/philippine-banks-holy-week-closures/story,LIST: Bank schedules for Holy Week 2026,"Most branches of Philippine banks will be closed on Holy Thursday, April 2, and Good Friday, April 3, due to the Holy Week holidays, but their digital banking services and automated teller machines (ATMs) will continue to be available. Below are advisories from lenders that have so far announced their schedules for the coming long weekend: Bank of Commerce Select branches and Branch Lite Units will remain open. Bank of the Philippine Islands (BPI) All branches will be closed on April 2 to April 4, 2026. May BPI Dito partner stores will remain available on select hours. BDO Unibank Inc. Branches will be closed on April 2 to April 4, 2026. Easter Sunday (April 5): Non-mall branches will operate on regular opening hours until 3 p.m. Mall branches will operate on regular opening hours until 4 p.m. China Banking Corp. All branches will be closed from April 2 to April 4, 2026. The regular banking schedule will continue on April 6, 2026. Metropolitan Bank and Trust Co. (Metrobank) All branches will be closed from April 2 to April 4, 2026. Philippine National Bank (PNB) Select branches will be open on April 2, while all branches will be closed on April 3. Philippine Bank of Communication All branches will be closed on April 2 and 3. Security Bank Corp. All branches will closed from April 2 to April 5, 2026. Malacañang earlier declared April 2 (Maundy Thursday) and April 3 (Good Friday) as regular holidays . — VDV GMA Integrated News",0,negative,Neutral,negative,,,,
35269,GMA,2026-03-31T05:16:49+00:00,https://www.gmanetwork.com/news/topstories/regions/982043/listen-phivolcs-detects-low-frequency-sound-amid-mayon-s-effusive-eruption/story,LISTEN: PHIVOLCS detects low-frequency sound amid Mayon's effusive eruption,"State volcanologists on Monday recorded a low-frequency sound as Mayon Volcano continued its effusive eruption. On Tuesday, PHIVOLCS posted on Facebook an audio file containing the infrasound signal detected by the Camp One Observation Station in Albay amid lava fountaining and minor Strombolian activity between 11:17 a.m. and 12:57 p.m. Monday. According to the US Geological Survey, infrasound has a frequency that is below the threshold of human hearing (20 Hz). There are microphones made specifically to pick up these atmospheric sound waves. ""Infrasound has an important role in volcano monitoring because it can help locate and learn about volcanic eruptions, lahars, debris flows, and more, especially when combined with other data such as seismic,"" the USGS said. ""Infrasound waves can propagate for hundreds to thousands of miles due to their low frequency but are 10 times slower than seismic waves. They travel at the speed of sound, which is approximately 760 mph (340 meters per second) at sea level."" Alert Level 3 prevails over Mayon, and entry into the 6-km Permanent Danger Zone is prohibited. — VBL GMA News",0,Negative,Negative,Negative,,,,
32418,Inquirer,2026-03-25T05:32:51.119058+00:00,https://newsinfo.inquirer.net/2200973/duterte-impeachment-house-panel-subpoenas-threat-probe-record-salns,"Duterte impeachment: House panel subpoenas threat probe record, SALNs","MANILA, Philippines — The House of Representatives’ committee on justice has issued a subpoena for records of the investigation into Vice President Sara Duterte’s threats against ranking officials and her Statement of Assets, Liabilities, and Net Worth (SALN) from 2007. At the start of the committee’s formal hearing on the impeachment complaints against Duterte, Manila Rep. Joel Chua moved to ask the National Bureau of Investigation (NBI) and the Office of the Ombudsman to submit documents regarding the probe and the SALN, respectively. Chua made the motion based on a letter-motion sent by Akbayan party-list Rep. Chel Diokno on securing evidence that may be vital to the impeachment proceedings. “Madam Chair, the committee has received a letter dated March 5, 2026 … from Honorable Chel Diokno where he moved that subpoena duces tecum be issued for the following: number one, duly certified copies of all the records of the NBI’s investigation into the threats made by Vice President Sara Du...",0,Negative,Neutral,Negative,,,,
32451,Inquirer,2026-03-25T06:45:36.247036+00:00,https://newsinfo.inquirer.net/2200995/fwd-hpg-official-accused-of-sexual-abuse-resigns-denies-charges,"HPG acting director accused of sexual abuse resigns, denies charges","MANILA, Philippines — Acting Philippine National Police Highway Patrol Group (PNP HPG) Director Brig. Gen. Jessie Tamayao has resigned from his post after a subordinate filed an administrative case against him for allegedly sexually harassing her. “I have always conducted myself with the utmost professionalism and respect for my colleagues and the public I serve. I firmly deny the allegations,” Tamayao said in a statement to reporters on Wednesday. “I can only deduce this is a personal vendetta, the reason for which I am not aware,” he noted. “To ensure a completely impartial, fair, and transparent conduct of the investigation, I have decided to voluntarily step down from my position as Acting Director of the PNP Highway Patrol Group, effective immediately,” he added. READ: Highway Patrol Group official faces termination for alleged sexual abuse The administrative case against Tamayao was lodged by the victim before the National Police Commission (Napolcom) on Tuesday, alleging violati...",0,Negative,Negative,Negative,,,,
32537,Inquirer,2026-03-25T09:16:29.908175+00:00,https://newsinfo.inquirer.net/2201163/fwd-dbm-on-funds-for-infra-projects-mmsp-phase-i-and-nscr-system,DBM: Marcos orders release of over P60B for infrastructure projects,"MANILA, Philippines — President Ferdinand Marcos Jr. has ordered the release of over P60 billion for the payment of completed and ongoing infrastructure projects and timely implementation of the Metro Manila Subway Project (MMSP) Phase I and the North-South Commuter Railway (NSCR) System, the Department of Budget and Management (DBM) said. In separate press releases on Wednesday, the DBM said P16.5 billion was dispensed to the DPWH Central Office, which will be subsequently downloaded by the agency to its implementing units across 17 regions nationwide. READ: Marcos OKs P20-B emergency fund to secure fuel amid global oil crisis “At the President’s direction, we are accelerating infrastructure spending to keep projects moving and the economy growing. This P16.5 billion release ensures that obligations are paid on time—so work continues and service to the people continues,” Budget Secretary Rolando Toledo said, as quoted in a press release written in Filipino. “Government spending, espec...",0,Positive,Positive,Positive,,,,
32600,Inquirer,2026-03-25T14:53:01.446429+00:00,https://newsinfo.inquirer.net/2201386/guiuan-e-samar-converts-evacuation-facility-into-drug-rehab-center,"Guiuan, E. Samar converts evacuation facility into drug rehab center","The municipality of Guiuan inaugurates its “Balay Silangan” drug rehabilitation center in Barangay Cogon on March 24. (PDEA-8) TACLOBAN CITY — The municipality of Guiuan in Eastern Samar has opened its own community-based drug rehabilitation center, after converting a former evacuation facility. Located in Barangay Cogon, the facility can accommodate up to 350 individuals and is expected to serve as a key intervention center for drug surrenderers in the town, Mayor Annaliza Gonzales-Kwan said during its inauguration on Tuesday, March 24. “Balay Silangan is a community-based reformation program aimed at rehabilitating drug surrenderers, primarily targeting small-time drug pushers who need medical rehabilitation,” Gonzales-Kwan said. She added that the program is designed to help beneficiaries reintegrate into society as productive and law-abiding citizens after undergoing counseling and intervention. The mayor said the local government decided to repurpose the building—originally constr...",0,Positive,Positive,Positive,,,,
32697,Inquirer,2026-03-25T18:56:08.758568+00:00,https://newsinfo.inquirer.net/2201350/cops-arrest-3-seize-p6-8m-in-meth-in-lanao-del-sur,"Cops arrest 3, seize P6.8M in meth in Lanao del Sur","The three suspects and the illegal drugs that police authorities seized from them following a buy-bust operation in Lumbatan, Lanao del Sur, on Wednesday, March 25, 2026. (Photo from Lanao del Sur Police Office) COTABATO CITY – Three suspected peddlers of illegal drugs were arrested on Wednesday and a kilo of suspected meth recovered from them in a buy-bust operation in Lumbatan town, Lanao del Sur. Col. Caezar Cabuhat, Lanao del Sur police director, said the operation was carried out after undercover agents confirmed the drug trade taking place in Barangay Pantar of Lumbatan town. After the suspects received the boodle money from a poseur buyer, police officers, some in civilian clothes, showed up and arrested two men and a woman. READ: P5.6 million smuggled cigarettes seized in Lanao del Sur Cabuhat said the police operatives recovered six knot-tied plastic bags containing 1,000 grams of shabu valued at P6.8 million, the buy-bust money, one ID card, an eco-bag labeled “ALBERTO”, and ...",0,Positive,Positive,Positive,,,,
32806,Inquirer,2026-03-26T02:28:22.863913+00:00,https://newsinfo.inquirer.net/2201604/campaign-launched-for-toxics-free-zero-waste-hospitals,"Campaign launched for toxics-free, zero-waste hospitals","TACLOBAN CITY — The Eastern Visayas Medical Center (EVMC), based here, launched on Wednesday a campaign for toxics-free and zero-waste hospitals aimed at reducing plastic use and improving healthcare waste management. The campaign was highlighted by the rollout of the “Nurse Susie” roadshow at the medical center’s Outpatient Department. The initiative forms part of the Toxics-Free Hospitals Campaign under the Philippine Healthcare and Mercury Wastes Management Project (HCWM Project), which promotes sustainable practices in hospitals to protect both public health and the environment. During the activity, a mascot named “Nurse Susie” engaged patients, visitors, and hospital staff through a jingle and interactive campaign centered on the “4Cs” message: Change Old Habits, Cut Plastics, Commit to Reuse, and Champion Sustainability. Nurse Susie was chosen as the central character of the campaign as women represent more than 70 percent of the global health workforce. Women, the group said, ar...",0,Positive,Positive,Positive,,,,
33000,Inquirer,2026-03-26T08:45:03.314504+00:00,https://newsinfo.inquirer.net/2201829/marcos-inspects-agri-health-projects-in-isabela,"Marcos inspects agri, health projects in Isabela","RAMON, Isabela–President Ferdinand Marcos Jr. on Thursday pledged to put up more livelihood projects as he inspected various farm facilities and a new road in far-flung Ambatali village here and in Santiago City and Cabatuan town in Isabela province. Marcos said the projects would improve food supply and increase farmers’ earnings. Worth P168.3 million, the projects include an onion cold storage facility, a rice warehouse with drying pavement, and a farm-to-market road. In this town, Marcos inspected the P43.44-million onion cold storage facility capable of storing up to 500 metric tons of onions in a seven-month period, which will benefit villagers in Isabela and nearby Nueva Vizcaya. “This will help about 1,500 farmers avoid spoilage and sell their produce at better prices,” he said. Marcos said the project would enable farmers to store their produce and sell it when demand is high, allowing them to earn a higher income. The facility would be helpful to farmers in expanding onion pro...",0,Positive,Positive,Positive,,,,
33038,Inquirer,2026-03-26T09:57:18.934097+00:00,https://newsinfo.inquirer.net/2201850/ph-always-sincere-in-its-dealings-malacaang-says,"PH always sincere in its dealings, Malacañang says","MANILA, Philippines — The Philippines has always been sincere in its dealings and negotiations with the international community, Palace press officer and Undersecretary Claire Castro said on Thursday. Castro said this in a press briefing, after being asked to react to the Chinese embassy’s recent statements on the possible resumption of oil exploration talks between Manila and Beijing. After President Ferdinand Marcos Jr. said that he is open to resuming discussions with China on a joint oil and gas project over a disputed area of the South China Sea, China said they are also open provided that the Philippines will show sincerity. “First of all, the Philippines has never been insincere — at all times, all occasions, discussions, and negotiations, especially under the leadership of President Marcos Jr.,” Castro said. “He has no secret deal. So whatever this negotiation would result in and if it will be good for the Philippines, the president would not oppose that,” she added. After the ...",0,Neutral,Positive,positive,,,,
33141,Inquirer,2026-03-26T13:50:32.03372+00:00,https://newsinfo.inquirer.net/2201991/ombudsman-remulla-cites-problem-with-amlc-amid-flood-mess-probe,Ombudsman Remulla cites ‘problem’ with AMLC amid flood mess probe,"MANILA, Philippines — Ombudsman Jesus Crispin Remulla on Thursday said his agency is having a “problem” with the Anti Money Laundering Council (AMLC) related to their investigation into the multibillion flood control corruption scandal. Remulla made this remark a day after AMLC Executive Director Matthew David announced his resignation. David, who requested a transfer to another position within the Bangko Sentral ng Pilipinas, has been replaced in an officer-in-charge capacity by Arnold Kabanlit, the council’s former deputy director. READ: AMLC seeks forfeiture of assets tied to flood control scam “We only have a problem with how some people are performing their duties, such as the council itself, the executive director of the AMLC, and the AMLC itself,” Remulla said in a press conference in Filipino. “It is only now that I have seen that, sometimes, the law really faces serious obstacles in this regard,” he also said in Filipino. “That is why I want to speak with them again, the AMLC,...",0.00578,Negative,Negative,Negative,,,,
33221,Inquirer,2026-03-26T22:47:39.692462+00:00,https://newsinfo.inquirer.net/2202080/philhealth-launches-online-records-check-for-members,PhilHealth launches online records check for members,"Dr. Edwin Mercado addresses journalists during his first press conference as president and CEO of PhilHealth at the state health insurer’s head office in Pasig City on March 6, 2025. PHOTO BY DEXTER CABALZA/INQUIRER FILE PHOTO MANILA, Philippines — The Philippine Health Insurance Corp. (PhilHealth) launched on Thursday the PhilHealth Check Utility (PCU), an online tool that members can use to verify their records and eliminate false claims. The PCU was launched with the support of the Philippine Statistics Authority (PSA), which, according to PhilHealth President and CEO Edwin Mercado, “reflects how PhilHealth and PSA are strengthening our partnership to ensure that every peso of the health fund reaches the Filipino.” The online tool, Mercado added, is a “key step in strengthening the integrity of our membership data.” Using data from the PSA’s Philippine Identification System, the PCU is able to verify identities in real time, perform biometric checks and ensure that records are accurate and up to date. READ: Marcos to PhilHealth: Waive interest on unpaid contributions “This enables us to prevent duplications, strengthen safeguards and protect the health fund, while ensuring that benefits reach the right people at the right time,” he said. According to Mercado, the newly launched system that can be accessed at pcu.philhealth.gov.ph/ is already integrated into key PhilHealth programs, such as the Yaman ng Kalusugan Program and Guaranteed and Accessible Medications for Outpatient Treatment, “helping streamline the patient’s journey from consultation to access to medicines.” “Soon, we will expand it to also include PCU verification wherever there are touch points like the hospitals, dialysis centers, ambulatory service centers and all accredited facilities of PhilHealth,” he said. READ: PhilHealth eyes AI-powered system to detect fraud in health claims PSA National Statistician and Civil Registrar General Claire Dennis Mapa said that 91-million Filipinos were already registered under PhilSys and provided with “unique” national ID numbers. The two agencies also launched at the same time the PhilSys colocation initiative, which allows PhilHealth members to apply for their national ID at selected PhilHealth offices, in an effort to make the process more convenient. “We want to help PhilSys reach every Filipino,” Mercado said. “Together with PSA, we are strengthening the foundation of a system that is more accountable, transparent and responsive to the needs of our people.” By providing an email address. I agree to the Terms of Use and acknowledge that I have read the Privacy Policy. By providing an email address. I agree to the Terms of Use and acknowledge that I have read the Privacy Policy. By providing an email address. I agree to the Terms of Use and acknowledge that I have read the Privacy Policy. Dr. Edwin Mercado addresses journalists during his first press conference as president and CEO of PhilHealth at the state health insurer’s head office in Pasig City on March 6, 2025. PHOTO BY DEXTER CABALZA/INQUIRER FILE PHOTO MANILA, Philippines — The Philippine Health Insurance Corp. (PhilHealth) launched on Thursday the PhilHealth Check Utility (PCU), an online tool that members can use to verify their records and eliminate false claims. The PCU was launched with the support of the Philippine Statistics Authority (PSA), which, according to PhilHealth President and CEO Edwin Mercado, “reflects how PhilHealth and PSA are strengthening our partnership to ensure that every peso of the health fund reaches the Filipino.” The online tool, Mercado added, is a “key step in strengthening the integrity of our membership data.” Using data from the PSA’s Philippine Identification System, the PCU is able to verify identities in real time, perform biometric checks and ensure that records are accurate and up to date. READ: Marcos to PhilHealth: Waive interest on unpaid contributions “This enables us to prevent duplications, strengthen safeguards and protect the health fund, while ensuring that benefits reach the right people at the right time,” he said. According to Mercado, the newly launched system that can be accessed at pcu.philhealth.gov.ph/ is already integrated into key PhilHealth programs, such as the Yaman ng Kalusugan Program and Guaranteed and Accessible Medications for Outpatient Treatment, “helping streamline the patient’s journey from consultation to access to medicines.” “Soon, we will expand it to also include PCU verification wherever there are touch points like the hospitals, dialysis centers, ambulatory service centers and all accredited facilities of PhilHealth,” he said. READ: PhilHealth eyes AI-powered system to detect fraud in health claims PSA National Statistician and Civil Registrar General Claire Dennis Mapa said that 91-million Filipinos were already registered under PhilSys and provided with “unique” national ID numbers. The two agencies also launched at the same time the PhilSys colocation initiative, which allows PhilHealth members to apply for their national ID at selected PhilHealth offices, in an effort to make the process more convenient. “We want to help PhilSys reach every Filipino,” Mercado said. “Together with PSA, we are strengthening the foundation of a system that is more accountable, transparent and responsive to the needs of our people.” By providing an email address. I agree to the Terms of Use and acknowledge that I have read the Privacy Policy. By providing an email address. I agree to the Terms of Use and acknowledge that I have read the Privacy Policy.",0.002273,Positive,Positive,Positive,,,,
33533,Inquirer,2026-03-27T11:26:56.687399+00:00,https://globalnation.inquirer.net/315861/poe-presents-green-economy-carbon-finance-at-london-school-of-economics,"Poe presents green economy, carbon finance at London School of Economics","MANILA, Philippines — Assistant Majority Floor Leader and FPJ Panday Bayanihan Representative Brian Poe, a co author of key sustainability measures pending in the Philippine House of Representatives, highlighted major legislative initiatives during a lecture before the LSESU Filipino Society at the London School of Economics. These are aimed at accelerating the country’s transition to a green circular economy and strengthening participation in global carbon finance mechanisms. Delivering his lecture titled “A Sustainable Future Reimagining Development through a Philippine Lens,” Poe emphasized that climate change poses an existential challenge for the Philippines, citing increasing temperatures, extreme precipitation, shifting wind patterns, and rising sea levels as major drivers of national vulnerability. READ: Brian Poe presents PH AI policies to World Economic Forum He noted that extreme heat could affect around 11 million Filipinos by 2030 and as many as 74 million by 2050, while up to 150,000 Filipinos may face permanent displacement due to sea level rise by 2040. “This is not only an environmental crisis. It is a profound economic threat that demands urgent and coordinated legislative action,” Poe said. He pointed to projections that productivity losses due to heat stress may reach approximately 466 billion pesos by 2030. He added that climate change could reduce national output by as much as 7.6 percent of GDP by 2030, increasing to 13.6 percent by 2040 and potentially reaching between 18 and 25 percent by 2050 if decisive reforms are not implemented. As co author of the proposed Circular Economy Act embodied in House Bills Nos. 315, 2479, 4142, and 5069, Poe outlined Congress’ efforts to move the Philippines away from a traditional take make dispose model toward a more sustainable and regenerative economic framework. He explained that the measure promotes eco design, institutionalizes product stewardship and extended producer responsibility, strengthens recycling and recovery systems, and supports workforce reskilling initiatives led by TESDA and DOLE to ensure a just transition toward green industries. “To reimagine development, we must confront the structural weaknesses of our current economic model. A circular economy is about economic security, resource efficiency, and long term national resilience,” Poe said. The lawmaker also discussed legislative proposals to strengthen the Philippines’ ability to participate in international carbon credit markets, including the proposed Carbon Rights Act and the Low Carbon Economy Act, both of which he co authored. These measures aim to establish a clear domestic framework governing carbon ownership and trading mechanisms aligned with global climate agreements. Poe said such reforms could unlock investments in reforestation, renewable energy, and low carbon infrastructure while improving the country’s position in emerging global carbon markets. He emphasized that improving access to climate finance remains critical for climate vulnerable nations, noting that institutional bottlenecks and complex accreditation processes often delay the mobilization of international funding for adaptation and disaster recovery efforts despite the Philippines’ high exposure to climate risks. Highlighting the economic opportunities of the green transition, Poe cited projections that a clean energy pathway could generate around 300,000 additional green jobs and attract approximately 5.8 trillion pesos in investments across the country. He also pointed to real world examples where decentralized renewable energy systems enabled local governments to continue delivering essential services during major power disruptions, demonstrating the role of clean energy in strengthening disaster resilience. In closing, Poe called on Filipino students and professionals overseas to contribute their expertise to national development by helping shape forward looking legislation and sustainability initiatives. He emphasized that achieving a resilient and inclusive future requires cooperation among government, the private sector, civil society, and the Filipino diaspora. By providing an email address. I agree to the Terms of Use and acknowledge that I have read the Privacy Policy. “We are not only responding to climate change. We are legislating the future. The policies we enact today will define the resilience and prosperity of the next generation,” Poe said. /mr By providing an email address. I agree to the Terms of Use and acknowledge that I have read the Privacy Policy. By providing an email address. I agree to the Terms of Use and acknowledge that I have read the Privacy Policy. MANILA, Philippines — Assistant Majority Floor Leader and FPJ Panday Bayanihan Representative Brian Poe, a co author of key sustainability measures pending in the Philippine House of Representatives, highlighted major legislative initiatives during a lecture before the LSESU Filipino Society at the London School of Economics. These are aimed at accelerating the country’s transition to a green circular economy and strengthening participation in global carbon finance mechanisms. Delivering his lecture titled “A Sustainable Future Reimagining Development through a Philippine Lens,” Poe emphasized that climate change poses an existential challenge for the Philippines, citing increasing temperatures, extreme precipitation, shifting wind patterns, and rising sea levels as major drivers of national vulnerability. READ: Brian Poe presents PH AI policies to World Economic Forum He noted that extreme heat could affect around 11 million Filipinos by 2030 and as many as 74 million by 2050, while up to 150,000 Filipinos may face permanent displacement due to sea level rise by 2040. “This is not only an environmental crisis. It is a profound economic threat that demands urgent and coordinated legislative action,” Poe said. He pointed to projections that productivity losses due to heat stress may reach approximately 466 billion pesos by 2030. He added that climate change could reduce national output by as much as 7.6 percent of GDP by 2030, increasing to 13.6 percent by 2040 and potentially reaching between 18 and 25 percent by 2050 if decisive reforms are not implemented. As co author of the proposed Circular Economy Act embodied in House Bills Nos. 315, 2479, 4142, and 5069, Poe outlined Congress’ efforts to move the Philippines away from a traditional take make dispose model toward a more sustainable and regenerative economic framework. He explained that the measure promotes eco design, institutionalizes product stewardship and extended producer responsibility, strengthens recycling and recovery systems, and supports workforce reskilling initiatives led by TESDA and DOLE to ensure a just transition toward green industries. “To reimagine development, we must confront the structural weaknesses of our current economic model. A circular economy is about economic security, resource efficiency, and long term national resilience,” Poe said. The lawmaker also discussed legislative proposals to strengthen the Philippines’ ability to participate in international carbon credit markets, including the proposed Carbon Rights Act and the Low Carbon Economy Act, both of which he co authored. These measures aim to establish a clear domestic framework governing carbon ownership and trading mechanisms aligned with global climate agreements. Poe said such reforms could unlock investments in reforestation, renewable energy, and low carbon infrastructure while improving the country’s position in emerging global carbon markets. He emphasized that improving access to climate finance remains critical for climate vulnerable nations, noting that institutional bottlenecks and complex accreditation processes often delay the mobilization of international funding for adaptation and disaster recovery efforts despite the Philippines’ high exposure to climate risks. Highlighting the economic opportunities of…",0,Positive,Positive,Positive,,,,
33666,Inquirer,2026-03-27T22:59:25.637522+00:00,https://newsinfo.inquirer.net/2202628/raps-filed-over-fuel-hoarding-profiteering,"Raps filed over fuel hoarding, profiteering","Philippine National Police headquarters in Camp Crame. File photo MANILA, Philippines — After the national emergency President Ferdinand Marcos Jr. declared on Wednesday, the Philippine National Police has begun filing criminal cases for hoarding and profiteering amid the expected oil supply crisis driven by the ongoing conflict in the Middle East. The PNP released data at a press briefing in Camp Crame, showing at least five cases of hoarding and profiteering in the provinces of Eastern Samar, Albay, Masbate, and Davao del Sur after the police were tapped to assist the Department of Energy (DOE) in a crackdown. The PNP did not immediately detail each case of hoarding or profiteering, but the DOE announced earlier this month that the government has started monitoring gas stations as part of the whole-of-government approach ordered by Marcos. READ: Fuel shortage forces 425 gas stations to close temporarily – PNP Energy Secretary Sharon Garin stressed that any fuel price adjustments must follow the proper schedule and unauthorized or premature increases are prohibited. She said the DOE has intensified inspections of fuel stations together with the Department of the Interior and Local Government and the PNP to prevent hoarding, profiteering, or supply manipulation. READ: PNP warns of possible robbery, theft spike amid rising costs She said the president wants government agencies to stay vigilant to protect consumers from possible price manipulation. “It is not the time to sleep soundly and do nothing, because we will be the ones who lose if the government becomes complacent,” said Garin, who assured, however, that the country has an adequate fuel supply. The Price Act of 1992 (Republic Act No. 7581) penalizes the hoarding of and profiteering from basic necessities and prime commodities with imprisonment, ranging from 1 to 15 years, and fines, from P5,000 to P2 million, depending on the nature of the offense. By providing an email address. I agree to the Terms of Use and acknowledge that I have read the Privacy Policy. By providing an email address. I agree to the Terms of Use and acknowledge that I have read the Privacy Policy. By providing an email address. I agree to the Terms of Use and acknowledge that I have read the Privacy Policy. Philippine National Police headquarters in Camp Crame. File photo MANILA, Philippines — After the national emergency President Ferdinand Marcos Jr. declared on Wednesday, the Philippine National Police has begun filing criminal cases for hoarding and profiteering amid the expected oil supply crisis driven by the ongoing conflict in the Middle East. The PNP released data at a press briefing in Camp Crame, showing at least five cases of hoarding and profiteering in the provinces of Eastern Samar, Albay, Masbate, and Davao del Sur after the police were tapped to assist the Department of Energy (DOE) in a crackdown. The PNP did not immediately detail each case of hoarding or profiteering, but the DOE announced earlier this month that the government has started monitoring gas stations as part of the whole-of-government approach ordered by Marcos. READ: Fuel shortage forces 425 gas stations to close temporarily – PNP Energy Secretary Sharon Garin stressed that any fuel price adjustments must follow the proper schedule and unauthorized or premature increases are prohibited. She said the DOE has intensified inspections of fuel stations together with the Department of the Interior and Local Government and the PNP to prevent hoarding, profiteering, or supply manipulation. READ: PNP warns of possible robbery, theft spike amid rising costs She said the president wants government agencies to stay vigilant to protect consumers from possible price manipulation. “It is not the time to sleep soundly and do nothing, because we will be the ones who lose if the government becomes complacent,” said Garin, who assured, however, that the country has an adequate fuel supply. The Price Act of 1992 (Republic Act No. 7581) penalizes the hoarding of and profiteering from basic necessities and prime commodities with imprisonment, ranging from 1 to 15 years, and fines, from P5,000 to P2 million, depending on the nature of the offense. By providing an email address. I agree to the Terms of Use and acknowledge that I have read the Privacy Policy. By providing an email address. I agree to the Terms of Use and acknowledge that I have read the Privacy Policy.",0,Positive,Negative,negative,,,,
33802,Inquirer,2026-03-28T07:37:28.534654+00:00,https://newsinfo.inquirer.net/2202861/gatchalian-tells-doe-dti-to-consider-imposing-price-cap-on-lpg-amid-impending-price-increase,"DOE, DTI urged to consider price cap on LPG","MANILA, Philippines — Senator Sherwin Gatchalian on Saturday urged the Department of Energy (DoE) and Department of Trade and Industry (DTI) to consider imposing a price cap on liquified petroleum gas (LPG) a amid the ongoing crisis in the Middle East. Gatchalian noted the impending price increase of LPG, and how it may affect many households and small business owners. Arnel Ty, founder of LPG Marketers Association Inc. and Regasco president, recently said the price may surge by at least P30 per kilogram. READ: Spike in LPG prices may hit record high of P30/kg “I call on the DOE and DTI to ensure adequate supply, strictly monitor market pricing, and, if price increases are unwarranted, consider imposing a price ceiling on LPG as a prescribed measure against undue price increases during emergency situations provided under RA [Republic Act] 10623, an act amending certain provisions of the Price Act (RA 7581) to protect consumers,” Gatchalian said in a statement. “Any unreasonable price increase will add to the burden to livelihoods and prices of food for ordinary Filipinos,” Gatchalian said in Filipino. At Thursday’s Senate ad hoc committee hearing on addressing the effects of the Middle East conflict, Gatchalian asked the DOE and Philippine National Oil Company to submit a list of current government-to-government negotiations for oil procurement. He then called on the officials to expedite the process of finding alternative fuel sources. READ: Gatchalian tells DOE to power up, ‘don’t sleep’ as energy crisis looms President Ferdinand R. Marcos Jr. on Friday said that the country has enough supply of crude oil until June 30. He also directed the DOE to secure additional fuel sources even though Energy Secretary Sharon Garin earlier said the country has enough supply for 40 to 45 days.  /gsg By providing an email address. I agree to the Terms of Use and acknowledge that I have read the Privacy Policy. By providing an email address. I agree to the Terms of Use and acknowledge that I have read the Privacy Policy. By providing an email address. I agree to the Terms of Use and acknowledge that I have read the Privacy Policy. MANILA, Philippines — Senator Sherwin Gatchalian on Saturday urged the Department of Energy (DoE) and Department of Trade and Industry (DTI) to consider imposing a price cap on liquified petroleum gas (LPG) a amid the ongoing crisis in the Middle East. Gatchalian noted the impending price increase of LPG, and how it may affect many households and small business owners. Arnel Ty, founder of LPG Marketers Association Inc. and Regasco president, recently said the price may surge by at least P30 per kilogram. READ: Spike in LPG prices may hit record high of P30/kg “I call on the DOE and DTI to ensure adequate supply, strictly monitor market pricing, and, if price increases are unwarranted, consider imposing a price ceiling on LPG as a prescribed measure against undue price increases during emergency situations provided under RA [Republic Act] 10623, an act amending certain provisions of the Price Act (RA 7581) to protect consumers,” Gatchalian said in a statement. “Any unreasonable price increase will add to the burden to livelihoods and prices of food for ordinary Filipinos,” Gatchalian said in Filipino. At Thursday’s Senate ad hoc committee hearing on addressing the effects of the Middle East conflict, Gatchalian asked the DOE and Philippine National Oil Company to submit a list of current government-to-government negotiations for oil procurement. He then called on the officials to expedite the process of finding alternative fuel sources. READ: Gatchalian tells DOE to power up, ‘don’t sleep’ as energy crisis looms President Ferdinand R. Marcos Jr. on Friday said that the country has enough supply of crude oil until June 30. He also directed the DOE to secure additional fuel sources even though Energy Secretary Sharon Garin earlier said the country has enough supply for 40 to 45 days.  /gsg By providing an email address. I agree to the Terms of Use and acknowledge that I have read the Privacy Policy. By providing an email address. I agree to the Terms of Use and acknowledge that I have read the Privacy Policy.",0,Positive,Positive,Positive,,,,
33859,Inquirer,2026-03-28T10:09:07.555225+00:00,https://newsinfo.inquirer.net/2202867/boc-on-negotiated-sale-of-two-seized-luxury-cars,BOC nets over P205 M from negotiated sale of 2 seized luxury cars,"MANILA, Philippines — The Bureau of Customs (BOC) has collected over P205 million from the negotiated sale of two seized luxury vehicles. The BOC on Thursday conducted the negotiated sale for two forfeited Bugatti Chiron units, which were seized in February 2024 over lack of importation documents. Elite Garage Corporation both acquired the blue Bugatti Chiron for an offer of P101,508,000 and the red model for an offer of P103,508,000, or a total of P205,016,000. The two units failed to secure biddings for at least two previous auctions. The BOC earlier said that the agency will resort to the negotiated sale or “direct offer” if there are up to two failed auction biddings. BOC spokesperson Atty. Chris Bendijo earlier explained that under the direct offer, it is the general public that will submit their offers unlike in the auction where it is the BOC that determines the floor price of the vehicles. READ: P102.46M from Discaya car auctions turned over to Treasury In its previous auction, the BOC attempted to sell the blue and red models with floor prices of P149,947,621.44 and P160,434,633, respectively. Meanwhile, the BOC recently turned over to the Bureau of Treasury over P102.46 million after successfully auctioning nine of 13 luxury cars of contractor couple Cezarah “Sarah” and Pacifico “Curlee” Discaya. The BOC has yet to provide details of the next auction for the couple’s four other vehicles.  /gsg By providing an email address. I agree to the Terms of Use and acknowledge that I have read the Privacy Policy. By providing an email address. I agree to the Terms of Use and acknowledge that I have read the Privacy Policy. By providing an email address. I agree to the Terms of Use and acknowledge that I have read the Privacy Policy. MANILA, Philippines — The Bureau of Customs (BOC) has collected over P205 million from the negotiated sale of two seized luxury vehicles. The BOC on Thursday conducted the negotiated sale for two forfeited Bugatti Chiron units, which were seized in February 2024 over lack of importation documents. Elite Garage Corporation both acquired the blue Bugatti Chiron for an offer of P101,508,000 and the red model for an offer of P103,508,000, or a total of P205,016,000. The two units failed to secure biddings for at least two previous auctions. The BOC earlier said that the agency will resort to the negotiated sale or “direct offer” if there are up to two failed auction biddings. BOC spokesperson Atty. Chris Bendijo earlier explained that under the direct offer, it is the general public that will submit their offers unlike in the auction where it is the BOC that determines the floor price of the vehicles. READ: P102.46M from Discaya car auctions turned over to Treasury In its previous auction, the BOC attempted to sell the blue and red models with floor prices of P149,947,621.44 and P160,434,633, respectively. Meanwhile, the BOC recently turned over to the Bureau of Treasury over P102.46 million after successfully auctioning nine of 13 luxury cars of contractor couple Cezarah “Sarah” and Pacifico “Curlee” Discaya. The BOC has yet to provide details of the next auction for the couple’s four other vehicles.  /gsg By providing an email address. I agree to the Terms of Use and acknowledge that I have read the Privacy Policy. By providing an email address. I agree to the Terms of Use and acknowledge that I have read the Privacy Policy.",0,Positive,Positive,Positive,,,,
33903,Inquirer,2026-03-28T11:21:23.10315+00:00,https://newsinfo.inquirer.net/2202853/labor-coalition-emergency-powers-mean-little-without-a-roadmap,Emergency powers mean little without a roadmap–labor coalition,"MANILA, Philippines — Labor groups and progressive organizations criticized President Ferdinand Marcos Jr.’s declaration of a state of national energy emergency, saying the move lacks a clear plan, does not address the drivers of rising fuel prices, and could lead to the misuse of expanded executive powers. Their statements came days after Malacañang issued Executive Order No. 110, citing “imminent danger” to the country’s energy supply due to the escalating conflict in the Middle East and laying out a whole-of-government response under the Unified Package for Livelihoods, Industry, Food, and Transport (Uplift) framework. “A state of national energy emergency is hereby declared in light of the ongoing conflict in the Middle East and the resulting imminent danger posed upon the availability and stability of the country’s energy supply,” the order read. But for groups such as Anakpawis, the Labor Education and Research Network (LEARN), and the Nagkaisa! Labor Coalition, the declaration raised more questions than answers. Anakpawis said the emergency declaration does little to ease the burden on ordinary Filipinos, especially as fuel prices continue to climb. “There is no clear plan on how oil prices will be brought down. As long as large companies control the oil industry, prices will remain exorbitant whenever they choose,” said Ariel Casilao, Anakpawis national president. “This is why President Marcos’ declaration of a state of emergency is meaningless for us poor, as it does not address the cause of oil price manipulation.” The group pointed to longstanding structural issues — particularly fuel taxes and the deregulated oil industry — as drivers of persistently high petroleum prices. Anakpawis also criticized what it described as the government’s sluggish and insufficient rollout of subsidies for farmers and fisherfolk, sectors it said are already reeling from rising fuel and production costs. “An energy emergency has been declared, but why is the response to the needs of vulnerable sectors such as farmers and fisherfolk still slow?” Casilao said. “The promised aid is already insufficient, only a few will receive it, and it is still being delayed. We won’t receive it until April, even though we have already been feeling the gradual increase in oil prices since the start of the year,” he added. Government data cited by the group showed that only 40,000 to 45,000 farmers and fisherfolk are expected to receive fuel subsidies worth P3,000 to P5,000, out of more than 5.4 million registered under the national agriculture registry. “Out of more than five million registered fisherfolk and farmers, only around 40,000 will receive fuel assistance worth P3,000 to P5,000. This is far from enough to ensure that food production can continue,” Casilao said. “Because the government’s plan is not comprehensive amid the crisis, this is expected to affect the country’s food security, as local production is weakened and lacks support,” he added. In a separate statement, LEARN said the government’s delayed acknowledgment of the crisis has deepened public anxiety. The group said officials had downplayed the situation for weeks before declaring an emergency, even as global oil prices surged due to geopolitical tensions. While acknowledging the need for targeted assistance, LEARN said piecemeal ayuda programs are not enough. “Targeted ‘ayuda’ programs are necessary, but they are insufficient in the absence of a comprehensive package of programs and reforms,” the group said. Instead of pitting sectors against each other over limited aid, LEARN called for a broader strategy anchored on structural reforms. “Together with trade unions, social movements, and civil society, we join the call to review the oil deregulation law and improve the government’s ability to directly intervene in economic decision-making,” it said. The group also emphasized food security and long-term job creation, calling for support for farmers facing rising fertilizer costs and for a shift toward renewable energy. “Beyond short-term ayuda programs, we believe that it is time for the government to develop a serious public employment program, and actually take steps to formulate the agro-industrial policy required to generate good, quality jobs,” LEARN said. On funding, LEARN warned that suspending fuel excise taxes could undermine public revenues, and proposed instead a wealth tax on the ultra-rich. For the Nagkaisa! Labor Coalition, the central issue was not only policy gaps, but governance. “Extraordinary powers demand a clear plan. Yet the government has not presented a concrete strategy explaining how these emergency powers will actually address the crisis. Declaring a national emergency without a clear roadmap is the perfect recipe for abuse,” the coalition said. The group also pointed to EO 110’s acknowledgment that measures will be implemented under existing laws, raising questions about the need for emergency powers. “Executive Order No. 110 itself concedes that the measures to address the crisis are to be undertaken ‘under existing laws.’ In other words, the power was always there — the plan was not,” it said. Nagkaisa also criticized what it described as a lack of consultation with key sectors. “Instead of resorting to sweeping emergency measures without a clear program, the President should have convened a national summit bringing together workers, employers, farmers, transport groups, and civil society to unite the country around a common strategy to confront the crisis,” it said. The coalition said workers and vulnerable sectors, already hit by rising prices, deserve concrete answers. “Workers and ordinary people are the ones suffering from rising prices and economic uncertainty. They deserve more than vague declarations and emergency powers,” it said. “Workers do not need a state of emergency; they need a State with a plan. If the government cannot present one, it should at least have the humility to listen by convening a forum for consultation — otherwise, all we have is sound and fury, signifying nothing,” the coalition added. Malacañang has defended the declaration as a preemptive move to stabilize supply and prepare for further disruptions. Under EO 110, the government activated a coordinated response framework aimed at ensuring a “stable domestic energy supply, uninterrupted essential services, and continued economic activity,” while protecting vulnerable sectors. The order also empowers agencies to monitor supply chains, ensure the flow of essential goods, and implement energy conservation and procurement measures. Marcos earlier described the declaration as a “precautionary tool” to give the government flexibility in responding to the crisis, including faster oil procurement and coordinated action across agencies. READ: Marcos: No reason to panic after national energy emergency declaration The Philippines, which relies heavily on imported fuel, has been scrambling to secure alternative sources as tensions in the Middle East disrupt global supply routes and drive up prices. By providing an email address. I agree to the Terms of Use and acknowledge that I have read the Privacy Policy. Despite these assurances, labor and sectoral groups said the emergency declaration, in its current form, falls short of addressing deeper structural and economic issues behind the oil crisis. /dm By providing an email address. I agree to the Terms of Use and acknowledge that I have read the Privacy Policy. By providing an email address. I agree to the Terms of Use and acknowledge that I have read the Privacy Policy. MANILA, Philippines — Labor groups and progressive organizations criticized President Ferdinand Marcos Jr.’s declaration of a state of national energy emergency, saying the move lacks a clear plan, does not address the drivers of rising fuel prices, and could lead to the misuse of expanded executive powers. Their statements came days after Malacañang issued Executive Order No. 110, citing “i…",0.00241,Negative,Negative,Negative,,,,
33905,Inquirer,2026-03-28T11:21:40.578176+00:00,https://newsinfo.inquirer.net/2202622/lawyers-seek-to-stop-impeachment-hearings-vs-sara-duterte,Lawyers seek to stop impeachment hearings vs Sara Duterte,"BLOCKING MOVE Lawyers Israelito Torreon and Martin Delgra lead a group from Mindanao who filed a petition with the Supreme Court on Tuesday to prevent the Senate from starting the impeachment trial of Vice President Sara Duterte. — RICHARD A. REYES MANILA, Philippines — A group of lawyers led by Israelito Torreon asked the Supreme Court on Friday to declare as unconstitutional the impeachment proceedings against Vice President Sara Duterte at the House of Representatives. In a 186-page petition, Torreon and lawyers Victor Rodriguez, Martin Delgra III, Jimmy Bondoc, Raul Lambino, Luna Acosta-Manlitoc and four others filed a petition for certiorari and prohibition, with prayer for the issuance of a temporary restraining order or writ of preliminary injunction, against the House and its committee on justice chaired by Batangas Rep. Gerville Luistro The Davao-based Torreon, who also served as counsel of jailed televangelist Apollo Quiboloy and absentee Sen. Ronald dela Rosa, said he and the nine other appellants filed the petition as citizens and taxpayers, as they are not part of Duterte’s legal team in the impeachment proceedings. The petitioners argued that the justice panel committed “grave abuse of discretion amounting to lack or excess of jurisdiction” when it declared the third and fourth impeachment complaints against Duterte as sufficient in form, substance and grounds. READ: Lawyers to SC: Restrain House ‘fishing expedition’ vs Sara Duterte The first complaint, which was endorsed by the Makabayan bloc, was set aside for supposedly violating the prohibition on the filing of more than one impeachment case against the same official within one year. The second complaint was withdrawn by Kiko Aquino-Dee to support the third complaint, which he said had the same allegations. Among the alleged grounds for impeachment cited in the third and fourth complaints were culpable violation of the Constitution and betrayal of public trust; misuse of confidential funds; corruption and bribery; unexplained wealth and failure to disclose all properties and interests in her statement of assets, liabilities, and net worth (SALN); and alleged high crimes of sedition and insurrection. “It allowed the third and fourth impeachment complaints to survive despite defects in form and substance, and then attempted to cure those defects through a subpoena-driven evidentiary process,” Torreon said at a press conference hours after filing the petition. “What the committee could not sustain through lawful threshold review, it sought to preserve through procedural overreach,” he added. READ: Solons slam petition filed on SC vs Sara Duterte impeachment In the petition, Torreon contended that the House panel erred in trying to “cure” defects in the complaints through a “fishing expedition.” “If a complaint is insufficient in substance at the start, it must be dismissed rather than bolstered,” he said. Second, Torreon said the complaints merely relied on “conclusions” and “suspicions” rather than a direct recital of justiciable facts linking the vice president to specific offenses. “It cannot rest on labels, suspicions, hearsay, unauthenticated materials and investigatory speculation,” he said. Third, the appellants said there was procedural overreach when the committee, during a hearing on March 25, approved motions to subpoena bank records and documents from the National Bureau of Investigation (NBI), among other materials. The act exceeded the committee’s constitutional role of “screening” cases, he said. The appellants complained that the House issued subpoenas for Duterte’s SALN from 2007 to 2025, and the NBI’s investigation report on the supposed threats the Vice President made against President Marcos, first lady Liza Araneta-Marcos, and former Speaker Martin Romualdez in November 2024. READ: Ombudsman to comply with House order for Sara Duterte SALN Torreon argued that the materials and documents being sought from the Ombudsman, NBI and the Commission on Audit were pieces of evidence “outside the complaints.” Another issue that triggered the filing of the new petition was Luistro’s earlier statement describing the impeachment proceedings in the House as a “mini-trial.” “The 1987 Constitution mandates that trials be held in the Senate, and the House, indeed, overstepped its boundaries and is conducting its own mini-trial, which is not to our humble mind, within the contemplation of the 1987 Constitution, in so far as the function of the House of Representatives, specifically the committee of justice, is concerned,” Torreon said. Rodriguez, who previously served as Marcos’ executive secretary, said they went to the high court because they were “optimistic” that it would again rule in their favor. He was referring to the high court ruling last year that declared as unconstitutional the first House-endorsed impeachment complaint against Duterte for violating the one-year bar rule on filings. By providing an email address. I agree to the Terms of Use and acknowledge that I have read the Privacy Policy. The high court, however, pointed out that the earlier ruling “did not absolve” Duterte of the alleged impeachable offenses. By providing an email address. I agree to the Terms of Use and acknowledge that I have read the Privacy Policy. By providing an email address. I agree to the Terms of Use and acknowledge that I have read the Privacy Policy. BLOCKING MOVE Lawyers Israelito Torreon and Martin Delgra lead a group from Mindanao who filed a petition with the Supreme Court on Tuesday to prevent the Senate from starting the impeachment trial of Vice President Sara Duterte. — RICHARD A. REYES MANILA, Philippines — A group of lawyers led by Israelito Torreon asked the Supreme Court on Friday to declare as unconstitutional the impeachment proceedings against Vice President Sara Duterte at the House of Representatives. In a 186-page petition, Torreon and lawyers Victor Rodriguez, Martin Delgra III, Jimmy Bondoc, Raul Lambino, Luna Acosta-Manlitoc and four others filed a petition for certiorari and prohibition, with prayer for the issuance of a temporary restraining order or writ of preliminary injunction, against the House and its committee on justice chaired by Batangas Rep. Gerville Luistro The Davao-based Torreon, who also served as counsel of jailed televangelist Apollo Quiboloy and absentee Sen. Ronald dela Rosa, said he and the nine other appellants filed the petition as citizens and taxpayers, as they are not part of Duterte’s legal team in the impeachment proceedings. The petitioners argued that the justice panel committed “grave abuse of discretion amounting to lack or excess of jurisdiction” when it declared the third and fourth impeachment complaints against Duterte as sufficient in form, substance and grounds. READ: Lawyers to SC: Restrain House ‘fishing expedition’ vs Sara Duterte The first complaint, which was endorsed by the Makabayan bloc, was set aside for supposedly violating the prohibition on the filing of more than one impeachment case against the same official within one year. The second complaint was withdrawn by Kiko Aquino-Dee to support the third complaint, which he said had the same allegations. Among the alleged grounds for impeachment cited in the third and fourth complaints were culpable violation of the Constitution and betrayal of public trust; misuse of confidential funds; corruption and bribery; unexplained wealth and failure to disclose all properties and interests in her statement of assets, liabilities, and net worth (SALN); and alleged high crimes of sedition and insurrection. “It allowed the third and fourth impeachment complaints to survive despite defects in form and substance, and then attempted to cure those defects through a subpoena-driven evidentiary process,” Torreon said at a press conference hours after filing the petition. “What the committee could not sustain through lawful threshold review, it sought to preserve through procedural ove…",0,Negative,negative,negative,,,,
34036,Inquirer,2026-03-28T15:04:48.679025+00:00,https://newsinfo.inquirer.net/2202962/loreto-town-in-agusan-del-sur-rolls-out-fuel-subsidy-for-trike-drivers,Loreto town in Agusan del Sur rolls out fuel subsidy for trike drivers,"SAN FRANCISCO, AGUSAN DEL SUR, Philippines — Tricycle drivers in the remote town of Loreto in Agusan del Sur received a fuel subsidy equivalent to seven liters per week for one month, as local officials moved to cushion the impact of rising oil prices on public transport operators. The assistance, considered the first of its kind among the province’s 14 local government units, was distributed starting Saturday, March 28, at the municipal hall. “With the continuing rise in fuel prices, many sectors have been affected, especially our drivers. To help ease their burden, the local government of Loreto has provided a fuel subsidy,” the local government said in its post. In an online interview, April Khrysstil Guzman-Tianchon, Loreto’s municipal information officer, said only registered drivers with valid business permits would qualify for the subsidy. Based on the prevailing fuel price of P100 per liter, each beneficiary will receive assistance worth P2,800, or a total of 28 liters for the month. This is lower than the P5,000 fuel subsidy earlier extended to drivers in Metro Manila and other regions under the national government’s program. In Loreto and other far-flung communities in Agusan del Sur, habal-habal motorcycles remain the primary mode of transportation, especially in areas inaccessible to regular public utility vehicles. Many of these motorcycles are fitted with improvised wooden side extensions to carry more passengers, a common but unofficial practice that raises safety concerns. For residents, however, these vehicles remain indispensable, including public school teachers assigned to remote villages who often stay in their work areas during weekdays and travel home only on weekends to reduce transport costs. It remains unclear whether habal-habal drivers are included in Loreto’s subsidy program. Guzman-Tianchon said she could not immediately confirm the matter at the time of the interview. Even with the fuel assistance, questions remain on whether the measure will be enough to offset the growing burden of rising fuel costs on drivers and commuters in the province’s most isolated communities. The rising cost of fuel has also triggered fare adjustments in other parts of the province. Vice Mayor Jing Pulvera said the local government of San Francisco had approved a provisional fare increase, setting the minimum fare at P3 within the poblacion and P5 outside it. This effectively raised tricycle fares around the town center from P12 to P15, while trips outside the poblacion now average around P17, depending on distance. /cb By providing an email address. I agree to the Terms of Use and acknowledge that I have read the Privacy Policy. By providing an email address. I agree to the Terms of Use and acknowledge that I have read the Privacy Policy. By providing an email address. I agree to the Terms of Use and acknowledge that I have read the Privacy Policy. SAN FRANCISCO, AGUSAN DEL SUR, Philippines — Tricycle drivers in the remote town of Loreto in Agusan del Sur received a fuel subsidy equivalent to seven liters per week for one month, as local officials moved to cushion the impact of rising oil prices on public transport operators. The assistance, considered the first of its kind among the province’s 14 local government units, was distributed starting Saturday, March 28, at the municipal hall. “With the continuing rise in fuel prices, many sectors have been affected, especially our drivers. To help ease their burden, the local government of Loreto has provided a fuel subsidy,” the local government said in its post. In an online interview, April Khrysstil Guzman-Tianchon, Loreto’s municipal information officer, said only registered drivers with valid business permits would qualify for the subsidy. Based on the prevailing fuel price of P100 per liter, each beneficiary will receive assistance worth P2,800, or a total of 28 liters for the month. This is lower than the P5,000 fuel subsidy earlier extended to drivers in Metro Manila and other regions under the national government’s program. In Loreto and other far-flung communities in Agusan del Sur, habal-habal motorcycles remain the primary mode of transportation, especially in areas inaccessible to regular public utility vehicles. Many of these motorcycles are fitted with improvised wooden side extensions to carry more passengers, a common but unofficial practice that raises safety concerns. For residents, however, these vehicles remain indispensable, including public school teachers assigned to remote villages who often stay in their work areas during weekdays and travel home only on weekends to reduce transport costs. It remains unclear whether habal-habal drivers are included in Loreto’s subsidy program. Guzman-Tianchon said she could not immediately confirm the matter at the time of the interview. Even with the fuel assistance, questions remain on whether the measure will be enough to offset the growing burden of rising fuel costs on drivers and commuters in the province’s most isolated communities. The rising cost of fuel has also triggered fare adjustments in other parts of the province. Vice Mayor Jing Pulvera said the local government of San Francisco had approved a provisional fare increase, setting the minimum fare at P3 within the poblacion and P5 outside it. This effectively raised tricycle fares around the town center from P12 to P15, while trips outside the poblacion now average around P17, depending on distance. /cb By providing an email address. I agree to the Terms of Use and acknowledge that I have read the Privacy Policy. By providing an email address. I agree to the Terms of Use and acknowledge that I have read the Privacy Policy.",0,Positive,Positive,Positive,,,,
34165,Inquirer,2026-03-29T07:35:28.812709+00:00,https://newsinfo.inquirer.net/2203157/9000-cops-deployed-for-lent-in-central-luzon,"9,000 cops deployed for Lent in Central Luzon","MABALACAT CITY, Pampanga — Around 9,000 police officers have been deployed across Central Luzon for public safety during the observance of Holy Week, the Police Regional Office 3 (PRO3) said on Sunday, March 29. In a statement, PRO3 said its personnel will be augmented by about 1,000 officers from other police units and more than 3,500 force multipliers, including village watchmen and members of anti-crime groups. Police and force multipliers will be stationed along major roads and thoroughfares, as well as in places of worship, “Pabasa” centers and other convergence areas from March 30 to April 5. Officers have also been tasked to assist motorists. “Effective March 30, 2026, PRO3 will be placed under full alert status, ensuring maximum police visibility, rapid response capability, and heightened operational readiness throughout the region,” the statement read. PRO3 Director Brig. Gen. Jess Mendez said the expanded deployment is meant to match the expected surge of pilgrims, devotees and travelers across Central Luzon. “From our initial 2,000 personnel, we scaled up to more than 13,000 to ensure that our presence is felt where it matters most,” he noted. “While the number of our fellow citizens are increasing in the street, churches and other places, we are also raising the number of our forces for the people’s security,” he added. Mendez believes the deployment will boost police visibility through foot and mobile patrols, as well as the establishment of police assistance desks in churches, transport terminals, highways and other key areas. Road safety marshals have also been deployed to help manage traffic flow and assist motorists, he said. /apl By providing an email address. I agree to the Terms of Use and acknowledge that I have read the Privacy Policy. By providing an email address. I agree to the Terms of Use and acknowledge that I have read the Privacy Policy. By providing an email address. I agree to the Terms of Use and acknowledge that I have read the Privacy Policy. MABALACAT CITY, Pampanga — Around 9,000 police officers have been deployed across Central Luzon for public safety during the observance of Holy Week, the Police Regional Office 3 (PRO3) said on Sunday, March 29. In a statement, PRO3 said its personnel will be augmented by about 1,000 officers from other police units and more than 3,500 force multipliers, including village watchmen and members of anti-crime groups. Police and force multipliers will be stationed along major roads and thoroughfares, as well as in places of worship, “Pabasa” centers and other convergence areas from March 30 to April 5. Officers have also been tasked to assist motorists. “Effective March 30, 2026, PRO3 will be placed under full alert status, ensuring maximum police visibility, rapid response capability, and heightened operational readiness throughout the region,” the statement read. PRO3 Director Brig. Gen. Jess Mendez said the expanded deployment is meant to match the expected surge of pilgrims, devotees and travelers across Central Luzon. “From our initial 2,000 personnel, we scaled up to more than 13,000 to ensure that our presence is felt where it matters most,” he noted. “While the number of our fellow citizens are increasing in the street, churches and other places, we are also raising the number of our forces for the people’s security,” he added. Mendez believes the deployment will boost police visibility through foot and mobile patrols, as well as the establishment of police assistance desks in churches, transport terminals, highways and other key areas. Road safety marshals have also been deployed to help manage traffic flow and assist motorists, he said. /apl By providing an email address. I agree to the Terms of Use and acknowledge that I have read the Privacy Policy. By providing an email address. I agree to the Terms of Use and acknowledge that I have read the Privacy Policy.",0,Positive,Positive,Positive,,,,
34251,Inquirer,2026-03-29T08:57:05.298929+00:00,https://globalnation.inquirer.net/316028/iran-is-another-1970s%e2%80%91style-oil-crisis-looming,Iran: Is another 1970s‑style oil crisis looming?,"Since the Iran war began, the surge in oil prices has stirred memories of the dramatic oil shocks of 1973 and 1979. In 1973, oil-producing Arab countries imposed an embargo against Western nations to punish them for supporting Israel during the Yom Kippur War. Oil prices skyrocketed, forcing many Western governments to implement energy-saving measures such as gasoline rationing. Germany, for instance, declared several car-free days, banning private vehicles from the streets on four consecutive Sundays. Is the world once again on the brink of a similar crisis? READ: Iran war could drag down Philippine growth to sub 3% in Q2 Fatih Birol, the head of the International Energy Agency (IEA), gave a stark warning on Monday, describing the Iran war as “already the biggest threat to energy security in history.” He views the current crisis as worse than the oil shocks of the 1970s as well as the fallout from Russia’s full-scale invasion of Ukraine. Back then, we were talking about “a shortfall of about five million barrels of oil per day,” Birol said. “Today, it’s 11 million barrels per day — more than during the two major oil shocks combined.” He paints a similarly bleak picture of the gas market. Compared to the situation following Russia’s Ukraine invasion in 2022, Birol said, the global gas supply shortfall has doubled. In the 1970s, the reduced supply of crude set off a sharp rise in oil prices, which in turn propelled the prices of other goods upward, causing an inflation shock. At the same time, industrial production and economic growth slumped. READ: Nation on brink: this oil crisis may destroy everything we built The double whammy of soaring inflation and economic downturn plunged many industrialized nations, including Germany, into stagflation. The ongoing Iran conflict and the near total closure of the Strait of Hormuz — a critical chokepoint in the Persian Gulf through which a fifth of global oil and gas shipments pass — has slashed global oil supply by about 8%. “Back then [1970s], the global oil supply fell by only about 5%. In this respect, the shock is actually more pronounced now than in 1973 and 1974,” says Klaus-Jürgen Gern, economist at the Kiel Institute for the World Economy. Still, the oil prices rose much more sharply in the 1970s than now, he pointed out. “From 1973 to 1974, oil prices quadrupled. In 1979, they tripled again,” Gern told DW. READ: Iran threatens to strike, mine Gulf power plants and waters One reason the price increase was more pronounced in the 1970s than it is today is that markets expect the current conflict to end within weeks, which could stabilize the supply again. Back then it was different. No one knew how long oil prices would remain high, Gern said. Although Arab countries lifted their embargo in early 1974 and oil supplies increased, they kept prices elevated for the rest of the decade — acting as a persistent drag on the global economy. Also, in the 1970s, “oil-importing countries faced prices they had never seen before,” Gern said. Today, a spike in oil prices isn’t quite as rare anymore. “We’ve seen oil prices exceed $100 on occasion, most recently after Russia’s invasion of Ukraine,” Gern noted, adding that oil prices also reached such heights in 2007, 2008 and 2011. This time around, the high prices are a result of a drop in global supply due to the blockade of the Strait of Hormuz and the subsequent shutdown of fuel production facilities across the Gulf, rather than long-lasting damage to energy infrastructure in the region, Gern explained. He believes both supply and prices will stabilize and return to pre‑war levels once the conflict ends. A report by Deutsche Bank Research has also concluded that the markets still do not anticipate a prolonged oil shock. The conflict, however, has caused a degree of damage to over 40 energy installations in nine Middle Eastern nations, said Biral, adding: Even if the war were to end immediately, it would take a “long time” to bring the damaged facilities back online. “It will be six months for some (sites) to be operational, others much longer,” he told the Financial Times. READ: Iran war: Why is the South Pars gas field so important? Qatar, for instance, said Iranian attacks on the Ras Laffan complex — the world’s largest liquefied natural gas (LNG) production facility — could result in a 17% reduction in supplies for three to five years. But Christoph Rühl of Columbia University in New York believes a real energy crisis would erupt only if the Strait of Hormuz stays shut for long and additional fuel installations are damaged. Qatar supplies about 20% of the world’s natural gas, he pointed out, adding that even with production outages at the Ras Laffan plant, only about 4% of the world’s natural gas supply would be affected. The oil market is also more diversified today than it was during the previous price shocks. While member states of the Organization of the Petroleum Exporting Countries (OPEC) — an intergovernmental cartel founded in 1960 to coordinate petroleum policies — supplied more than half of the world’s crude in 1973, their share has since fallen to just over 36%. The US was already the largest oil-producing country back then and remains so today. Over the past decade, it has seen a further sharp increase in production, supplying as much as 90% of the amount oil that’s been added to the global market over the past few decades. Despite the oil crises of the 1970s, which made the West painfully aware of its dependence on Middle East oil, demand for the fossil fuel has continued to rise. While global supply stood at less than 60 million barrels per day in 1973, it had already reached nearly 94 million barrels per day by 2022. To avoid supply disruptions, many countries have built up significant oil reserves. According to the IEA, these reserves reached 8.2 billion barrels at the beginning of this year, their highest level since February 2021. They help mitigate the current supply shortfalls, with the IEA announcing earlier this month that its member states had agreed to release 400 million barrels of oil from their emergency reserves to address the challenges stemming from the Middle East conflict. It is estimated that the release of reserves has reduced the global crude shortfall from 11 million barrels a day to 8 million barrels. To alleviate the supply shortage, the US has also temporarily suspended sanctions on Russian and Iranian oil that is already at sea. These reserves have so far also prevented oil prices from rising more sharply, according to Commerzbank Research. Over the past decade, IEA member countries have also built up large gas reserves to mitigate supply shortages. “The current OECD reserves — both commercial and strategic — could compensate for the loss of oil shipments through the Strait of Hormuz for about nine months,” Carsten Fritsch, a commodities analyst at Commerzbank, told DW. China, too, has built up strategic and commercial reserves that could cover its import needs from the Middle East for about seven months, he added. It is uncertain how long the military conflict will last. President Donald Trump recently said the US and Iran were in “productive” talks to end the war, but Tehran denied the claim, making it unclear how the supply of oil and gas from the Middle East will be affected in the coming months. The world economy, meanwhile, is already feeling the impact of the war. “We will see two things happen: inflation will rise in the short term, and industrial production will slow down because oil consumption will be cut back wherever possible,” said Gern. Although Western nations like Germany have yet to introduce measures to cut back on energy consumption, some in other parts of the world have already initiated steps to conserve fuel. By providing an email address. I agree to the Terms of Use and acknowledge that I have read the Privacy Policy. Pakistan, for instance, has ordered fans of its top cricket tournament to stay ho…",0,Negative,Negative,Negative,,,,
34394,Inquirer,2026-03-30T06:27:56.374872+00:00,https://newsinfo.inquirer.net/2203460/new-direct-ferry-links-pola-and-batangas-cuts-travel-time,"New direct ferry links Pola and Batangas, cuts travel time","CALAPAN CITY, Oriental Mindoro — A new direct sea route linking the town of Pola and Batangas City has begun operations, with additional trips set for early April to meet rising travel demand ahead of the summer season. The ferry service, operated by Island Water, launched its initial trip on March 28, departing Batangas City at 7 a.m. bound for Pola. The route provides a faster and more convenient connection between mainland Luzon and eastern Oriental Mindoro. READ: Ferry service linking Mindoro town, Batangas to start during Holy Week The trip, carrying about 80 passengers, lasted four hours. Regular sailings are set to follow, including a Batangas-to-Pola trip on April 3 at 7:00 a.m., and a return voyage from Pola to Batangas on April 5 at 8 a.m., according to an advisory from the shipping company. Promotional materials highlight that the direct route allows travelers to bypass the busy Calapan Port, especially during the Holy Week rush, offering a faster, safer, and more comfortable trip aboard an air-conditioned vessel. Discounted fares are being offered to Mindoro residents, with tickets priced at around P1,000 for those with a valid Mindoro ID. Regular fares for non-residents are listed at about P1,750, with discounted rates for students (P1,400), senior citizens and persons with disabilities (P1,250), and children aged 3 to 7 (P875), while infants may travel free. Double D Ticketing Services handles the ticketing, while the Pola Tourism Office helps with reservations and prioritizes bookings. Authorities have encouraged early booking, as passenger demand is expected to surge during peak travel periods. To support the new route, an air-conditioned mini-bus service connecting Socorro and Pola was launched, improving access for passengers traveling to and from the port. Pola Mayor Jennifer “Ina Alegre” Cruz said the direct ferry link is expected to boost tourism, ease travel for residents, and strengthen economic ties between Mindoro and Batangas. READ: 3 major shipping lines raise fares on Batangas–Mindoro routes The reopening and expansion of the Pola–Batangas route are seen as a key step in improving inter-island mobility, particularly for residents of Pola, Socorro, Pinamalayan, and the rest of the province seeking a more efficient alternative route. By providing an email address. I agree to the Terms of Use and acknowledge that I have read the Privacy Policy. Authorities and operators, however, reminded passengers to coordinate with ticketing outlets for booking details and to monitor possible schedule changes due to weather and sea conditions./coa By providing an email address. I agree to the Terms of Use and acknowledge that I have read the Privacy Policy. By providing an email address. I agree to the Terms of Use and acknowledge that I have read the Privacy Policy. CALAPAN CITY, Oriental Mindoro — A new direct sea route linking the town of Pola and Batangas City has begun operations, with additional trips set for early April to meet rising travel demand ahead of the summer season. The ferry service, operated by Island Water, launched its initial trip on March 28, departing Batangas City at 7 a.m. bound for Pola. The route provides a faster and more convenient connection between mainland Luzon and eastern Oriental Mindoro. READ: Ferry service linking Mindoro town, Batangas to start during Holy Week The trip, carrying about 80 passengers, lasted four hours. Regular sailings are set to follow, including a Batangas-to-Pola trip on April 3 at 7:00 a.m., and a return voyage from Pola to Batangas on April 5 at 8 a.m., according to an advisory from the shipping company. Promotional materials highlight that the direct route allows travelers to bypass the busy Calapan Port, especially during the Holy Week rush, offering a faster, safer, and more comfortable trip aboard an air-conditioned vessel. Discounted fares are being offered to Mindoro residents, with tickets priced at around P1,000 for those with a valid Mindoro ID. Regular fares for non-residents are listed at about P1,750, with discounted rates for students (P1,400), senior citizens and persons with disabilities (P1,250), and children aged 3 to 7 (P875), while infants may travel free. Double D Ticketing Services handles the ticketing, while the Pola Tourism Office helps with reservations and prioritizes bookings. Authorities have encouraged early booking, as passenger demand is expected to surge during peak travel periods. To support the new route, an air-conditioned mini-bus service connecting Socorro and Pola was launched, improving access for passengers traveling to and from the port. Pola Mayor Jennifer “Ina Alegre” Cruz said the direct ferry link is expected to boost tourism, ease travel for residents, and strengthen economic ties between Mindoro and Batangas. READ: 3 major shipping lines raise fares on Batangas–Mindoro routes The reopening and expansion of the Pola–Batangas route are seen as a key step in improving inter-island mobility, particularly for residents of Pola, Socorro, Pinamalayan, and the rest of the province seeking a more efficient alternative route. By providing an email address. I agree to the Terms of Use and acknowledge that I have read the Privacy Policy. Authorities and operators, however, reminded passengers to coordinate with ticketing outlets for booking details and to monitor possible schedule changes due to weather and sea conditions./coa By providing an email address. I agree to the Terms of Use and acknowledge that I have read the Privacy Policy.",0,Positive,Positive,Positive,,,,
34395,Inquirer,2026-03-30T06:28:09.120573+00:00,https://newsinfo.inquirer.net/2203457/dotr-warns-bus-firms-that-raised-fares-might-face-license-suspensions,DOTr warns bus firms: illegal fare hikes may lead to suspension,"MANILA, Philippines — A show cause order and the possible suspension of licenses may be imposed on bus companies that hiked fares despite the suspension of the increase, Transportation Secretary Giovanni Lopez warned on Monday. This came after reports that some bus companies at the Parañaque Integrated Terminal Exchange (PITX) implemented fare increases. “We will be able to take action by issuing citations to bus operators and public transport vehicles that have increased fares without authorization,” Lopez said in a media interview in Parañaque City. “An increase without the approval of LTFRB [Land Transportation Franchising and Regulatory Board] is a ground for revocation or suspension of licenses,” he explained. PITX, the country’s first integrated and multi-modal terminal, connects commuters from the south to different cities across Metro Manila. It serves around 179,000 passengers daily. On March 18, Ferdinand Marcos Jr. announced the suspension of the planned fare hike for public utility vehicles scheduled for the following day. The government since then has provided free rides nationwide, along with discounts on train fares and toll fees and subsidies for PUV drivers and operators. These movements were done as the country continues to feel the effects of the crisis in the Middle East. /apl By providing an email address. I agree to the Terms of Use and acknowledge that I have read the Privacy Policy. By providing an email address. I agree to the Terms of Use and acknowledge that I have read the Privacy Policy. By providing an email address. I agree to the Terms of Use and acknowledge that I have read the Privacy Policy. MANILA, Philippines — A show cause order and the possible suspension of licenses may be imposed on bus companies that hiked fares despite the suspension of the increase, Transportation Secretary Giovanni Lopez warned on Monday. This came after reports that some bus companies at the Parañaque Integrated Terminal Exchange (PITX) implemented fare increases. “We will be able to take action by issuing citations to bus operators and public transport vehicles that have increased fares without authorization,” Lopez said in a media interview in Parañaque City. “An increase without the approval of LTFRB [Land Transportation Franchising and Regulatory Board] is a ground for revocation or suspension of licenses,” he explained. PITX, the country’s first integrated and multi-modal terminal, connects commuters from the south to different cities across Metro Manila. It serves around 179,000 passengers daily. On March 18, Ferdinand Marcos Jr. announced the suspension of the planned fare hike for public utility vehicles scheduled for the following day. The government since then has provided free rides nationwide, along with discounts on train fares and toll fees and subsidies for PUV drivers and operators. These movements were done as the country continues to feel the effects of the crisis in the Middle East. /apl By providing an email address. I agree to the Terms of Use and acknowledge that I have read the Privacy Policy. By providing an email address. I agree to the Terms of Use and acknowledge that I have read the Privacy Policy.",0,Positive,Negative,Positive,,,,
34505,Inquirer,2026-03-30T07:27:35.524283+00:00,https://newsinfo.inquirer.net/2203240/medialdea-hospitalized-to-undergo-medical-procedure-says-bong-go,"Medialdea hospitalized, to undergo ‘medical procedure’ – Sen. Bong Go","MANILA, Philippines — Senator Christopher “Bong” Go on Saturday said Salvador Medialdea, former President Rodrigo Duterte’s executive secretary, was hospitalized and is set to undergo a medical procedure. Go bared Medialdea’s condition in a Facebook statement, after asking the public to pray for him. “Nananawagan si Senator Bong Go sa mga kababayan natin na sama-sama tayong manalangin na maging matagumpay ang medical procedure ni dating Executive Secretary Salvador,” his office said in a Facebook post. (Senator Bong Go is urging the public to prayer for the successful medical procedure for former Executive Secretary Salvador Medialdea.) Go, however, did not specify what medical procedure Medialdea will undergo. According to Go, Medialdea was hospitalized after feeling unwell while delivering a message during an event in Davao City last March 28. The senator said Medialdea did not even get to finish his speech as he was immediately taken to the hospital. “Ipagdasal po natin ang kalusugan ni Former ES (executive secretary) Medialdea (let us pray for the health of former ES Medialdea),” he said. It can be recalled that Medialdea was also hospitalized in The Hague, Netherlands in March 2025, where he underwent a heart procedure. READ: Medialdea discharged from hospital, recovering from heart procedure He currently serves as part of the Filipino legal team of former president Duterte who os facing charges of crimes against humanity before the International Criminal Court. /gsg By providing an email address. I agree to the Terms of Use and acknowledge that I have read the Privacy Policy. By providing an email address. I agree to the Terms of Use and acknowledge that I have read the Privacy Policy. By providing an email address. I agree to the Terms of Use and acknowledge that I have read the Privacy Policy. MANILA, Philippines — Senator Christopher “Bong” Go on Saturday said Salvador Medialdea, former President Rodrigo Duterte’s executive secretary, was hospitalized and is set to undergo a medical procedure. Go bared Medialdea’s condition in a Facebook statement, after asking the public to pray for him. “Nananawagan si Senator Bong Go sa mga kababayan natin na sama-sama tayong manalangin na maging matagumpay ang medical procedure ni dating Executive Secretary Salvador,” his office said in a Facebook post. (Senator Bong Go is urging the public to prayer for the successful medical procedure for former Executive Secretary Salvador Medialdea.) Go, however, did not specify what medical procedure Medialdea will undergo. According to Go, Medialdea was hospitalized after feeling unwell while delivering a message during an event in Davao City last March 28. The senator said Medialdea did not even get to finish his speech as he was immediately taken to the hospital. “Ipagdasal po natin ang kalusugan ni Former ES (executive secretary) Medialdea (let us pray for the health of former ES Medialdea),” he said. It can be recalled that Medialdea was also hospitalized in The Hague, Netherlands in March 2025, where he underwent a heart procedure. READ: Medialdea discharged from hospital, recovering from heart procedure He currently serves as part of the Filipino legal team of former president Duterte who os facing charges of crimes against humanity before the International Criminal Court. /gsg By providing an email address. I agree to the Terms of Use and acknowledge that I have read the Privacy Policy. By providing an email address. I agree to the Terms of Use and acknowledge that I have read the Privacy Policy.",0.02439,Negative,Negative,Negative,,,,
34510,Inquirer,2026-03-30T07:28:42.066082+00:00,https://newsinfo.inquirer.net/2203361/sss-considers-relief-plans-for-employers-members,"SSS considers relief plans for employers, members","MANILA, Philippines — The Social Security System (SSS) is considering a moratorium on loan payments for its members, along with a condonation program for employers, as part of its relief measures amid the country’s economic challenges. According to SSS President Robert Joseph de Claro, the measures being considered aim to provide immediate relief to members and employers struggling with financial difficulties. “We recognize the hardships many Filipinos are enduring,” De Claro said in a statement, stressing the SSS’ commitment to protecting the welfare of its members. READ: Attacks across Middle East as Iran war enters second month “We are expediting internal reviews and consultations with stakeholders to roll out these support initiatives as swiftly as possible, while safeguarding the long-term sustainability of the SSS fund,” he added. Furthermore, De Claro said the SSS is evaluating options for extending contribution payment deadlines for employers and individual paying members. “[The] SSS is also actively pursuing digital initiatives to simplify administrative and implementation processes to reduce compliance burden and ensure the timely delivery of relief measures and services,” he added. Updates on these programs would be announced through the SSS’ official channels once finalized, said the chief of the state-run social insurance agency. The announcement comes as the country grapples with significant challenges caused by rising oil prices amid the escalating military conflict in West Asia, more commonly known as the Middle East. Conflict in the Middle East escalated in late February after the US and Israel attacked Iran after years of confrontation over Tehran’s nuclear program and regional influence. /cb By providing an email address. I agree to the Terms of Use and acknowledge that I have read the Privacy Policy. By providing an email address. I agree to the Terms of Use and acknowledge that I have read the Privacy Policy. By providing an email address. I agree to the Terms of Use and acknowledge that I have read the Privacy Policy. MANILA, Philippines — The Social Security System (SSS) is considering a moratorium on loan payments for its members, along with a condonation program for employers, as part of its relief measures amid the country’s economic challenges. According to SSS President Robert Joseph de Claro, the measures being considered aim to provide immediate relief to members and employers struggling with financial difficulties. “We recognize the hardships many Filipinos are enduring,” De Claro said in a statement, stressing the SSS’ commitment to protecting the welfare of its members. READ: Attacks across Middle East as Iran war enters second month “We are expediting internal reviews and consultations with stakeholders to roll out these support initiatives as swiftly as possible, while safeguarding the long-term sustainability of the SSS fund,” he added. Furthermore, De Claro said the SSS is evaluating options for extending contribution payment deadlines for employers and individual paying members. “[The] SSS is also actively pursuing digital initiatives to simplify administrative and implementation processes to reduce compliance burden and ensure the timely delivery of relief measures and services,” he added. Updates on these programs would be announced through the SSS’ official channels once finalized, said the chief of the state-run social insurance agency. The announcement comes as the country grapples with significant challenges caused by rising oil prices amid the escalating military conflict in West Asia, more commonly known as the Middle East. Conflict in the Middle East escalated in late February after the US and Israel attacked Iran after years of confrontation over Tehran’s nuclear program and regional influence. /cb By providing an email address. I agree to the Terms of Use and acknowledge that I have read the Privacy Policy. By providing an email address. I agree to the Terms of Use and acknowledge that I have read the Privacy Policy.",0,Positive,Positive,Positive,,,,
34580,Inquirer,2026-03-30T09:01:00.300241+00:00,https://newsinfo.inquirer.net/2203694/highway-patrol-group-deploys-755-cops-for-holy-week-2026-security,Highway Patrol Group deploys 755 cops for Holy Week 2026 security,"MANILA, Philippines — The Philippine National Police Highway Patrol Group (PNP-HPG) has deployed 755 personnel as part of security measures for this year’s observance of Holy Week. In an interview with reporters at Camp Crame on Monday morning, HPG spokesperson Lt. Nadame Malang said the 755 personnel were deployed in 92 teams roving across the country’s 18 regions. “HPG Director Brig. Gen. Rommel Batangan also ordered our deployment in the evening to really ensure that our Holy Week is orderly and peaceful,” he said in Filipino. READ: PNP to be on heightened alert for 2026 summer season starting March 29 Malang added that Batangan had begun inspecting bus terminals in San Fernando City, Pampanga as part of the security preparations, with more inspections set in Metro Manila in the coming days. The PNP previously said it was on heightened alert starting Sunday for the influx of travelers ahead of Maundy Thursday and Good Friday, with over 59,000 police personnel and volunteers deployed. /mcm By providing an email address. I agree to the Terms of Use and acknowledge that I have read the Privacy Policy. By providing an email address. I agree to the Terms of Use and acknowledge that I have read the Privacy Policy. By providing an email address. I agree to the Terms of Use and acknowledge that I have read the Privacy Policy. MANILA, Philippines — The Philippine National Police Highway Patrol Group (PNP-HPG) has deployed 755 personnel as part of security measures for this year’s observance of Holy Week. In an interview with reporters at Camp Crame on Monday morning, HPG spokesperson Lt. Nadame Malang said the 755 personnel were deployed in 92 teams roving across the country’s 18 regions. “HPG Director Brig. Gen. Rommel Batangan also ordered our deployment in the evening to really ensure that our Holy Week is orderly and peaceful,” he said in Filipino. READ: PNP to be on heightened alert for 2026 summer season starting March 29 Malang added that Batangan had begun inspecting bus terminals in San Fernando City, Pampanga as part of the security preparations, with more inspections set in Metro Manila in the coming days. The PNP previously said it was on heightened alert starting Sunday for the influx of travelers ahead of Maundy Thursday and Good Friday, with over 59,000 police personnel and volunteers deployed. /mcm By providing an email address. I agree to the Terms of Use and acknowledge that I have read the Privacy Policy. By providing an email address. I agree to the Terms of Use and acknowledge that I have read the Privacy Policy.",0,Positive,Positive,Positive,,,,
34628,Inquirer,2026-03-30T10:20:48.351392+00:00,https://newsinfo.inquirer.net/2203753/pcso-to-deploy-landing-craft-vessel-to-boost-patient-mobility-in-batanes,PCSO to deploy landing craft vessel to boost patient mobility in Batanes,"BASCO, Batanes — In line with President Ferdinand Marcos Jr.’s directive to make healthcare accessible for everyone, the Philippine Charity Sweepstakes Office (PCSO) has announced its plan to provide a landing craft vessel (LCV) for Batanes to improve patient transport across the province’s island municipalities, with deployment scheduled later this year. PCSO General Manager Melquiades “Mel” Robles described the LCV as a “mini RORO” that allows ambulances to be loaded directly onto the vessel. The LCV is intended to support patient mobility, enabling the transport of patients, responders, and essential medical supplies between islands such as Sabtang and Basco. Designed to directly access shorelines, it will allow patients to be transferred more efficiently to healthcare facilities, particularly in emergency situations. “This means the patient can remain inside the ambulance from the point of transport until arrival at the hospital, without the need for repeated transfers,” he said. “Direkta natin silang madadala sa pinakamalapit na pagamutan—isang tunay na door-to-door na serbisyong medikal,” he added. Robles said the initiative aims to address mobility challenges in geographically isolated areas, where access to healthcare is often affected by sea conditions and limited transport options. READ: PCSO brings to Batanes ultra-portable AI X-ray technology tested by Nasa The LCV is set to be deployed to provinces with island municipalities later this year, including Batanes, as part of efforts to strengthen inter-island healthcare access. The initiative will complement PCSO’s existing support through the provision of patient transport vehicles to local government units, which serve communities on land but are limited in reaching areas separated by water. The need for improved patient transport was underscored during a medical and dental mission conducted on March 26 and 27 in Sabtang and Basco, where PCSO delivered consultations, free medicines, and diagnostic services to hundreds of beneficiaries across the province. The mission also highlighted the use of modern medical technology, including a portable, AI-powered X-ray system that enabled on-site screening for tuberculosis and other chest-related conditions. While such innovations bring faster diagnosis closer to remote communities, the need for reliable transport remains critical to ensure patients requiring further evaluation can access appropriate healthcare facilities. Batanes, with a population of approximately 18,000, is composed of 6 municipalities and 29 barangays, with communities separated by sea, making access to timely healthcare a continuing challenge. By providing an email address. I agree to the Terms of Use and acknowledge that I have read the Privacy Policy. Local officials welcomed the initiative, noting that improved inter-island transport is crucial in ensuring timely medical care for residents of remote communities. The deployment of the LCV forms part of efforts to strengthen healthcare access in geographically isolated and disadvantaged areas. By providing an email address. I agree to the Terms of Use and acknowledge that I have read the Privacy Policy. By providing an email address. I agree to the Terms of Use and acknowledge that I have read the Privacy Policy. BASCO, Batanes — In line with President Ferdinand Marcos Jr.’s directive to make healthcare accessible for everyone, the Philippine Charity Sweepstakes Office (PCSO) has announced its plan to provide a landing craft vessel (LCV) for Batanes to improve patient transport across the province’s island municipalities, with deployment scheduled later this year. PCSO General Manager Melquiades “Mel” Robles described the LCV as a “mini RORO” that allows ambulances to be loaded directly onto the vessel. The LCV is intended to support patient mobility, enabling the transport of patients, responders, and essential medical supplies between islands such as Sabtang and Basco. Designed to directly access shorelines, it will allow patients to be transferred more efficiently to healthcare facilities, particularly in emergency situations. “This means the patient can remain inside the ambulance from the point of transport until arrival at the hospital, without the need for repeated transfers,” he said. “Direkta natin silang madadala sa pinakamalapit na pagamutan—isang tunay na door-to-door na serbisyong medikal,” he added. Robles said the initiative aims to address mobility challenges in geographically isolated areas, where access to healthcare is often affected by sea conditions and limited transport options. READ: PCSO brings to Batanes ultra-portable AI X-ray technology tested by Nasa The LCV is set to be deployed to provinces with island municipalities later this year, including Batanes, as part of efforts to strengthen inter-island healthcare access. The initiative will complement PCSO’s existing support through the provision of patient transport vehicles to local government units, which serve communities on land but are limited in reaching areas separated by water. The need for improved patient transport was underscored during a medical and dental mission conducted on March 26 and 27 in Sabtang and Basco, where PCSO delivered consultations, free medicines, and diagnostic services to hundreds of beneficiaries across the province. The mission also highlighted the use of modern medical technology, including a portable, AI-powered X-ray system that enabled on-site screening for tuberculosis and other chest-related conditions. While such innovations bring faster diagnosis closer to remote communities, the need for reliable transport remains critical to ensure patients requiring further evaluation can access appropriate healthcare facilities. Batanes, with a population of approximately 18,000, is composed of 6 municipalities and 29 barangays, with communities separated by sea, making access to timely healthcare a continuing challenge. By providing an email address. I agree to the Terms of Use and acknowledge that I have read the Privacy Policy. Local officials welcomed the initiative, noting that improved inter-island transport is crucial in ensuring timely medical care for residents of remote communities. The deployment of the LCV forms part of efforts to strengthen healthcare access in geographically isolated and disadvantaged areas. By providing an email address. I agree to the Terms of Use and acknowledge that I have read the Privacy Policy.",0.004086,Positive,Positive,Positive,,,,
35346,Inquirer,2026-03-31T06:05:42.509226+00:00,https://newsinfo.inquirer.net/2204381/hatiran-cardona-rizals-quiet-procession-that-opens-holy-week,"Hatiran: Cardona, Rizal’s quiet procession that opens Holy Week","MANILA, Philippines — Holy Week began on Palm Sunday, March 29, with a silent yet deeply moving display of devotion in Cardona, Rizal, as residents carried religious images depicting the Passion and death of Jesus Christ through the streets. Delicately kept in homes throughout the year, the images are brought out and paraded one by one, lining the streets leading to the plaza. There, a community pabasa — the traditional singing of the Pasyon — is held on Holy Monday. The local tradition, called Hatiran, is derived from the Filipino word hatid, meaning “to bring.” It is believed to have started in the 1990s. Today, it brings together 59 images, with some handed down through generations, reflecting both familial devotion and collective heritage. Far from the grand processions of Holy Wednesday and Good Friday, Cardona’s Hatiran is marked by simplicity. There are no elaborate carrozas or lavish arrangements — only the images and residents walking together in solemnity. RELATED STORY: Ang Paglilibing: The solemn cast of Good Friday processions Carl Adam Estacio, a member of the Hermandad de la Pasion Divino — an association of camareros, or caretakers of sacred images related to the Passion and death of Jesus Christ — said the tradition has evolved as participation grew. He told INQUIRER.net that in the past, the images were brought directly to the church, where the Holy Wednesday and Good Friday processions begin. As participation expanded, however, the destination shifted to the plaza. RELATED STORY: ‘Camareros’: Caretakers of church statues we see on Holy Week There, the images are arranged with care, marking a communal and spiritual preparation for the rest of Holy Week, which ends on the evening of Holy Saturday, when the Easter Vigil is celebrated to commemorate Jesus Christ rising from the dead. In the plaza, the Cardona community gathers for the pabasa and waits for the solemn processions of Holy Wednesday and Good Friday, when residents are once again brought together in remembrance of Christ’s sacrifice. /dm By providing an email address. I agree to the Terms of Use and acknowledge that I have read the Privacy Policy. By providing an email address. I agree to the Terms of Use and acknowledge that I have read the Privacy Policy. By providing an email address. I agree to the Terms of Use and acknowledge that I have read the Privacy Policy. MANILA, Philippines — Holy Week began on Palm Sunday, March 29, with a silent yet deeply moving display of devotion in Cardona, Rizal, as residents carried religious images depicting the Passion and death of Jesus Christ through the streets. Delicately kept in homes throughout the year, the images are brought out and paraded one by one, lining the streets leading to the plaza. There, a community pabasa — the traditional singing of the Pasyon — is held on Holy Monday. The local tradition, called Hatiran, is derived from the Filipino word hatid, meaning “to bring.” It is believed to have started in the 1990s. Today, it brings together 59 images, with some handed down through generations, reflecting both familial devotion and collective heritage. Far from the grand processions of Holy Wednesday and Good Friday, Cardona’s Hatiran is marked by simplicity. There are no elaborate carrozas or lavish arrangements — only the images and residents walking together in solemnity. RELATED STORY: Ang Paglilibing: The solemn cast of Good Friday processions Carl Adam Estacio, a member of the Hermandad de la Pasion Divino — an association of camareros, or caretakers of sacred images related to the Passion and death of Jesus Christ — said the tradition has evolved as participation grew. He told INQUIRER.net that in the past, the images were brought directly to the church, where the Holy Wednesday and Good Friday processions begin. As participation expanded, however, the destination shifted to the plaza. RELATED STORY: ‘Camareros’: Caretakers of church statues we see on Holy Week There, the images are arranged with care, marking a communal and spiritual preparation for the rest of Holy Week, which ends on the evening of Holy Saturday, when the Easter Vigil is celebrated to commemorate Jesus Christ rising from the dead. In the plaza, the Cardona community gathers for the pabasa and waits for the solemn processions of Holy Wednesday and Good Friday, when residents are once again brought together in remembrance of Christ’s sacrifice. /dm By providing an email address. I agree to the Terms of Use and acknowledge that I have read the Privacy Policy. By providing an email address. I agree to the Terms of Use and acknowledge that I have read the Privacy Policy.",0.002608,Positive,Positive,Positive,,,,
35353,Inquirer,2026-03-31T06:07:13.477803+00:00,https://newsinfo.inquirer.net/2204317/dotr-pcg-on-full-alert-deploys-17000-personnel-for-holy-week-2026,"PCG on full alert, deploys 17,000 personnel for Holy Week 2026 — DOTr","MANILA, Philippines — The Philippine Coast Guard is now on full alert and has deployed around 17,000 personnel for security at transport hubs and along sea travel routes for the Holy Week exodus, the Department of Transportation (DOTr) said on Tuesday. “Our Coast Guard is ready to help and assist our countrymen,” DOTr Secretary Giovanni Lopez stressed in a press briefing in Camp Crame. (Our Coast Guard is ready to help and assist our kababayans.) READ: PNP beefs up deployment to 59,000 cops for Holy Week 2026 “We also strategically positioned some of our vessels at the ports where we know there are many commuters, so that, if there are people stranded, we can assist right away. These are usually in Marinduque, Batangas, and Calapan City, Mindoro,” he further detailed. The PCG’s full alert status has been in place since Saturday, March 28, according to Lopez. Lopez estimated that around 150,000 passengers are expected to travel through the Ninoy Aquino International Airport per day in the lead up to Holy Thursday and Good Friday. He also estimated that around 3 million passengers are expected to travel through the Parañaque Integrated Terminal Exchange, and 2.6 million more passengers are expected to travel through the country’s seaports from March 28 to Easter Sunday, April 5. /das By providing an email address. I agree to the Terms of Use and acknowledge that I have read the Privacy Policy. By providing an email address. I agree to the Terms of Use and acknowledge that I have read the Privacy Policy. By providing an email address. I agree to the Terms of Use and acknowledge that I have read the Privacy Policy. MANILA, Philippines — The Philippine Coast Guard is now on full alert and has deployed around 17,000 personnel for security at transport hubs and along sea travel routes for the Holy Week exodus, the Department of Transportation (DOTr) said on Tuesday. “Our Coast Guard is ready to help and assist our countrymen,” DOTr Secretary Giovanni Lopez stressed in a press briefing in Camp Crame. (Our Coast Guard is ready to help and assist our kababayans.) READ: PNP beefs up deployment to 59,000 cops for Holy Week 2026 “We also strategically positioned some of our vessels at the ports where we know there are many commuters, so that, if there are people stranded, we can assist right away. These are usually in Marinduque, Batangas, and Calapan City, Mindoro,” he further detailed. The PCG’s full alert status has been in place since Saturday, March 28, according to Lopez. Lopez estimated that around 150,000 passengers are expected to travel through the Ninoy Aquino International Airport per day in the lead up to Holy Thursday and Good Friday. He also estimated that around 3 million passengers are expected to travel through the Parañaque Integrated Terminal Exchange, and 2.6 million more passengers are expected to travel through the country’s seaports from March 28 to Easter Sunday, April 5. /das By providing an email address. I agree to the Terms of Use and acknowledge that I have read the Privacy Policy. By providing an email address. I agree to the Terms of Use and acknowledge that I have read the Privacy Policy.",0,Positive,Neutral,Positive,,,,
35358,Inquirer,2026-03-31T06:08:19.491048+00:00,https://newsinfo.inquirer.net/2203848/philhealth-enforces-no-spa-no-payment-for-self-paying-members,"PhilHealth enforces ‘No SPA, No Payment’ for self-paying members","MANILA, Philippines — The Philippine Health Insurance Corporation (PhilHealth) will implement the “No SPA, No Payment” policy for self-paying members beginning April 1 as part of digitalization and service efficiency efforts. In a news release on Monday, the state insurer said the digital system aims to ensure that contributions are accurately recorded and credited without delay, reducing common errors in manual payment processing. Under the new initiative, self-paying members must generate a Statement of Premium Account (SPA) prior to contribution payments. They include self-earning individuals, professional practitioners and land-based overseas Filipinos. “By requiring a validated SPA prior to payment, PhilHealth aims to minimize posting errors, ensure faster posting of payments and improve overall service efficiency,” read Advisory 2026-0016. Members can generate their QR-coded SPA by visiting the official portal at spagen.philhealth.gov.ph or by scanning the QR codes available on the PhilHealth website. The generated SPA must be presented to any PhilHealth Local Health Insurance Office cashier or Accredited Collecting Agent to complete the transaction. READ: PhilHealth launches online records check for members READ: PhilHealth’s ‘broken system’ needs fixing, says DOH chief PhilHealth said maintaining up-to-date and accurate contribution records is essential for members to remain eligible for health benefits. The agency also reminded the public to transact only with authorized collecting agents and to protect their personal information by not sharing their generated SPA with unauthorized individuals. For a complete list of accredited collecting agents or inquiries regarding the SPA Generator, members may contact the PhilHealth Corporate Action Center at (02) 866-225-88 or through mobile hotlines 0998-8572957 (Smart) and 0917-1275987 (Globe). By providing an email address. I agree to the Terms of Use and acknowledge that I have read the Privacy Policy. By providing an email address. I agree to the Terms of Use and acknowledge that I have read the Privacy Policy. By providing an email address. I agree to the Terms of Use and acknowledge that I have read the Privacy Policy. MANILA, Philippines — The Philippine Health Insurance Corporation (PhilHealth) will implement the “No SPA, No Payment” policy for self-paying members beginning April 1 as part of digitalization and service efficiency efforts. In a news release on Monday, the state insurer said the digital system aims to ensure that contributions are accurately recorded and credited without delay, reducing common errors in manual payment processing. Under the new initiative, self-paying members must generate a Statement of Premium Account (SPA) prior to contribution payments. They include self-earning individuals, professional practitioners and land-based overseas Filipinos. “By requiring a validated SPA prior to payment, PhilHealth aims to minimize posting errors, ensure faster posting of payments and improve overall service efficiency,” read Advisory 2026-0016. Members can generate their QR-coded SPA by visiting the official portal at spagen.philhealth.gov.ph or by scanning the QR codes available on the PhilHealth website. The generated SPA must be presented to any PhilHealth Local Health Insurance Office cashier or Accredited Collecting Agent to complete the transaction. READ: PhilHealth launches online records check for members READ: PhilHealth’s ‘broken system’ needs fixing, says DOH chief PhilHealth said maintaining up-to-date and accurate contribution records is essential for members to remain eligible for health benefits. The agency also reminded the public to transact only with authorized collecting agents and to protect their personal information by not sharing their generated SPA with unauthorized individuals. For a complete list of accredited collecting agents or inquiries regarding the SPA Generator, members may contact the PhilHealth Corporate Action Center at (02) 866-225-88 or through mobile hotlines 0998-8572957 (Smart) and 0917-1275987 (Globe). By providing an email address. I agree to the Terms of Use and acknowledge that I have read the Privacy Policy. By providing an email address. I agree to the Terms of Use and acknowledge that I have read the Privacy Policy.",0,Neutral,Positive,Positive,,,,
32223,Manila Bulletin,2026-03-24T20:51:46.116758+00:00,https://mb.com.ph/2026/03/25/a-touch-of-sin-this-holy-week,A touch of sin this Holy Week,"HIDDEN SPACE The interiors of Tandem in Greenbelt Hamilton, an understated space tucked along the ground floor in Legazpi Village

Early this March, I was invited to try out an intriguing menu, first because of what it is called, kind of a perfect foil to the upcoming Holy Week, and because the restaurant has been around for quite a while, and I have never actually got a chance to visit. Tandem, a contemporary restaurant in Legazpi Village led by husband-and-wife chefs Alex and Mikee Tan, opened in 2023 and has since built a reputation for its thematic tasting menus and a commitment to sustainability. Within months of opening, it found itself on lists of notable dining destinations in Manila, and with the arrival of the Michelin Guide in the Philippines last October 2025, it earned a Michelin Selected distinction. The tandem was on hand that evening, Mikee chatty and lively, Alex focused in the open kitchen. Mikee and I recalled how, not yet acquainted with each other at the time, we did not even exchange a greeting at Chef Bettina Arguelles’ birthday bash at her new restaurant, Curio, on Maginhawa Street in Quezon City. “Hindi tayo nagpapansinan noon, no?” (“We didn’t even acknowledge each other back then, did we?”) I said. We both laughed. KITCHEN TANDEM Chefs Alex and Mikee Tan of Tandem, the husband-and-wife team behind the restaurant’s thematic tasting menus in Makati Both took turns explaining each dish. The space is nondescript, almost hidden along the side of Greenbelt Hamilton’s ground floor, the kind of place you could easily miss if you were not looking for it. I know I did. I have friends living in the condo, which I have visited a number of times, and I did not realize Tandem was located there. The current menu, titled “Seven Deadly Sins,” plays on a theme that might seem provocative in a predominantly Catholic country, but the chefs treat it as a way of looking at human nature, indulgence, and everything in between. The meal opens with Pride, a trio built around vegetables. A tomato tartare plays with different textures, using everything from pulp to peel, finished with basil, smoked olive oil, and kesong puti. Then an eggplant “sandwich,” with charred puree set between crisp lavash, topped with cured egg yolk and ash made from the skin. A carrot skewer follows, worked in several ways, from puree to a crisp bark, with a depth that almost recalls grilled meat. From there, Greed shifts the tone. It takes something familiar, bread and butter, and pushes it further. A truffle brioche is paired with foie gras torchon, layered with champagne jelly and cashew streusel, then finished with honeycomb and a whipped blue cheese butter. One of my favorites that night. PRIDE PLATES
A trio of vegetable dishes opens the meal, tomato tartare, eggplant “sandwich,” and carrot skewer, each highlighting different textures and techniques ENVY GREENS Zucchini ribbons with snowpeas and arugula, dressed in white balsamic, with smoked honeydew, pistachios, and a honeydew granita GREED COURSE Truffle brioche paired with foie gras torchon, champagne jelly, cashew streusel, honeycomb, and whipped blue cheese butter Envy lightens the palate, but it does not hold back. Built around greens, the dish leans into sharp, bitter, and cold notes. Zucchini ribbons, compressed in parsley oil, sit over snowpeas and arugula dressed in white balsamic, with smoked honeydew and pistachios. A honeydew granita brings everything together, clean and refreshing. The fourth course, Sloth, is perhaps the most familiar and another favorite of mine. It turns to comfort, a bowl of cappelletti filled with caramelized onions, set over braised beef and breadcrumbs, and finished with a burnt onion espuma. Everything is cooked low and slow. Wrath follows with heat. Monkfish comes in a spiced red curry, with alugbati worked in different ways, charred, sautéed, and reduced to ash. Chili threads add another layer, bringing both texture and a steady burn. Then comes Gluttony, which arrives as a spread rather than a single plate. Pork runs through the course, from marinated loin to a pork and shrimp dumpling, with chicharron crumble and roasted squash alongside it. Around it are sides, pork cheek skewer, bone broth, pickled leeks, citrus kosho, and rice, meant to be mixed and matched. WRATH HEAT Monkfish in spiced red curry, with alugbati prepared charred, sautéed, and as ash, topped with chili threads GLUTTONY FEAST A pork-centered spread featuring marinated loin, a pork and shrimp dumpling, chicharron crumble, roasted squash, and a range of sides SLOTH BOWL Cappelletti filled with caramelized onions, set over braised beef and breadcrumbs, finished with a burnt onion espuma The meal closes with Lust. At the center is a spiced honey ice cream, surrounded by strawberry, pomegranate, and chocolate in different forms, gel, powder, sponge, with crisp layers underneath. It is rich, but not heavy, and a fitting way to end the meal. Running through the entire menu is a consistent approach to ingredients. Scraps are reused, peels repurposed, trims transformed into something else. It is not something that calls attention to itself during the meal, but it becomes clear once you start listening to how the dishes are put together. In the end, the theme stays with you, not in an obvious way, but in how the dishes come together. Each course stands on its own, but taken as a whole, it forms a complete story. LUST DESSERT Spiced honey ice cream with strawberry, pomegranate, and chocolate in various textures, layered with crisp elements underneath",0.002148,Neutral,Negative,Neutral,,,,
32294,Manila Bulletin,2026-03-25T00:50:51.223877+00:00,https://mb.com.ph/2026/03/25/yamsuan-bill-to-make-cheap-transport-easier-safer-for-pinoys,"Yamsuan bill to make cheap transport easier, safer for Pinoys","At A Glance Parañaque City 2nd district Rep. Brian Raymund Yamsuan highlighted the need to pass a measure that would institutionalize active transport by establishing a network of pedestrian-friendly and safe ""bike-able"" pathways throughout the country.

Cheap transport has become the name of the game for Filipinos as a result of the runaway prices of fuel. In this regard, Parañaque City 2nd district Rep. Brian Raymund Yamsuan highlighted the need to pass a measure that would institutionalize active transport by establishing a network of pedestrian-friendly and safe ""bike-able"" pathways throughout the country. Yamsuan reckoned that walking, bicycling, and other means of active or non-motorized transport have become practical options for many Filipinos as a means to help soften the impact of current and future oil price shocks. His measure, House Bill (HB) No. 7863 or the proposed Safe Pathways Network Act, aims to provide Filipinos with these alternative means of travel by mandating cities and municipalities, in coordination with national government agencies, to identify and develop walkable and bike-friendly lanes in their respective localities. “The disruption in global oil prices that we are experiencing likely won’t be the last. Many of our kababayans prefer to commute, bike or walk  in order to save money. But our roads have been built mainly to favor cars, with sidewalks either too narrow or blocked, and bike lanes missing, disconnected and unsafe,” said Yamsuan, a vice chairperson of the House Committee on Transportation. “Our proposed Safe Pathways Act responds to this reality. It recognizes the fact that most trips  are not made by private vehicles. Millions of  Filipinos commute and complete their journey on foot when they travel, while others prefer to use bikes. Ang problema ay hindi ligtas ang ating mga kalsada at mga sidewalk para sa kanila. Ito ang gusto nating baguhin (The problem is that our roads and sidewalks are not safe for them. This is what we want to change),” he added. Yamsuan noted that under the administration of President Marcos, the government has been prioritizing the welfare of commuters and pedestrians  in implementing public infrastructure projects, as shown by the ongoing commuter-centric phase of the EDSA rehabilitation project, which includes sidewalk improvements and bike lanes. “This is an opportune time to enact the Safe Pathways Act considering that our ever-reliable Public Works Secretary, Vince Dizon, has been at the forefront of advocating for, and building, safe and more inclusive public spaces for pedestrians and commuters. Simulan natin sa EDSA at ituloy-tuloy na natin ito (Let’s start in EDSA and keep on going with these initiatives),” he said. The first-time districts solon that aside from mitigating the effect of establishing a network of walkable and bike-friendly pathways will also help ease traffic congestion, promote healthy lifestyles, and benefit the environment by lessening air pollution and reducing greenhouse gas emissions from motorized vehicles. At the global level, active transport is widely recognized as essential to achieving the Sustainable Development Goals under the United Nations (UN) 2030 Agenda for Sustainable Development, Yamsuan also pointed out. Under HB No.7863, the local government units (LGUs), in consultation with the Department of Transportation (DOTr) and the Department of Public Works and Highways (DPWH) shall identify and establish a temporary or permanent network of bicycle lanes. Along national roads in Metro Manila, the establishment of bike lanes shall be done by the DOTr in coordination with the DPWH and the Metro Manila Development Authority (MMDA). The LGUs are also tasked with designating or constructing walkways, which may be shared with non-motorized vehicles or personal mobility devices, taking into account the safety of pedestrians. To complement these safe pathways, the bill also mandates LGUs  to designate a network of temporary or permanent “slow streets,” which will have limited access or speed limits for motorized vehicles at certain days or hours. Under the measure, the government will also mandate public places, government offices, schools, places of work, and commercial establishments like malls, banks, and hospitals to provide adequate racks and other end-of-trip facilities for bicycles and other non-motorized vehicles. If enacted into law, the funds necessary for the implementation of the measure shall be sourced from the amounts set aside by LGUs for infrastructure projects within their jurisdiction, as well as from the appropriations of the DOTr and DPWH under the General Appropriations Act, and the Special Road Fund from the Motor Vehicle User’s Charge.

Bike-able pathways Brian Raymund Yamsuan Fuel price crisis Cheap transport",0.014398,Positive,Positive,Positive,,,,
32437,Manila Bulletin,2026-03-25T06:12:45.670897+00:00,https://mb.com.ph/2026/03/25/comelec-sets-voters-registration-among-bilibids-pdls-march-26-and-27,Comelec sets voters registration among Bilibid's PDLs March 26 and 27,"Related Tags

Bilibid voters bucor

The Commission on Elections (COMELEC) is holding on Thursday and Friday, March 26 and 27, a special registration for persons deprived of liberty (PDLs) at the...",0,Positive,Negative,negative,,,,
32441,Manila Bulletin,2026-03-25T06:14:02.687182+00:00,https://mb.com.ph/2026/03/25/trump-administration-offers-15-point-ceasefire-plan-to-iran,Trump administration offers 15-point ceasefire plan to Iran,"Related Tags

WORLDNEWS US-ISRAEL-IRAN WAR CEASEFIRE

DUBAI, United Arab Emirates (AP) — The Trump administration has offered a 15-point ceasefire plan to Iran, according to a person briefed on the contours of...",0,Positive,Negative,Negative,,,,
32516,Manila Bulletin,2026-03-25T08:49:41.252543+00:00,https://mb.com.ph/2026/03/25/iloilo-city-rolls-out-fuel-subsidy-for-tricycle-drivers-operators,"Iloilo City rolls out fuel subsidy for tricycle drivers, operators","ILOILO City tricycle drivers and operators received fuel subsidy from the city government on Wednesday. (Mayor Trenas FB)

ILOILO CITY – The city government rolled out its fuel subsidy program for public utility vehicles, starting with the release of subsidies to 1,718 members of the Tricycle Operators and Drivers Associations (TODA) on Wednesday. “We implemented this assistance program amid the increasing prices of petroleum products due to the conflict in the Middle East,” Mayor Raisa Treñas said in a statement. The P500 Fuel Subsidy Coupon (FSC) was first released to TODA members in Arevalo, Molo, Jaro, and La Paz Districts on Wednesday, to be followed on Thursday with payout at the City Proper and Mandurriao. Treñas said those from Arevalo, City Proper, and Jaro can redeem their coupons on March 27, and March 28 for those coming from Mandurriao, Molo, La Paz, and Lapuz, from 6 a.m. to 3 p.m. Drivers must present the FSC to the identified gasoline station, along with their original driver’s license, a photocopy of their identification card with three specimen signatures, and their official receipt/certificate of registration. “We have personnel from the city government who will assist in gas stations,” the city mayor said. She said the city government will release the FSC to public utility jeepneys once the distribution for TODA members is completed. “We will look for a budget to make the subsidy for the transport sector a monthly provision until the prices of petroleum products stabilize,” Treñas said. (PNA)

Iloilo City Fuel subsidy Tricycle driver",0,Negative,Positive,negative,,,,
32561,Manila Bulletin,2026-03-25T10:09:55.125067+00:00,https://mb.com.ph/2026/03/25/sariaya-mdrrmo-employee-shot-dead,Sariaya MDRRMO employee shot dead,"SARIAYA, Quezon – An employee of the Municipal Disaster Risk Reduction and Management Office was gunned down in Barangay Lutucan 1 here on Wednesday morning. Police identified the victim as Pepe, 37. Investigation said the victim was on his way to work when gunmen on board a motorcycle appeared and shot him. The suspects fled and the victim was taken to a hospital where he was declared dead. Follow-up investigation and manhunt operation are ongoing.

Sariaya Quezon Deaths Murder Crime Shooting",0,Negative,Negative,Negative,,,,
32755,Manila Bulletin,2026-03-26T00:25:20.19798+00:00,https://mb.com.ph/2026/03/26/women-leaders-take-the-helm-as-womenbizph-charts-course-for-2026-asean,Women leaders take the helm as WomenBizPH charts course for 2026 ASEAN,"Just as Women’s Month comes to a close, an intimate event held at the Centro de Turismo in Intramuros marked the official induction and handover ceremony for the new Board of Directors and Trustees of the Women’s Business Council Philippines (WomenBizPH). A leading advocacy group for women in business in the country, the council serves as a platform for influential women leaders and entrepreneurs to engage in government policymaking, regional trade integration, and nationwide economic mobilization. The 2026 officers and trustees of the Women’s Business Council The highlight announcement revealed that, in partnership with the DTI, the Philippine Commission on Women, and the ASEAN Business Advisory Council, WomenBizPH will mount a 2026 roadmap headlined by the ASEAN Women Economic Summit (AWES), the ASEAN Trade Expo, and the Amazing Weaves and Waves Fair. These events will take place from Nov. 7 to 9, 2026, at Okada Manila, as part of the country’s year-long hosting of ASEAN. Mylene Abiva, Ida Tiongson, and Rosemarie Rafael At the general membership meeting Rose Ong, president; Rhoda Caliwara, chairperson; and Atty. Lorna Kapunan, board secretary Cynthia Mamon, Sarah Mateo, and Evelyn Singson Rosemarie Bosch-Ong was inducted as the new WomenBizPH president. In her guest appearance on one of the Women’s Month episodes of Manila Bulletin’s podcast series “The Sit Down,” she discussed her policies and plans for the council this year. Her agenda reflects an appreciation for continuity while also asserting her own brand of leadership and business acumen. Watch this enlightening episode on YouTube and Spotify.",0,Positive,Positive,Positive,,,,
32779,Manila Bulletin,2026-03-26T01:45:37.536817+00:00,https://mb.com.ph/2026/03/26/alleged-troll-accounts-flagged-on-mayor-iskos-page-after-surge-of-angry-reactions,Alleged troll accounts flagged on Mayor Isko's page after surge of 'angry' reactions,"The Office of Manila Mayor Francisco “Isko Moreno” Domagoso said it has identified what it described as alleged troll accounts reacting to posts on the mayor’s official Facebook page. A surge of “angry” reactions is seen on a post from the official Facebook page of Manila Mayor Francisco “Isko Moreno” Domagoso, as the mayor’s office flags accounts with foreign-sounding names as alleged trolls and calls for unity amid ongoing challenges. (Photo courtesy of Manila PIO) According to the mayor’s office, the accounts were observed leaving a surge of “angry” reactions, with many of the profiles bearing names that appeared to be Vietnamese, raising concerns about the authenticity of the activity. In a statement, Domagoso called on the public to avoid spreading hate and political division, urging unity amid ongoing challenges. “Sa gitna ng krisis na ating kinahaharap ngayon, nawa’y iwasan natin ang kulay ng pulitika at ang pagpapalaganap ng galit. Nawa'y ang manaig sa ating isipan at damdamin ay pagkakaisa at malasakit sa isa’t isa (Amid the crisis we are facing today, let us avoid political divisions and the spread of hate. May unity and compassion for one another prevail in our thoughts and hearts),” he said. The mayor also invoked the observance of Lent, encouraging reflection, humility, and change. He added that this is not the time for “bangayan at siraan (infighting and mudslinging),” but for cooperation as communities work to overcome current difficulties. The Office of the Mayor has yet to release further details on the accounts, as monitoring of the page continues.",0.036232,Negative,Neutral,Negative,,,,
32901,Manila Bulletin,2026-03-26T05:46:25.972412+00:00,https://mb.com.ph/2026/03/26/manila-lgu-starts-distribution-of-fuel-subsidy-to-over-20000-delivery-riders,"Manila LGU starts distribution of fuel subsidy to over 20,000 delivery riders","Manila delivery riders wait for their turn to receive the P5,000 fuel subsidy from the national government being given at the Kartilya ng Katipunan in Manila on Thursday, March 26. (Photo from Manila PIO)

A total of 21,127 delivery riders operating in Manila are being targeted to receive the P5,000 fuel subsidy from the national government starting on Thursday, March 26, as part of its efforts in alleviating the adverse economic effects of the Middle East war in the country, particularly on the steep surge in fuel prices in recent weeks. According to Manila Mayor Francisco ""Isko Moreno"" Domagoso, the payout for delivery riders will continue until tomorrow, March 27, at the Kartilya ng Katipunan near the Manila City Hall. ""Sa koordinasyon ng Manila Department of Social Welfare and Development (MDSW) at Manila Traffic and Parking Bureau (MTPB), makatatanggap ang bawat kwalipikadong driver ng tig-P5,000 na tulong mula sa Department of Social Welfare and Development (DSWD), sa ilalim ng Assistance to Individuals in Crisis Situations (AICS) program, katuwang ang Land Transportation Franchising and Regulatory Board (LTFRB) (In coordination with the Manila Department of Social Welfare and Development and the Manila Traffic and Parking Bureau, each qualified driver will receive P5,000 in assistance from the Department of Social Welfare and Development, under the Assistance to Individuals in Crisis Situations program, in partnership with the Land Transportation Franchising and Regulatory Board),"" Domagoso said. During the payout, several beneficiaries expressed their gratitude to the local and national government for the fuel subsidy, saying that the amount can go a long way, especially with these trying times. ""Malaking tulong po ito kasi lately talagang talo ho ako sa kita sa sobrang laki ng tinaas ng gas. Halos kalahati or lagpas kalahati pa minsan ng kita ko yung nagagastos ko sa gasolina kaya ilang araw na hong kulang yung baon ng anak ko sa school (This subsidy is really a big help for me because we are already losing a big part of my earnings to the continuous fuel price hikes. Half, or in some cases, more than half of my earnings go to fuel expenses, affecting my daughter's allowance in school),"" 32-year-old Joel Singaleng said. While some are grateful, a couple of riders lamented the amount given for the fuel subsidy, saying that the money isn't enough for them as the prices of fuel continuously increase further and faster. ""Kulang na kulang ho tong P5,000 para sakin. Sa tindi ng taas ng gasolina ngayon, pang dalawa o tatlong araw lang itatagal nitong ayuda na ito. Mas maganda ho sana kung pabababain nalang nila yung presyo ng gas, ayun mas may sense sakin yun (This P5,000 subsidy is not enough for me. With the extremely high prices of gasoline these days, this cash aid will only last for two to three days. For me, it will be much better and more sensible if they will just lower the prices of gasoline),"" Clark, a 27-year-old delivery rider, explained. The mayor explained the city had first distributed fuel subsidies to tricycle drivers last March 17, followed by 2,629 transport network vehicle service drivers (TNVS) on March 24 and 2,488 jeepney drivers on March 25. Meanwhile, a total of 3,989 motorcycle taxi drivers are set to receive the fuel subsidy on Saturday, March 28. A total of P151,165,000 worth of fuel subsidy was allocated for the assistance program.

PAYOUT FUEL SUBSIDY MIDDLE EAST WAR MANILA CITY DELIVERY RIDERS ISKO MORENO DOMAGOSO METRO NEWS",0.062069,Positive,Positive,Positive,,,,
32944,Manila Bulletin,2026-03-26T07:06:37.422086+00:00,https://mb.com.ph/2026/03/26/bad-blood-leads-to-stabbing-in-pandacan-manila-2-women-arrested,"Bad blood leads to stabbing in Pandacan, Manila; 2 women arrested","Police have arrested two women for assaulting and stabbing another woman in Barangay 843, Pandacan, Manila, on Thursday, March 26. According to the Manila Police District (MPD), the 29-year-old victim was on her way home along Zamora Street when the two female suspects, identified as the victim's neighbors, blocked her way and immediately assaulted her. They subsequently stabbed the victim multiple times with a knife in parts of her body before escaping. The victim was rushed to Sta. Ana Hospital where she is recuperating from her injuries. The suspects were arrested by the police shortly after. Further investigation revealed the two have a long-standing feud with the victim, prompting them to commit the crime.

MPD STABBING METRO NEWS MANILA CITY",0,Negative,Negative,Negative,,,,
32947,Manila Bulletin,2026-03-26T07:10:22.527329+00:00,https://mb.com.ph/2026/03/26/ombudsman-assures-freezing-of-assets-of-persons-charged-in-anomalous-flood-control-projects,Ombudsman assures freezing of assets of persons charged in anomalous flood control projects,"The Office of the Ombudsman assured that the assets of persons and owners of construction firms charged in the anomalous flood control projects will remain frozen even if the freeze orders issued by the Anti-Money Laundering Council (AMLC) expire in six months. Assistant Ombudsman Mico Clavano on Thursday, March 26, said that the assets will remain frozen as long as there are asset preservation orders in civil forfeiture proceedings on the same cases. ""Naka freeze pa din po ang mga assets nila sa bangko (Their assets are still frozen in banks). I would just like to clarify that,"" Clavano said during a press briefing. He said that since the flood control scam is one of the biggest scandals in Philippine history, it is important for the people to truly understand the nuances of the cases. ""Mahalaga po ang AMLC, at magaling ang mga tao sa AMLC. Marami na sila nabibigay na information sa atin, (The AMLC is really important, and the people from AMLC are really good. They have given us so many information),"" he also said. Clavano pointed out that the AMLC is responsible for the freezing of billions of pesos and in the filing of civil forfeiture cases that are now pending in court. He explained that AMLC’s freeze orders only last for six months. But as long as AMLC continues to file civil forfeiture cases in a timely manner, the assets will continue to be preserved, he said. He also said: ""We hit them where it hurts. At yun ang pera na nakuha nila sa flood control (And that is with the money they got from flood control). We will not forget that, kasi iyon talaga ang mas masakit sa kanila, ang makuha natin ang perang talagang sa atin (because that is what is most painful for them, that we got the money that is truly ours)."" The AMLC has so far frozen assets worth P27.8 billion, owned by close to 900 high-profile personalities and 650 entities involved in the flood-control scam. These assets include 8,000 bank accounts, over 200 real properties, as well as several vehicles and aircrafts.

flood control cases ombudsman frozen assets",0.051351,Positive,Negative,Positive,,,,
32987,Manila Bulletin,2026-03-26T08:25:15.253615+00:00,https://mb.com.ph/2026/03/26/power-market-halted-as-energy-emergency-triggers-sweeping-measures,Power market halted as energy emergency triggers sweeping measures,"With the country now under a state of national energy emergency, regulators have moved swiftly to contain the impact of surging global fuel prices, suspending the power spot market and rolling out emergency measures to stabilize electricity supply and prices. To reduce supply risks amid the persistent Middle East conflict, the Department of Energy (DOE) and the Energy Regulatory Commission (ERC) have ordered measures to safeguard consumers from intensifying price volatility. In a statement on Thursday, March 26, the ERC said it has ordered the suspension of the Wholesale Electricity Spot Market (WESM) nationwide, with the power system to operate under a special dispatch guideline imposed by the DOE. The measure aims to prioritize the dispatch of available renewable energy (RE) capacity, secure critical fuel inventories amid global supply disruptions, and establish an operational framework for system dispatch. These actions are aimed at balancing consumer protection from bill shocks while maintaining a financially viable environment for generators. During the market suspension, regulators will implement a modified administered pricing (AP) mechanism that uses “technology-based” pricing to reflect current fuel costs while ensuring power generators continue operating. Under this program, coal plants may be paid at a fixed rate, natural gas plants under contracted prices, while RE sources such as hydropower and geothermal will be managed through administered pricing with preferential dispatch. Oil-powered plants, on the other hand, will be compensated based on administered prices. The ERC said adopting a modified pricing mechanism is necessary, as historical market prices from January and February—typically used as the basis for administered prices under existing rules—no longer reflect current conditions due to fuel supply constraints brought about by the intense geopolitical climate. ERC Chairperson Francis Saturnino Juan said the move would help ensure both stable supply and reasonable pricing. “The temporary suspension of the WESM and the implementation of a modified administered pricing mechanism are necessary measures to cushion the impact of volatile fuel prices and safeguard the integrity of our power system,” he said. The Independent Electricity Market Operator of the Philippines (IEMOP) and National Grid Corp. of the Philippines (NGCP) have been directed to comply with these interim measures. To further reduce exposure to supply strains, the DOE reiterated the need to maximize the use of RE, indigenous sources, and the full dispatch of coal-fired power plants to help lower electricity costs by increasing available capacity. “As a net importer of oil, coal, and liquefied natural gas (LNG), we are acting with heightened discipline to preserve power system reliability in the face of escalating global fuel market volatility,” said Energy Secretary Sharon Garin. Beyond the power sector, the DOE is also advancing an emergency energy security program backed by a ₱20-billion fund to procure refined petroleum products, augment liquefied petroleum gas (LPG) supply, and build up domestic fuel inventories to as much as two million barrels. The budget will be allocated to the Philippine National Oil Co. (PNOC) and PNOC Exploration Corp. (PNOC-EC), in coordination with the Department of Budget and Management (DBM). Authorities have yet to release a detailed breakdown and timeline for the implementation of these financing activities.",0,Negative,Negative,Negative,,,,
32993,Manila Bulletin,2026-03-26T08:28:46.244228+00:00,https://mb.com.ph/2026/03/26/iran-rejects-us-ceasefire-plan-issues-its-own-demands-as-strikes-land-across-the-mideast,"Iran rejects US ceasefire plan, issues its own demands as strikes land across the Mideast","Related Tags

WORLDNEWS Iran war ceasefire

DUBAI, United Arab Emirates (AP) — Iran on Wednesday dismissed an American plan to pause the war in the Middle East and launched more attacks on Israel and...",0,Negative,Negative,Negative,,,,
33033,Manila Bulletin,2026-03-26T09:49:26.341902+00:00,https://mb.com.ph/2026/03/26/huwag-na-matulog-gatchalian-presses-govt-agencies-to-find-new-oil-sources-amid-supply-uncertainty,'Huwag na matulog': Gatchalian presses gov't agencies to find new oil sources amid supply uncertainty,"At A Glance Senator Sherwin Gatchalian urged government agencies on Thursday, March 26, to act swiftly to secure additional petroleum supplies amid growing uncertainty in the global market.

Senator Sherwin Gatchalian urged government agencies on Thursday, March 26, to act swiftly to secure additional petroleum supplies amid growing uncertainty in the global market. Senator Sherwin Gatchalian (Senate PRIB photo) Gatchalian said this during the second organizational meeting, specifically calling on the Department of Energy (DOE) and the Philippine National Oil Company (PNOC) to find alternative sources of fuel. ""Huwag na—huwag na kayong matulog, kasi nasa inyo na 'yung—humihingi sila ng tulong sa inyo, eh. 'No? So, kailangan na talagang—mag-double time tayo dito kasi kung sinasabi nga ng oil companies, 'hirap kami,' then it's up to government to move, 'no? (Don’t—don’t go to sleep on this anymore, because it’s already in your hands—they’re asking for your help. Right? So we really need to double time here because if oil companies are saying, ‘we’re struggling,’ then it’s up to the government to move)"" he said. ""Like I said, sixty days will fly by so fast. Kung hindi tayo magse-secure ngayon, pagdating ng panahon, problema tayong malaki (If we don’t secure supply now, we’ll face a big problem later on),"" he added. Gatchalian emphasized that oil companies themselves have admitted they are facing uncertainty from their suppliers, with no guarantee that they will be able to obtain supplies in their next importation. Executives from major oil firms appeared before the panel to to brief lawmakers on the growing challenges in securing petroleum supplies. They pointed out that the closure of the Strait of Hormuz—a key global shipping route—has significantly disrupted supply chains. The situation has been compounded by export restrictions imposed by some supplier countries, further straining nations like the Philippines that depend heavily on Middle Eastern crude. Petron Corp. general manager Lubin Nepomuceno said China, Thailand, and Singapore have implemented temporary export bans to safeguard their own supply. “Securing crude and finished products continue to become more difficult… Replenishment of crude, which Petron primarily sources from the Middle East, has been halted as a result of the closure of the Strait of Hormuz,” he said. Shell Pilipinas Corp. President and CEO Lorelie Quiambao-Osial warned that a prolonged conflict would tighten global supply, with Asia already feeling the initial impact. “If the conflict continues, then there will be tightness (of supply) in the entire world, which was first felt in Asia.” “Today is March 26, which is the 26th day of the technical closure of the Strait of Hormuz, and that accounts for 20 percent most of that is going through Asia…When it comes to supply, it is getting tighter and tighter,” she said. Chevron Philippines President Pongtorn Tangmanuswong noted that their refineries are still operating using pre-war crude supplies, but these may only last for about two months, even with reduced production. Gatchalian expressed concern over the limited supply outlook, saying it could only last until late April or May. “When I heard the statements of oil companies, medyo na-depress po ako. What I wanted to hear is certainly, na mayroong supply na papasok. It’s quite concerning. You cannot run a country or a business with uncertainty of fuel supply,” Gatchalian said. DOE Undersecretary Felix William Fuentebella said authorities are actively monitoring for profiteering and hoarding amid the crisis. He added that the agency is set to hold a crisis meeting next Tuesday with the Department Budget Coordination Committee (DBCC) to discuss whether fuel excise taxes should be suspended or reduced under the President’s emergency powers. Meanwhile, Department of Finance Undersecretary Karlo Adriano said the President is expected to issue an executive order around April 12 or 13, deciding whether to fully suspend or partially reduce the excise tax.

Sherwin Gatchalian Department of Energy (DOE) philippine national oil company (PNOC) oil supply",0.022255,Negative,Neutral,Negative,,,,
33076,Manila Bulletin,2026-03-26T11:08:35.906717+00:00,https://mb.com.ph/2026/03/26/dole-secures-p145-m-in-unpaid-wages-for-surigao-workers,DOLE secures P1.45-M in unpaid wages for Surigao workers,"At A Glance 63 workers in Surigao del Norte recovered P1.45 million in unpaid wages. 37 of 53 Requests for Assistance resolved through DOLE's SENA program. SENA offers fast, low-cost, and non-adversarial conciliation-mediation within 30 days.

Beneficiaries in Surigao del Norte receive their unpaid wages through DOLE’s SENA program. (Photo courtesy of DOLE Surigao del Norte Field Office) The Department of Labor and Employment (DOLE) facilitated the recovery of P1.45 million in unpaid wages for 63 workers in Surigao del Norte during the first quarter of 2026. The DOLE said 37 of 53 Requests for Assistance (RFAs) on unpaid salaries and employment disputes were resolved quickly through its Single-Entry Approach (SENA). The cases involved unpaid wages, monetary claims, and other employment-related issues, reflecting ongoing workplace challenges in the region. “Through conciliation-mediation, SENA provides a faster, less costly, and non-adversarial way for workers and employers to reach agreements within 30 days,” the agency said. One beneficiary, Menandro, said he and four co-workers sought DOLE’s assistance over unpaid salaries, with the financial settlement providing vital support for his family. “The assistance is a big help to my children, who are still in school, and to the needs of my family,” he said. DOLE emphasized SENA as its flagship program, highlighting its role in protecting workers’ rights while fostering harmonious employer-employee relations and reducing backlogs in labor courts.

DOLE Surigao del Norte unpaid wages labor disputes SENA",0,Positive,Positive,Positive,,,,
33143,Manila Bulletin,2026-03-26T13:51:56.923935+00:00,https://mb.com.ph/2026/03/26/internet-personality-kween-yasmin-sparks-concern-after-conflicting-pregnancy-posts,Internet personality Kween Yasmin sparks concern after conflicting pregnancy posts,"Filipino internet personality Kween Yasmin drew widespread attention after announcing she was pregnant on March 26, only to later say that she was not. The updates circulated quickly online, prompting a mix of confusion, concern, and speculation among social media users. Kween Yasmin Kween is known for her viral presence on platforms like Facebook and TikTok, where she shares personal stories, comedic skits, and candid life updates. Her content often blends humor with emotional or unconventional posts, which has helped her gain a substantial following in the Philippines. Because of this mix of styles, some initially assumed the posts were meant humorously, though others pointed to the seriousness of her statements as a reason for concern. In her first Facebook post, Kween wrote: “I have been pregnant for three weeks already. The father is Elmer Declaro Villacura. My beloved spouse, I love you. I am just trying to fight what was put inside me. But I still love him very much. I will continue with work and stay happy. I didn’t steal anything, I didn’t hurt anyone, and so on. Why are you denying our child? Do you still love me, Troy Tuyor? The one involved is none other than Iyan Lita, my first ex. My second love and the last person I will love is my beloved spouse, Elmer Declaro Villacura, also known as Troy Tuyor. And I did not allow anyone else to touch me. I love you, my beloved spouse. (Totoong buntis Ako 3 weeks ago pa lang Ang Ama si Elmer Declaro Villacura. Mahal Asawa ko love you mahal asawa ko nilalaban ko lang yung nilagay nilang ano sakin. Pero mahal na mahal ko pa rin sya. tuloy pa din trabaho at kasiyahan. Wala akong ninakaw, Wala akong sinaktan. At iba pa. Bakit dinideny mo anak natin dalawa? Mahal mo pa ba ko? Troy Tuyor, yung isang pumaslang ay walang iba kundi si Iyan Lita, yung unang kong ex. Pangalawa Kong mahal and huling manahalin ay walang iba kundi si Mahal asawa ko Elmer Declaro Villacura A.k.A. troy Tuyor. At Hindi Ako nagpagalaw sa iba. Love you mahal asawa ko.)"" The post quickly went viral, gaining thousands of shares and reactions. A few hours later, she shared another update: “I just took another pregnancy test, and it’s negative. It became negative again, because of stress from being angry at him. But everything is all good now between me and my beloved spouse Troy Tuyor. (Kaka PT lang ulit Negative na. Naging Negative na ulit. Dahil sa stress sa galit sa kanya. Pero all goods Naman na kami with Mahal Asawa ko Troy Tuyor.)"" In the comments section, she added: “This is not a prank. The first test was positive. The second one was negative. It’s negative now, because of him. There is no more pregnancy. Sad—he caused me to lose our baby. Then he kept making me take other medicines, one after another. (Hindi Naman po prank. Nung una positive po. Pangalawa negative na po. Negative na po, sa kanya. Wala ng buntis. Sad nilaglag kasi nya yung baby namin. Tapos pinapainom pa nya Ako na ibang gamot. Sunod sunod.)"" The partner mentioned in her posts is Elmer Declaro Villacura, also known as Troy Tuyor. According to unverified online claims, he may have previously been involved with another family, though no official confirmation has been made. Following these developments, the online reaction began to shift. What initially appeared confusing or ambiguous soon raised more serious questions, particularly regarding the claims she later shared in the comments. Some users called for clarification, but as the details sank in, others started to take it a bit more seriously. For her part, Kween has stated that she plans to visit a fertility clinic to check on her condition. As of now, no further updates have been provided, leaving the full context of the situation unclear. (Ian Ureta)

Kween Yasmin pregnancy TikTok Facebook",0.058383,Neutral,Negative,Neutral,,,,
33291,Manila Bulletin,2026-03-27T02:58:04.583386+00:00,https://mb.com.ph/2026/03/27/after-markets-rattle-trump-once-again-punts-on-following-through-with-threat-on-iran-power-plants,"After markets rattle, Trump once again punts on following through with threat on Iran power plants","WASHINGTON (AP) — Facing a convulsing stock market, President Donald Trump on Thursday moved to buy himself more time and hold off, once again, on carrying out a threat to obliterate Iran’s energy plants over the Islamic Republic's effective closure of the Strait of Hormuz. Trump said he was delaying taking potential action because talks aimed at ending the conflict are going “very well,"" despite the fact that Iran continues to publicly insist it is not negotiating with the White House on a 15-point proposal — delivered by Pakistani intermediaries — to end the war. He said Iran had asked for the grace period. “They asked for seven (days),"" Trump said in an appearance on Fox News Channel's “The Five” shortly after he announced on social media he would give Iran until April 6 to reopen the strait. “And I said, ‘I’m going to give you 10.’"" Trump publicized his decision shortly after Wall Street closed Thursday, another rocky day with U.S. stocks recording their biggest loss since the war with Iran started. The S&P 500 dropped 1.7%, the Dow Jones Industrial Average dropped 469 points, or 1%, and the Nasdaq composite sank 2.4% to fall more than 10% below its all-time high set early this year. Trump first threatened to bombard Iranian energy facilities on Saturday — and almost immediately began vacillating. In his initial threat, he gave Tehran 48 hours to open up the strait, a chokepoint for global oil markets. But he backed off on Monday, saying he would give Iran an additional five days, after Asian markets gyrated. Then, he punted again after Thursday's shaky markets. Trump's decision follows a pattern This was not the first time Trump has appeared to have been jostled into adjusting policy in the face of market volatility. Last April, after implementing new tariffs that triggered the worst two-day sell-off for the S&P 500 in five years, Trump announced a 90-day halt on the most severe tariffs for all countries except China. But on Thursday, Trump bristled at the notion that his team is struggling to find an endgame to the conflict. Speaking to reporters as he met with his Cabinet, he insisted that Iran had already been “decisively defeated.” “We have very substantial talks going on with respect to Iran — with the right people,” Trump said. Iran had effectively dared Trump to follow through on the threat, warning it would retaliate against the region’s vital infrastructure, including desalination facilities for drinking water, if the U.S. or Israel hit its power plants. Iran also has tightened its grip on the strait, as it seeks to create something akin to a “toll booth” for tankers to pass through the narrow waterway. The uncertain market reaction to Trump's red line on the strait has left the White House struggling to shape the war's narrative, with global investors fretting over whether — and how — the president can bring about an end to the war and reopen the critical waterway, through which about 20% of the world’s oil passes each day. Trump warns Iranian negotiators to ‘get serious’ Earlier on Thursday, Trump claimed he had not decided if he would give Iran more time to fully open the strait. He said it would depend on what his negotiators — envoy Steve Witkoff, son-in-law Jared Kushner, and Vice President JD Vance — reported to him about the state of broader talks to end the war. Trump also insisted Tehran was “begging” for a deal, while at the same time excoriating Iran’s negotiators to “get serious soon, before it's too late.” Witkoff said the administration was focused on convincing Iran “that this is the inflection point with no good alternatives for them other than more death and destruction.” The New York real estate developer-turned-diplomat told Trump's Cabinet that the administration had received “strong signs” that peace was a possibility, and said that “Iran is looking for an off-ramp” following Trump’s threat on its power plants. The White House has downplayed the impact of the war on the economy Meanwhile, Trump and his top aides attempted to downplay the impact of the price shock at gas pumps for consumers in Asia, Europe and the United States. “I thought the oil prices would go up more and I thought the stock market would go down more,” Trump said. ""Hasn’t been nearly as severe as I thought. I think they have confidence in maybe the American president and maybe the people sitting around this table.' Trump downplayed the importance of marshaling a coalition of partners to help protect tankers moving through the strait, saying the U.S. has “so much oil — our country is not affected by this.” While it’s true that the United States doesn’t rely on resources moving through the strait, the price of oil is set on the global market. That has raised prices at the pump for drivers the world over, including the U.S., where the nationwide average price of gas is up more than a dollar from just a month earlier. Treasury Secretary Scott Bessent said that Iran, by restricting oil and natural gas shipped through the strait, is “trying to take control of the global economy through a chokepoint that we believe does not exist.” Bessent’s phrasing was misleading, as the strait is critical, especially for Asia, and energy prices have increased since the war with Iran began. He expressed optimism that more tankers would make it through the Strait of Hormuz. “I am confident that shipping traffic will continue to increase on a daily basis, even before we secure” the strait, Bessent said. Meanwhile, Trump continues to shift more troops to the region Even as the White House continues to insist progress is being made in finding an endgame to the conflict, Trump continues to work to shift more troops to the Middle East. The Pentagon is preparing to deploy at least 1,000 soldiers from the Army’s elite 82nd Airborne Division to support operations against Iran, the AP reported earlier this week. The deployment would come atop of some 5,000 Marines who are being shifted to the Mideast. Those forces are over and above the 50,000 U.S. forces already in the region. The surge of Marines and soldiers has fed speculation that Trump is, at the very least, positioning troops to conduct limited ground strikes to secure the banks of the strait or capture Kharg Island, a critical part of Iran's oil industry. Defense experts say U.S. ground forces could certainly capture Kharg and help secure the strait, but the cost could be a war of attrition in which American lives and taxpayer money present a hefty price. “Yes, we could do it, but the question isn’t can we do it?"" said Mick Mulroy, a former deputy assistant secretary of defense now with the Middle East Institute in Washington. ""It’s — should we do it? And the best route out is going to be diplomacy. I know it’s easier said than done, but diplomacy and negotiations only work if both sides are willing to compromise.” Trump on Thursday also announced that Iran is allowing several Pakistan-flagged tankers through the strait. It's something he hopefully suggested was a sign of good faith for the talks. “Well, I guess we’re dealing with the right people,” Trump said.",0,Neutral,Positive,Neutral,,,,
33326,Manila Bulletin,2026-03-27T04:19:40.236548+00:00,https://mb.com.ph/2026/03/27/ph-seals-visiting-forces-deal-with-france-heres-why-it-matters,PH seals visiting forces deal with France; here's why it matters,"The Philippines and France have officially signed a Status of Visiting Forces Agreement (SOVFA), a landmark pact that provides a legal framework for large-scale military cooperation and joint exercises between the two countries. Department of National Defense (DND) Secretary Gilberto Teodoro Jr. met French Minister for the Armed Forces and Veterans Catherine Vautrin on Thursday, March 26, at the École Militaire in Paris, where both sides finalized negotiations for a Philippines-France SOVFA. “ We signed the Status of Visiting Forces Agreement between the Philippines and France, only one year after His Excellency, President Ferdinand R. Marcos Jr., authorized us to begin negotiations,” Teodoro said. “ We were able to reach this stage in record time because of the fact that our two countries have had years of trust and confidence in working and dealing with one another. We have shared values, shared objectives, and shared visions for both our future and current generations,” he added. The agreement, which mirrors similar deals that Manila holds with the United States, Australia, Japan, New Zealand, and Canada, is the country’s first such pact with a European state. It allows foreign troops to train and operate temporarily on Philippine soil under defined legal rules, and vice versa. “The agreement will greatly bolster bilateral cooperation and offer an adequate level of legal protection to the joint activities between the Armed Forces of the Philippines and the French Armed Forces,” DND spokesperson Asst. Sec. Arsenio Andolong said. A SOVFA sets the legal status of visiting troops, defining jurisdiction over crimes, entry and exit procedures, taxes, and movement of personnel and equipment. For the Armed Forces of the Philippines (AFP), the agreement removes uncertainty when training or operating with the French Armed Forces, and activities can proceed faster and with fewer diplomatic hurdles, the DND explained. Further, with a SOVFA, the AFP and French Armed Forces can scale up their exercises including naval drills, disaster response, and maritime security operations. With the agreement, the AFP also gains exposure to French and NATO-standard systems, doctrine, and tactics that could improve their interoperability with the French military, which means Filipino troops can operate more smoothly with allies in real-world missions. The deal capped months of engagement anchored on a December 2023 letter of intent to strengthen bilateral defense relations as Manila pushes to expand partnerships amid evolving security challenges across multiple regions. During their bilateral meeting, Teodoro and Vautrin discussed regional security concerns spanning the Indo-Pacific, the Middle East, South-West Asia, and Europe. They stressed the need for multilateralism and a rules-based international order, and also called for peaceful dispute resolution and stronger supply chains during crises. The meeting also highlighted shared positions on maritime law as both countries reaffirmed adherence to the 1982 United Nations Convention on the Law of the Sea (UNCLOS) and the 2016 arbitral ruling on the South China Sea, a decision that invalidated sweeping claims by China but continues to face resistance in the region. France’s growing engagement with Southeast Asia also figured in the talks as Manila welcomed Paris’ rapprochement with the Association of Southeast Asian Nations (ASEAN) and its participation in the ASEAN Defence Ministers’ Meeting-Plus, particularly in working groups on humanitarian assistance, disaster response, and maritime security. Defense ties between Manila and Paris have expanded in recent years through dialogues, military exchanges, port visits, and joint training activities. The DND said these efforts reflect Manila’s broader push to diversify its security partnerships beyond its traditional allies. ""This is a function of stewardship in several things, in enhancing both our individual and collective defense capabilities; and secondly, also equally important, is to protecting the international order under the regime of international law to include fundamental peremptory treaty in the world in 1982 UN Convention on the Law of the Sea,"" Teodoro shared. ""And lastly, it is a recognition of the contributions of our people to each other's countries and a commitment that we will work together to safeguard their safety and well-being wherever they may be, whether in France or in the Philippines, or wherever where we can both help each other,"" he added. NATO ties Prior to this, Teodoro called for “cross-regional convergence in the defense and military domains” during his meeting with Admiral Giuseppe Cavo Dragone, chair of the Military Committee of the North Atlantic Treaty Organization (NATO), on the sidelines of the 2026 Paris Defence and Strategy Forum. The two officials built on earlier discussions at the 2025 Seoul Defense Dialogue, where they tackled geopolitical competition and strategic stability. Teodoro said the Philippines is laying the groundwork for stronger interoperability and exchanges with European Union and NATO countries, which is tied to Manila’s goal of improving resilience and protecting Filipinos overseas. NATO, for its part, signaled openness to deeper engagement as Dragone “affirmed NATO’s willingness to pursue cooperation with the Philippines.” Both sides also recognized the importance of sharing information and best practices as security challenges become more interconnected, the DND said.

DND SOVFA France Gilberto Teodoro Jr. NATO",0,Positive,Positive,Positive,,,,
33359,Manila Bulletin,2026-03-27T05:36:22.021147+00:00,https://mb.com.ph/2026/03/27/manila-lgu-to-shoulder-jeepney-drivers-earnings-to-provide-free-rides-for-commuters,Manila LGU to shoulder jeepney drivers' earnings to provide free rides for commuters,"Manila Mayor Francisco ""Isko Moreno"" Domagoso (Photo from Manila PIO)

The Manila City government, together with jeepney drivers operating in the city, has agreed to provide free rides to commuters, with the city shouldering the earnings of participating jeepney drivers under its newly passed Executive Order No. 14, series of 2026, Manila Mayor Francisco ""Isko Moreno"" Domagoso announced on Friday, March 27. Following his meeting with the presidents of 22 Jeepney Operators and Drivers Associations (JODA), Domagoso said the arrangement allows the city government to subsidize the daily operations of participating jeepneys, ensuring that drivers and operators receive guaranteed income while passengers are not charged fares. More than 1,400 jeepneys are expected to participate in the program, covering routes across Manila and nearby areas, with more than 100,000 passengers targeted to be served daily. “Hihiramin ko ’yung mga jeep at driver. Garantisadong bayad araw-araw. May kita ang operator, may kita ang driver. Tiyak na kita, kasiguruhan. May kita ang gasolinahan at mga nagnenegosyo sa Maynila, at higit sa lahat, walang kailangang bayaran ang ating mga mananakay kapag ang jeep na sasakyan nila ay kasapi ng programa ng Lungsod ng Maynila (I'm assuring that the payment for their services will be given daily. Even the gasoline stations and businesses in Manila will keep their earnings as well. But most of all, our commuters will no longer have to pay for their fares, as long as the jeepney they are riding on is included in this program of the City of Manila),"" Domagoso said. He explained participating jeepney drivers will receive about P3,000 per day depending on the type of their unit. The city government said the agreement was developed within 48 hours as an immediate solution to cushion the impact of the global oil crisis, which has significantly reduced drivers’ take-home pay to as low as P200 to P500 daily. ""The free ride program will initially run for five days across two weeks—Monday and Tuesday of the first week and Monday to Wednesday of the following week—with possible extension depending on available funds,"" Domagoso noted.

ISKO MORENO DOMAGOSO LIBRENG SAKAY MIDDLE EAST WAR METRO NEWS MANILA CITY",0.038147,Positive,Positive,Positive,,,,
33364,Manila Bulletin,2026-03-27T05:44:47.103128+00:00,https://mb.com.ph/2026/03/27/madriaga-comical-to-claim-teves-wants-him-dead-duterte-camp,Madriaga 'comical' to claim Teves wants him dead — Duterte camp,"Vice President Sara Duterte arrives at the Office of the City Prosecutor of Taguig City on Wednesday, March 4, to file perjury complaint against Ramil Madriaga, who claimed to be her former bagman. (OVP Photo)

The camp of Vice President Sara Duterte found it ""comical"" that self-confessed bagman Ramil Madriaga made claims that former Negros Oriental representative Arnie Teves wants him dead, prompting him to seek protection from the House of Representatives. Lawyer Salvador Paolo Panelo, Duterte's counsel in her perjury complaint against Madriaga, said the latter was lying again ""to insinuate that VP Sara, through Teves, is behind the alleged threat to his life."" Department of the Interior and Local Government (DILG) Secretary Jonvic Remulla earlier denied Madriaga's allegation that Duterte had visited him in detention, and it was Teves whom Duterte met. ""Since his lie was exposed, Madriaga has conveniently shifted his narrative,"" Panelo said in a statement on Friday, March 27. On Wednesday, March 25, Akbayan Party-list Rep. Chel Diokno made a motion to place Madriaga under protective custody, citing various reasons, including his claim that he was dragged into a cell made by Teves. Panelo said such an ""obvious falsehood is entirely on brand for someone who has lied through his teeth about his supposed association with the Vice President, and his own background."" ""The House Justice Committee’s blind acceptance of this ridiculous and unsubstantiated narrative from a 'polluted source' only confirms the Committee’s willingness to entertain fabrications in pursuit of a politically motivated agenda,"" he added.

Ramil Madriaga Sara Duterte House of Representatives Vice President Sara Duterte",0,Negative,Neutral,Negative,,,,
33403,Manila Bulletin,2026-03-27T06:55:38.114944+00:00,https://mb.com.ph/2026/03/27/how-one-government-fair-is-rewriting-the-first-job-story-for-filipino-youth,How one government fair is rewriting the first-job story for Filipino youth,"Graduating Senior High School and Alternative Learning System learners secure on-the-spot employment during the nationwide Bagong Pilipinas Serbisyo Fair, bringing job opportunities directly into schools. (DepEd photo)

In a crowded school area turned job hub, the usual end-of-school-year anxiety—résumés, long lines, and uncertain prospects—gave way to something unexpected: on-the-spot job offers. For thousands of graduating learners, the nationwide rollout of the Bagong Pilipinas Serbisyo Fair (BPSF) did more than connect them to employers—it collapsed the long, costly gap between finishing school and finding work. At least 1,488 graduating Senior High School (SHS) and Alternative Learning System (ALS) learners were hired immediately during the synchronized rollout, marking a shift in how the government approaches youth employment, as directed by President Ferdinand R. Marcos Jr. A one-stop shop for first jobs Across roughly 40 schools nationwide, available spaces were transformed into employment centers. Government desks stood beside recruiters’ booths, offering everything from job interviews to pre-employment processing—often completed within the same day. The initiative, led by the Department of Education (DepEd) and the Department of Labor and Employment (DOLE), was designed with a simple but powerful premise: bring jobs and government services closer to where students already are. For many first-time job seekers, this meant avoiding the typical maze of requirements—multiple agency visits, transportation costs, and days or weeks of waiting. DepEd Secretary Sonny Angara, in a statement issued Friday, March 27, framed it as both an economic and social intervention. “In times of crisis, it is our duty to bring government services and real-world opportunities closer to our learners to ensure they have a fighting chance as they enter the workforce,” Angara said. “By eliminating the high costs of pre-employment requirements, we empower our graduates to focus on building their careers immediately,” he added. Numbers that tell a bigger story The hiring surge was not incidental—it was engineered. A total of 1,188 SHS Technical-Vocational-Livelihood (TVL) graduates and ALS learners were hired during the nationwide rollout, with 300 more having already secured jobs during pilot runs in Metro Manila, Sorsogon, Cebu, and Davao del Norte. According to DepEd, 40 percent of qualified applicants landed jobs on the spot, while 5,975 learners accessed free pre-employment documents. DepEd stressed that behind these numbers is a deliberate strategy: aligning skills training with immediate labor market demand, particularly for TVL graduates equipped for work-ready roles. Removing barriers before they begin For many young Filipinos, the hardest part of employment is not landing a job—it’s completing the requirements. Birth certificates, NBI clearances, and police clearances each come with costs and logistical challenges that can stall job applications before they even begin. Through the BPSF, DepEd and DOLE said these barriers were addressed head-on. Learners processed essential documents for free, in compliance with Republic Act No. 11261, a measure originally co-authored by Angara during his time in the Senate. DOLE Undersecretary Carmela Torres emphasized that the program goes beyond immediate hiring. “We want our youth to know that the government is listening and providing the necessary assistance and services as they take their first steps toward a career,” she said. “Through the BPSF, we are not just offering jobs; we are offering employment pathways,” she added. ‘Nandito na pala lahat’ For Trexie Estayan, a Grade 12 TVL learner from Sorsogon, the experience captured the program’s impact. “Ang hirap po talaga magsimula pagkatapos grumaduate. Hindi ko po alam kung saan ako pupunta, kung saan ako magsisimula. Pero dito sa Serbisyo Fair, nandito na pala lahat (It’s really hard to start after graduating. I don’t know where to go, where to begin. But here at the Serbisyo Fair, it turns out everything is already here),” Estayan said. Estayan’s words reflect a common reality: uncertainty, lack of access, and unclear starting points. The fair replaced that uncertainty with immediacy—and, for many, a first paycheck on the horizon. A new model for school-to-work transition The BPSF signals a broader policy shift—one that treats employment not as a post-graduation concern but as an integral part of the education system. By embedding job matching, government services, and employer engagement directly into schools, the initiative reframes graduation not as an endpoint but as a launchpad. If sustained and scaled, the model could redefine how Filipino youth enter the workforce—faster, more supported, and with fewer structural barriers. For now, in many school areas across the country, that future is already taking shape—one job offer at a time.

DepEd DOLE Bagong Pilipinas Serbisyo Fair SHS graduates employment Philippines ALS graduates job hiring youth employment Philippines 2026 BPSF",0.005051,Positive,Positive,Positive,,,,
33408,Manila Bulletin,2026-03-27T06:58:55.735799+00:00,https://mb.com.ph/2026/03/27/away-from-fear-based-approaches-health-advocates-launch-community-led-drug-education-modules,'Away from fear-based approaches': Health advocates launch community-led drug education modules,"(JEL SANTOS/MB PHOTO) Health advocates on Friday, March 26, launched the ACCEPT Drug Education Modules in Quezon City, promoting a shift away from fear-based approaches to drug education in the Philippines. The modules, developed under the ACCEPT Project (Advancing Compassionate, Evidence-informed, Practical, and Transformative Modules for Sensible Drug Conversations), are a community-led initiative that seeks to shift toward public health- and human rights-based approaches to substance use. Dr. Raymond John Naguit, the project lead of the ACCEPT Project, said drug education has long relied on fear. “For too long, drug education has relied on fear. The ACCEPT modules prove that when we empower communities with evidence and empathy, we don’t just reduce stigma—we create community,” he said. “This year’s implementation has shown that a public health framework to speaking about drug use is the most effective path forward for the Philippines,” he added. Commissioner Maria Amifaith Fider-Reyes of the Commission on Human Rights (CHR) said a true public health approach entails viewing drug policy through a transitional justice lens, which examines the roles of all stakeholders. “Under this framework, users will be reintegrated as productive community members, law enforcers will be reactivated as enforcers of human rights, and the entire legal ecosystem will be overhauled to shift justice away from prison, abuse, and impunity,” she said. Meanwhile, Kababaihan sa Pagbabago at Pagbangon’s Bernadette Boyles said the voices of communities, especially women, have long been overlooked in drug-related discussions, stressing their role in driving reform. “Sa ACCEPT modules, sila mismo ang nasa sentro. Kapag may tamang kaalaman at kasangkapan, hindi lang sila kalahok—sila ang nangunguna sa pagbabago (In the ACCEPT modules, they themselves are at the center. When they have the right knowledge and tools, they are not just participants—they lead the change),” she said. Organizers said the launch forms part of a three-day activity titled “Designing Pathways for Public Health Approaches to Substance Use in the Philippines,” scheduled from March 27 to 29. The activity will bring together frontline service providers, academics, non-government organizations, and communities of people who use drugs. As such, the initiative intends to establish the ACCEPT Drug Education Network, a coalition to scale drug education efforts and refine strategies for nationwide drug policy reform. The project is funded by the British Embassy Manila through the Chevening Alumni Program Fund (CAPF).

Away from fear-based approaches health advocates launch community-led drug education modules ACCEPT Philippines CHR",0.018824,Positive,Positive,Positive,,,,
33434,Manila Bulletin,2026-03-27T08:17:38.981439+00:00,https://mb.com.ph/2026/03/27/dfa-chief-bares-us-very-helpful-in-providing-ph-with-energy-needs,DFA chief bares US 'very helpful' in providing PH with energy needs,"Department of Foreign Affairs Secretary Ma. Theresa P. Lazaro (Photo courtesy of DFA)

The United States has asked the Philippines, one of its closest allies hardly hit by its ongoing conflict with Iran, regarding its current energy needs, as the country battles a national energy emergency, Department of Foreign Affairs (DFA) Secretary Ma. Theresa Lazaro has bared. Lazaro said ""the United States has even reached out"" as the Philippines bore the impact of Iran's closure of the Strait of Hormuz, a sealane for oil tankers, in response to the US and Israel's joint attack. ""The United States has been very helpful in providing us also some energy sources,"" she said in a CNN interview Thursday, March 27 (US time), without expounding any other details. Lazaro's office, in an earlier statement, committed to continue looking for partners around the world to address the country's current energy needs following the arrival of 700,000 barrels of Russian crude oil. The Philippines was the first country in the world to declare a national energy emergency as the oil crisis loomed following the Middle East conflict. Oil price has already doubled since the start of hostilities, with Lazaro admitting ""it's already taking a toll on the ordinary Filipino, the transportation cost, the price of food."" ""So these are all now. It has its cascading effect from energy issues,"" she said. Lazaro said the Philippines' biggest concern now is ""until when will the situation last?"" ""As we said, we go back to the very basic issues that we have—our energy security as well as food security, And it's this unpredictability that we are facing,"" she added.

Theresa Lazaro United States energy crisis Department of Foreign Affairs (DFA) PH-US",0,Positive,Positive,Positive,,,,
33697,Manila Bulletin,2026-03-28T01:34:41.605966+00:00,https://mb.com.ph/2026/03/28/bucor-transfers-500-bilibids-pdls-to-iwahig-prison-in-palawan,BuCor transfers 500 Bilibid's PDLs to Iwahig Prison in Palawan,"Five hundred persons deprived of liberty (PDLs) at the New Bilibid Prison (NBP) in Muntinlupa City were transferred last Friday, March 27, to the Iwahig Prison and Penal Farm (IPPF) in Palawan. Bureau of Corrections (BuCor) Director General Gregorio Pio P. Catapang Jr. said the continuing transfer of NBP’s PDLs is aimed at balancing inmate population distribution, reducing overcrowding, and enhancing security. Catapang said that 7,500 more NBP’s PDLs will be transferred to other operating prison and penal farms (OPPFs) to decongest the NBP for its planned conversion to a government center starting 2028. He said that the BuCor is also working hard to improve the quality of life and rehabilitation opportunities for incarcerated individuals, while managing the facility capacities more effectively. He added that the IPPF, in particular, helps balance all these aims. “The IPPF offers a unique environment that supports agricultural work and vocational training programs, which are crucial for the successful reintegration of PDLs into society,” he also said. Meanwhile, Catapang said that BuCor has recaptured PDL Albert Olarte who escaped from the IPPF just a week ago. He said that Olarte, who escaped from IPPF’s minimum-security compound last March 19, was arrested last March 26 at the Eulala Park, Barangay Liwanag, Puerto Princesa City. He also said: “The swift action taken by the IPPF Fugitive Recovery Team and the National Bureau of Investigation demonstrates our unwavering commitment to uphold security and discipline within our facilities. We will continue to strengthen our operational capabilities to prevent similar incidents.”

bucor Iwahig Prison Bilibid PDLs transfer",0,Neutral,Positive,Positive,,,,
33701,Manila Bulletin,2026-03-28T01:38:36.057611+00:00,https://mb.com.ph/2026/03/27/bewildered-luistro-points-to-big-contradiction-in-vp-duterte-camps-arguments,Bewildered Luistro points to big contradiction in VP Duterte camp's arguments,"At A Glance House Committee on Justice Chairperson Batangas 2nd district Rep. Gerville ""Jinky Bitrics"" Luistro has highlighted a major contradiction in Vice President Sara Duterte camp's line of argumentation between the 2025 and 2026 impeachment proceedings.

Batangas 2nd district Rep. Gerville ""Jinky Bitrics"" Luistro (left), Vice President Sara Duterte (PPAB, Facebook)

House Committee on Justice Chairperson Batangas 2nd district Rep. Gerville ""Jinky Bitrics"" Luistro has highlighted a major contradiction in Vice President Sara Duterte camp's line of argumentation between the 2025 and 2026 impeachment proceedings. The crux of the matter is the Duterte camp's appreciation of the notion of ""due process"" as it pertains to the House of Representatives' impeachment proceedings against her. It all started on Feb, 5, 2025 when the House impeached Duterte via the fast-track mode in plenary--something that didn't go through the justice committee, because House rules said it didn't have to. Duterte camp's challenged it before the SC, which ultimately declared the impeachment complaint and articles of impeachment unconstitutional due to a technicality. In the ongoing 2026 impeachment proceedings, the House became more methodical in its approach and chose the committee track to satisfy the rulings of the SC--the separation of powers between the legislature and tje judiciary notwithstanding. “Si VP Sara ang humihingi ng due process [last year]. Nag-utos ang Supreme Court ng hearing para sa due process. Ngayong may hearing na, kinukuwestiyon na naman nila ang hearing,” Luistro said. (VP Sara herself asked for due process [last year]. The Supreme Court ordered a hearing for due process. Now that there is a hearing, they are once again questioning the hearing.) Luistro was alluding to a letter sent by Duterte's lawyers to the justice panel last March 24, a day before the start of the ""hearings proper"" of the impeachment case. The letter indicated that the neither the respondent not her legal team was going to participate in the House panel proceedings for supposed lack of jurisdiction. As per the Duterte camp, only the Senate--convened as an impeachment court--can hold a trial on the respondent based on the allegations of the complainants. But for Lusitro, the Duterte camp is questioning the very process it previously invoked. “Ano ba talaga ang gusto nila? (What do they really want?)” the Batangueña wondered. Luistro insisted that the ongoing panel proceedings were not a trial but part of the constitutional process of determining whether probable cause exists in the two active impeachment complaints against Duterte. “The purpose of this clarificatory hearing really is only to determine probable cause… justification to proceed to [a Senate impeachment] trial,” Luistro said, echoing her earlier explanation. She stressed that the House is not making any determination of guilt. “Prior to the determination of probable cause, we are investigators. We are trying to raise clarificatory questions which will eventually guide us.” The lawyer-legislator maintained that the committee’s actions are firmly grounded on three pillars: the Constitution, the House rules on impeachment, and jurisprudence from the SC. “This is not new. This is not out of the Constitution,” said Luistro, who added that the House has the authority to “promulgate rules on impeachment"".

impeachment Sara Duterte Gerville \""Jinky Bitrics\"" Luistro Contradiction",0.018282,Negative,Neutral,Negative,,,,
33848,Manila Bulletin,2026-03-28T09:39:35.032034+00:00,https://mb.com.ph/2026/03/28/gatchalian-g2g-high-level-talks-seen-to-boost-philippine-fuel-supply,"Gatchalian: G2G, high-level talks seen to boost Philippine fuel supply","At A Glance Senator Sherwin Gatchalian said on Saturday, March 28, that the Senate's Proactive Response and Oversight for Timely and Effective Crisis Strategy (PROTECT) Committee was preparing its interim report--including initial recommendations--to address the country's fuel supply concerns amid the ongoing Middle East crisis.

Senator Sherwin Gatchalian said on Saturday, March 28, that the upper chamber’s Proactive Response and Oversight for Timely and Effective Crisis Strategy (PROTECT) Committee was preparing its interim report--including initial recommendations--to address the country’s fuel supply concerns amid the ongoing Middle East crisis. Senator Sherwin Gatchalian (Senate PRIB photo) Among the key recommendations being considered by the panel is the use of government-to-government (G2G) negotiations to secure additional fuel supply for the country. “Yung pinakamahalaga dito na nakuha namin ay gamitin ng gobyerno yung kanilang relasyon sa iba't ibang bansa at dito na nga pumapasok yung tinatawag natin government to government or G2G negotiations para makapagpasok na tayo ng karagdagang supply (Our most important takeaway here is that the government should use its relationships with different countries, and this is where what we call government-to-government or G2G negotiations come in, so that we can bring in additional supply),” he said in an interview with Usapang Senado on DWIZ. While there has been no formal response yet from the executive branch, Gatchalian noted initial developments indicating small shipments from other countries. “Wala pang formal response pero nakita ko sa mga news reports na may mga pumapasok ng cargo. Like for example, yung sa Russia, pumasok na siya. Although maliit lang siya, good for two days lang. Tapos may nakita rin akong news report na galing naman ng Japan (There has been no formal response yet, but I’ve seen news reports that cargo shipments are already coming in. For example, shipments from Russia have arrived. Although they are small, they are only good for two days. I’ve also seen reports of shipments coming from Japan),” he said. He stressed the need to intensify negotiations at a higher level, and reckoned efforts should go beyond technical or mid-level engagements. Gatchalian cited Thailand as an example. He said its government was able to secure the passage of oil cargo through diplomatic coordination with Iran. “So ito yung mga ganitong halimbawa ang gusto natin ipakita. Dahil meron naman tayong relasyon sa Iran at ito talaga kailangan na kailangan. So kung makikipag-ugnayan tayo sa kanila, na payagan na palabasin yung mga cargo shipments natin. Yan ang pinakamaganda (These are the kinds of examples we want to highlight. Since we already have relations with Iran, and this is something we really need, if we coordinate with them and ask for permission to release our cargo shipments, that would be the best outcome),” he added. The senator also pointed to potential supply sources outside traditional partners, including Central Asian countries. “Kailangan gamitin na natin lahat ng pwede natin gamitin. Pag-ugnayan sa Iran, bumili ng cargo sa Russia. In fact, this morning lang may tawag akong nakuha sa PCCI na mayroon rin mga offers sa Ubekistan. Kasi ang Ubekistan, yung mga tan countries, oil producer yan, oil and gas (We need to use everything we can. Coordinate with Iran, purchase cargo from Russia. In fact, just this morning I received a call from the PCCI that there are also offers from Uzbekistan. Uzbekistan, like other ‘tan’ countries, is an oil and gas producer),” he said. “At nag-offer rin sila at mura. Ang quote sa akin kanina mga around $40 to $50 per barrel. So napakalayo ng presyo. So in other words, may mga available sa mga non-traditional areas, katulad ng Ubekistan, na dapat natin matawagan o makipag-ugnayan sa kanila (They have also made offers, and they are cheaper. The quote given to me earlier was around $40 to $50 per barrel, which is significantly lower. In other words, there are supplies available from non-traditional sources, such as Uzbekistan, that we should be able to contact or coordinate with),” he added. Gatchalian emphasized that high-level engagement, including direct talks by President Marcos, would be key to securing supply. “Dahil ang ating Pangulo, ang kagandahan over the last three years, talagang relationship building siya. At dito na natin magagamit yung relationship niya. At yun naman ang magandang nagawa ng first three years. Talagang umikot siya sa buong mundo para magkaroon tayo ng relasyon sa iba't ibang bansa na magagamit na natin sa ganitong panahon ng krisis (Because our President, over the past three years, has really focused on building relationships. And this is where we can make use of those relationships. That is one of the good things he has done in the first three years—he has traveled around the world to establish ties with various countries that we can now use in times of crisis),” he said.

Sherwin Gatchalian Protect ad hoc committee Oil crisis Middle East conflict oil supply",0.0882,Positive,Neutral,Positive,,,,
33875,Manila Bulletin,2026-03-28T10:54:43.237512+00:00,https://mb.com.ph/2026/03/28/letran-outlasts-san-beda-arranges-finals-clash-vs-csb,"Letran outlasts San Beda, arranges Finals clash vs CSB","At A Glance Battle-tested Letran held its ground and repelled rival San Beda, 25-18, 25-19, 23-25, 25-21, to forge a Finals trilogy against reigning champion College of St. Benilde in the NCAA Season 101 women's volleyball tournament at San Andres Sports Complex in Manila Saturday, March 28.

Letran Lady Knights (GMA/NCAA Images)

Battle-tested Letran held its ground and repelled rival San Beda, 25-18, 25-19, 23-25, 25-21, to forge a Finals trilogy against reigning champion College of St. Benilde in the NCAA Season 101 women’s volleyball tournament at San Andres Sports Complex in Manila Saturday, March 28. With their redemption bid on the line in Game 3 of the semifinals, the Lady Knights, led by Judiel Nitura, displayed poise and grit -- dominating the first two sets, faltering in the third, then regrouping just tin time to put away the Lady Red Spikers for good. Nitura starred with 18 points for Letran, while Vanessa Sarie and Gia Maquilang backstopped with 15 and 13 points, respectively. The hard-fought victory sent Letran to its third straight championship showdown with four-peat-seeking St. Benilde, which had beaten the Intramuros-based squad in the last two Finals. The Lady Blazers secured a finals berth at the expense of the University of Perpetual Help Lady Altas in Game 2 of their own semis duel. It marked a strong bounce-back from Letran after absorbing its first loss – ending a 15-game winning streak – in Game 2 against San Beda, 25-17, 21-25, 25-23, 25-21, last Wednesday, March 25. Game 1 is set on Sunday, April 5, at the Smart Araneta Coliseum.

NCAA Season 101 Letran Knights San Beda Red Lions",0,Positive,Neutral,Positive,,,,
34489,Manila Bulletin,2026-03-30T07:16:54.304923+00:00,https://mb.com.ph/2026/03/30/philippines-backs-dispute-system-revival-as-wto-falters,Philippines backs dispute system revival as WTO falters,"The Philippines joined 33 other economies in calling for the much-needed revival of the trade dispute settlement system within the World Trade Organization (WTO), in a bid to uphold rules-based stability amid deep uncertainty for global trade.

In a joint statement over the weekend, member economies of the Multi-Party Interim Appeal Arbitration Arrangement (MPIA) emphasized the need for a “fully and well-functioning dispute settlement system” accessible to all WTO members.

“A reformed WTO dispute settlement system remains our priority objective,” said the MPIA members, which include the Philippines.

The dispute settlement system for global trade was established to enable countries to challenge trade measures that violate agreed-upon global trade rules.

It was crafted to help developing economies defend their trade rights on equal footing with larger and more developed trading partners, ensuring that all members can uphold their rights under WTO rules.

However, the system has essentially become inoperative since 2019 due to the lack of quorum in the WTO’s Appellate Body, which serves as the final stage in the dispute process. As a result, appeals have been left in limbo, eroding the enforceability of WTO rulings.

The Geneva-based United Nations Conference on Trade and Development (UNCTAD) said earlier this month that reviving this system would benefit developing economies the most.

Countries like the Philippines have been facing the brunt of discriminatory trade measures, especially last year with the United States’ (US) imposition of reciprocal tariffs.

Speaking before the 14th WTO Ministerial Conference, Trade Undersecretary Allan Gepty said this makes it clear that the dispute system needs to be modernized to address new economic realities once it becomes functional again.

Despite this, he said that “it is imperative that we remain faithful to WTO’s core principles of an open, fair, transparent and non-discriminatory rules-based multilateral trading system.”

As the push to restore this system is underway, the Philippines expressed its support for expanding the membership of the MPIA, which was established as an alternative settlement system in the absence of a functioning Appellate Body.

“Pending the establishment of a fully and well-functioning WTO dispute settlement system, we encourage other WTO members to join the MPIA, which provides rules-based stability, security and predictability,” the statement read.

Since its establishment in 2020, the MPIA now covers 61 WTO members and has so far successfully resolved two appeals.

“Through the MPIA, any disputes among us continue to benefit from a binding dispute settlement system at the WTO, including the availability of an independent and impartial appeal stage,” the MPIA members said.

Through this interim system, member economies said it helps provide “security and predictability to the multilateral trading system during these challenging times.”

Apart from the fresh imposition of tariff policies by the US earlier this year, the global trade system is entering a new age of uncertainty stemming from disruptions caused by the war in the Middle East, which has been raising fuel prices to new levels.

Other parties to the joint statement include China, the European Union (EU), Hong Kong, Japan, Malaysia, Singapore, Vietnam, Canada, and the United Kingdom (UK), among others.",0,Positive,Neutral,Positive,,,,
32255,Manila Times,2026-03-24T22:17:13+00:00,https://www.manilatimes.net/2026/03/25/tmt-newswire/globenewswire/just-bjorn-expands-its-nordic-nutrition-line-with-marine-chitosan/2306953,Just Björn Expands Its Nordic Nutrition Line with Marine Chitosan,"New York, NY, March 24, 2026(GLOBE NEWSWIRE)-- Just Björn, a Public Benefit Company rooted in Nordic simplicity and wellness, announces the launch of its newest supplement: Marine Chitosan. This addition marks an exciting evolution of the brand-from its hero Marine Collagen to a thoughtfully curated line of Nordic nutrition essentials designed to support wellness from within and healthy aging. Just Björn Marine Chitosan Starter Kit with Refillable Canister Just Björn Marine Chitosan is a natural fiber supplement derived from the shells of wild-caught shrimp from pristine North Atlantic and Arctic waters. This advanced formulation binds to dietary fats in the digestive system, supporting weight management and metabolic balance as part of a healthy routine. Just Björn’s formula featuresLipoSan Ultra®,a highly purified, clinically studied form of chitosan known for its superior fat-binding capacity and consistency-making it more effective than standard chitosan products on the market. Marine Chitosan joins the lineup as a natural complement to the brand’s best-selling Marine Collagen. Sustainably sourced and formulated with intention, Marine Chitosan reflects the company’s ongoing commitment to transparency, purity, and performance. ""At Just Björn, we focus on high-quality ingredients that truly work-no fillers, no shortcuts,” said Björn Skúlason, founder, chef and nutritionist. ""Our Marine Chitosan with LipoSan Ultra® reflects that commitment. It’s clean, highly effective, and formulated to support wellness in a way that is sustainable and simple.” Built on Results. Backed by Community Just Björn first earned loyal customers through its premium Nordic Marine Collagen, which quickly became a daily ritual for those seeking stronger hair, glowing skin, healthier joints, and support for healthy aging. Customers consistently share rave reviews about the visible and tangible difference Just Björn collagen has made in their lives-reporting thicker hair, smoother skin, greater mobility, and digestive comfort. Just Björn products are available on justbjorn.com and on Amazon. A Public Benefit Company with a Clear Mission As a Public Benefit Company, Just Björn exists not only to deliver high-quality supplements, but to create positive impact. The brand is rooted in a belief that wellness should be simple, honest, and sustainable. Every product reflects the brand’s values: sustainable sourcing, thoughtful formulation, and respect for both people and planet. ""We created Just Björn to bring Nordic simplicity to modern wellness,” said Björn Skúlason. ""Marine Chitosan is a natural next step-another way we help our community feel lighter, stronger, and more balanced in their everyday lives.” For more information about Just Bjorn Nordic Nutrition and its full product line, visit justbjorn.com. Just Björn Nordic Nutrition Products About just björn just björn creates Nordic Nutrition products that help support a happy and healthy lifestyle. The just björn difference? High-quality natural ingredients that are sustainably sourced and are better for you and the planet. just björn-just better. Press Inquiries Heather Johnson heather [at] altny.com 2122390600 https://justbjorn.com 223 West 29th Street New York, NY 10001",0,Positive,Neutral,Positive,,,,
32409,Manila Times,2026-03-25T03:41:00+00:00,https://www.manilatimes.net/2026/03/25/news/national/marikina-mayor-clarifies-fuel-subsidy-payout-reset-in-marikina/2307036,Marikina mayor clarifies fuel subsidy payout reset in Marikina,"MANILA, Philippines— Mayor Maan Teodoro on Wednesday clarified that the rescheduling of Marikina’s fuel subsidy payout for jeepney drivers was meant to ensure that no qualified beneficiary would be left out. Teodoro said the city decided to move the payout because it did not agree to a distribution in which only some jeepney drivers would receive assistance while others in Marikina were not even included in the list. She said the local government spoke with jeepney operators and drivers associations, along with the Land Transportation Franchising and Regulatory Board (LTFRB), to press for the inclusion of drivers who should be covered by the subsidy. Teodoro also lamented that some were focusing on politics and spreading fake news instead of helping during a time of crisis. “This is not a time for politics. This is a time for compassion, action, and standing with those who are in greater need,” Teodoro said. The rescheduled payout in Marikina will be held on March 28.",0,Neutral,Negative,Neutral,,,,
32415,Manila Times,2026-03-25T04:36:42+00:00,https://www.manilatimes.net/2026/03/25/tmt-newswire/media-outreach-newswire/mitsubishi-logisnext-asia-pacific-rebrands-as-logisnext-asia-pacific-to-strengthen-leadership-in-logistics-solutions/2307033,"Mitsubishi Logisnext Asia Pacific Rebrands as Logisnext Asia Pacific, to Strengthen Leadership in Logistics Solutions","SINGAPORE -Media OutReach Newswire- 11 March 2026 - Mitsubishi Logisnext Asia Pacific (MLAP) announced today it will be rebranded to Logisnext Asia Pacific in the future, aligning with the strategic direction set by Mitsubishi Logisnext Co. Ltd. (ML) for its group companies. This global change will mark a significant step in ML's ongoing transformation, guided by the ""Logisnext Vision 2035"". As part of this process, ML has formed a partnership with Japan Industrial Partners (JIP) as the new strategic partner to support sustainable growth and long-term value creation. Consequently, all group companies will adopt the new company name from 30th of April. Commitment to Customers ""While our name is changing, our commitment to customers and dealer partners remains unchanged,"" said Yasumitsu Baba, Managing Director of Mitsubishi Logisnext Asia Pacific. ""We will continue to provide reliable equipment, trusted services, and solutions that drive customer success, while further strengthening our global alignment."" Global and Regional Strategy Logisnext operates globally through four regional hubs: Japan, EAME (Europe, Africa, CIS, and Middle East), Americas, and APAC/C/SA (Asia Pacific, China and South Africa). This structure enables the group to reinforce its position as a leading solutions provider in the logistics industry answering to the local customers' needs. In line with the rebrand, the global Logisnext group will implement strategic changes to its brand portfolio in the coming years. These are tailored to the specific needs of each region, ensuring the best fit to serve regional markets. Starting with Japan, ""Mitsubishi Forklift Trucks"" product lines will rebrand to ""Logisnext"". APAC/C/SA Region Update In the APAC/C/SA region, the ""Mitsubishi Forklift Trucks"" will transit to ""Logisnext Forklifts"" in the coming years as part of the rebranding initiative. During this period and beyond, we are committed to continue offering customers the same dependable engineering, innovative equipment and comprehensive solutions, delivered through our dealer partners. Mitsubishi Forklift Trucks is best known for its Reliability, Quality and Value for Money will continue to be with the ""Logisnext Forklifts"" brand, customers can expect same ownership experience and satisfaction. Transition and Support Throughout this transition, MLAP is prioritising stability and consistency for dealer partners and customers. All current support teams and service structures will remain in place, ensuring a seamless process for all stakeholders. Hashtag: #MitsubishiLogisnextAsiaPacific #LogisnextAsiaPacific #MitsubishiForkliftTrucks #MitsubishiForklifts #LogisnextForklifts The issuer is solely responsible for the content of this announcement. Mitsubishi Logisnext Asia Pacific offers scalable solutions from material handling and extensive fleet support. Headquartered in Singapore, it offers a complete portfolio of advanced counterbalanced, warehouse and automation products and solutions. Other brands in the Mitsubishi Logisnext Asia Pacific portfolio include Cat® Lift Trucks, TCM, UniCarriers and Nichiyu. All products are backed by an extensive dealer network of 98 dealer locations offering industry-leading customer service and product support. For more information, visit https://www.logisnext.com.sg",0.006198,Neutral,Neutral,Neutral,,,,
32456,Manila Times,2026-03-25T05:30:00+00:00,https://www.manilatimes.net/2026/03/25/news/marcos-no-fare-hikes-this-holy-week/2307064,Marcos: No fare hikes this Holy Week,"MANILA, Philippines— President Ferdinand Marcos Jr. said ferry and bus operators have committed not to increase fares this Holy Week despite rising fuel prices triggered by the war in the Middle East. In an interview with Bloomberg on Tuesday, Marcos said the government was trying to ease the burden of increases in fuel prices on the riding public and the middle class during the Holy Week. “We’ve gotten commitments from ferries that they will not raise their fares, we’re doing the same thing with buses that they will not raise their fares and they do not limit or cut down the trips they will be taking,” the President said. “We’re doing everything we can so the riding public, the general public, the people who are working, the middle class, they are the ones we are most concerned about, so it does not become a drag to their livelihoods,"" he added.",0,Positive,Positive,Positive,,,,
32458,Manila Times,2026-03-25T06:46:04+00:00,https://www.manilatimes.net/2026/03/25/tmt-newswire/pr-newswire/infosys-finacle-to-power-digital-transformation-for-producers-savings-bank-corporation-in-the-philippines/2307061,Infosys Finacle to Power Digital Transformation for Producers Savings Bank Corporation in the Philippines,"Key Highlights Sajit Vijayakumar, Chief Executive Officer, Infosys Finacle, said,""As the Philippine banking sector accelerates its digital shift, the lending ecosystem is seeing unprecedented opportunities for scale. Given our decade-long association with Producers Bank, we are delighted to provide a modern foundation for its next phase of transformation and expansion. With Finacle's latest digital banking solutions, Producers Bank is well placed to capitalize on market opportunities, accelerate growth, and reinforce its position as a leading thrift bank."" About Producers Bank Producers Savings Bank Corporation (Producers Bank) is a leading rural and thrift bank in the Philippines, committed to advancing financial inclusion and supporting the growth of local communities. The bank provides a comprehensive suite of deposit, lending, and investment products tailored for individuals, MSMEs, farmers, and underserved segments across the country. With a strong branch network and a growing digital footprint, Producers Bank enables accessible, reliable, and customer-centric banking services. The bank continues to invest in modern technologies and innovative solutions to empower Filipinos and drive inclusive economic progress. About Infosys Finacle Finacle is an industry leader in digital banking solutions. We are a unit of EdgeVerve Systems, a wholly-owned product subsidiary of Infosys (NSE, BSE, NYSE: INFY). We partner with emerging and established financial institutions to help inspire better banking. Our cloud-native solution suite and SaaS services help banks engage, innovate, operate, and transform better to scale digital transformation with confidence. Finacle solutions address the core banking, lending, digital engagement, payments, cash management, wealth management, treasury, analytics, AI, and blockchain requirements of financial institutions. Today, banks in over 100 countries rely on Finacle to help more than a billion people and millions of businesses to save, pay, borrow, and invest better. For more information, visitwww.finacle.com. Safe Harbor Certain statements in this release concerning our future growth prospects, or our future financial or operating performance, are forward-looking statements intended to qualify for the 'safe harbor' under the Private Securities Litigation Reform Act of 1995, which involve a number of risks and uncertainties that could cause actual results or outcomes to differ materially from those in such forward-looking statements. The risks and uncertainties relating to these statements include, but are not limited to, risks and uncertainties regarding the execution of our business strategy, increased competition for talent, our ability to attract and retain personnel, increase in wages, investments to reskill our employees, our ability to effectively implement a hybrid work model, economic uncertainties and geo-political situations, technological disruptions and innovations such as artificial intelligence (""AI""), generative AI, the complex and evolving regulatory landscape including immigration regulation changes, our ESG vision, our capital allocation policy and expectations concerning our market position, future operations, margins, profitability, liquidity, capital resources, our corporate actions including acquisitions, and cybersecurity matters. Important factors that may cause actual results or outcomes to differ from those implied by the forward-looking statements are discussed in more detail in our US Securities and Exchange Commission filings including our Annual Report on Form 20-F for the fiscal year ended March 31, 2025. These filings are available atwww.sec.gov. Infosys may, from time to time, make additional written and oral forward-looking statements, including statements contained in the Company's filings with the Securities and Exchange Commission and our reports to shareholders. The Company does not undertake to update any forward-looking statements that may be made from time to time by or on behalf of the Company unless it is required by law.",0,Positive,Neutral,Positive,,,,
32502,Manila Times,2026-03-25T08:06:35+00:00,https://www.manilatimes.net/2026/03/25/tmt-newswire/plentisoft/how-ai-search-is-reshaping-car-shopping-in-the-united-states-in-2026/2307098,How AI Search Is Reshaping Car Shopping in the United States in 2026,"New industry insights highlight how artificial intelligence tools are changing the way American consumers research vehicles and evaluate dealerships. United States, March 25, 2026-- Artificial intelligence is rapidly transforming how consumers research vehicles in the United States. A new analysis released byAutoDealRevealshows that AI-powered search tools are influencing how American car buyers compare models, evaluate vehicle features, and discover dealerships before visiting a showroom. The report examines how emerging AI search platforms are reshaping the early stages of the vehicle buying journey. Instead of performing multiple traditional searches, many consumers now rely on conversational AI tools to summarize vehicle specifications, pricing insights, and comparisons between competing models. “AI search is significantly changing how American consumers gather information about vehicles,” said a spokesperson forAutoDealReveal. “Buyers increasingly expect quick answers, detailed comparisons, and easy-to-understand summaries when researching cars online.” According to the analysis, more shoppers are asking AI-powered platforms direct questions about vehicle reliability, safety ratings, pricing ranges, and feature comparisons. These tools are able to compile information from multiple sources and present it in a single response, helping consumers make faster research decisions. The report also highlights the growing importance of structured vehicle research content on dealership websites. Dealerships that provide detailed model information, vehicle comparisons, and frequently asked questions may be more likely to appear in AI-generated search summaries. Another finding suggests that AI tools are influencing how consumers discover local dealerships. Instead of browsing through numerous websites, some buyers are relying on AI platforms to summarize nearby dealership options, vehicle availability, and service offerings. As AI search continues to evolve, industry observers believe it will become an increasingly important part of the car shopping process in the United States. Many consumers are expected to complete a significant portion of their vehicle research online before contacting a dealership or scheduling a test drive. The analysis fromAutoDealRevealsuggests that dealerships and automotive businesses may need to adapt their digital strategies as AI-powered research tools become more widely used by consumers who canrequest a demofor better understanding. The full report explores how artificial intelligence is influencing automotive search behavior in the United States and what these changes could mean for dealerships and vehicle manufacturers. About AutoDealReveal AutoDealReveal provides insights and analysis on automotive digital trends, dealership website performance, and the evolving online vehicle shopping experience. Through industry research and data analysis, the platform explores how consumers research vehicles and how dealerships can adapt to emerging search technologies and changing digital discovery behavior in the automotive market. Contact Info: Name: Auto Deal Reveal Email:Send Email Organization: Auto Deal Reveal Phone: (863) 707-9899 Website:https://www.autodealreveal.com/ Release ID: 89186849 In case of encountering any inaccuracies, problems, or queries arising from the content shared in this press release that necessitate action, or if you require assistance with a press release takedown, we urge you to notify us at[email protected](it is important to note that this email is the authorized channel for such matters, sending multiple emails to multiple addresses does not necessarily help expedite your request). Our responsive team will be readily available to promptly address your concerns within 8 hours, resolving any identified issues diligently or guiding you through the necessary steps for removal. The provision of accurate and dependable information is our primary focus.",0,Positive,Neutral,Neutral,,,,
32551,Manila Times,2026-03-25T09:40:00+00:00,https://www.manilatimes.net/2026/03/25/news/fire-breaks-out-in-pasay-area-reaches-second-alarm/2307200,"Fire breaks out in Pasay area, reaches second alarm","MANILA, Philippines — Fire broke out in Pasay City, reaching second alarm, on Wednesday. Firefighters were still battling the blaze along David Street in Village 23, F.B. Harrison of posting time, as authorities determine its cause. The Bureau of Fire Protection National Capital Region urged the public to avoid the area and follow safety advisories. The BFP warned against illegal power connections, overloading outlets or extension cords, leaving appliances plugged in when not in use, and failing to regularly check wiring and electrical equipment.",0,Negative,Negative,Negative,,,,
32680,Manila Times,2026-03-25T16:15:00+00:00,https://www.manilatimes.net/2026/03/26/news/marcos-gets-power-to-suspend-fuel-tax-but-no-immediate-relief-announced/2307761,"Marcos gets power to suspend fuel tax, but no immediate relief announced","(UPDATE)PRESIDENT Ferdinand Marcos Jr. on Wednesday signed into law a bill granting him the power to suspend or reduce excise tax on fuel products. The president signed Republic Act (RA) 12316 as part of the government’s efforts to cushion the impact of rising oil prices triggered by the war in the Middle East. NEW LAW President Ferdinand Marcos Jr. signs into law a bill grating him the power to suspend or reduce excise tax on fuel products in the wake of the war in the Middle East. Republic Act (RA) 12316 is part of the government's efforts to cushion the impact of the oil price surge. PHOTO BY PCO Marcos, however, said he was still determining the right time to use the new authority “because there are conditions within the law that have to be satisfied.” “What’s difficult here is the constant changes in the prices of oil,” Marcos said. “So, it’s hard to plan. That’s why we have been trying to find the optimum levels in terms of support, the suspension of some of the charges that the government exacts, especially from food products,” he added. The measure authorizes the president to temporarily suspend fuel excise tax to help cushion the impact of global oil price hikes due to the war in the Middle East. On March 3, Marcos bared plans to ask for a special power to reduce excise tax on petroleum products should prices exceed $80 per barrel. The price of Brent Crude was at $98 a barrel, down from a high of $119 since the US and Israel attacked Iran. The president signed on Tuesday an executive order declaring a state of national energy emergency as a response to the ongoing conflict in the Middle East that could affect the availability and stability of the country’s energy supply. In the same briefing on Wednesday, Marcos said the declaration would “provide government with more options should the need arise.” “Nothing is off the table. We are looking at everything, everything that we can do. And so whatever suggestion that has been brought to us, whatever idea that has, that we have come up with,” the president said. “We are examining it very, very closely in great detail to see if it is going to be advantageous to our people,” he added.",0,Positive,Negative,Negative,,,,
32751,Manila Times,2026-03-25T16:18:00+00:00,https://www.manilatimes.net/2026/03/26/business/top-business/swift-govt-action-urged-after-energy-emergency-declaration/2307525,Swift govt action urged after energy emergency declaration,"BUSINESS groups on Wednesday welcomed the government’s move to declare an energy emergency but said measures should be swiftly implemented to mitigate the impact of the war in the Middle East. “The declaration of a national energy emergency reflects the seriousness of the country’s energy challenges, particularly in ensuring reliable and affordable power amid rising global uncertainties,” Management Association of the Philippines President Donald Lim told The Manila Times. “From a business perspective, this move can help accelerate critical investments and address supply constraints essential to sustaining economic growth,” he added. Lim, however, said “the next 30 days will be especially critical. Decisive and well-calibrated policy actions during this period will set the direction for investor confidence, energy stability, and the country’s overall economic resilience.” The Philippine Exporters Confederation Inc., meanwhile, said the government should complement the energy emergency declaration with measures that would benefit the sector and other industries. These include temporary relief mechanisms for fuel and logistics costs affecting exporters, including waiver of government shares in port and toll fees, swift implementation of fuel subsidy programs for critical industries, acceleration of trade facilitation and digitalization efforts to reduce non-energy costs and close coordination with logistics providers to prevent excessive or speculative rate increases. “For exporters, the implications are immediate and significant. Rising fuel prices directly translate to higher logistics, shipping, and production costs, potentially eroding the competitiveness of Philippine exports in an already challenging global market,” Philexport said. Philippine Chamber of Commerce and Industry President Perry Ferrer also expressed support but warned that a war beyond two to three months would be very difficult for the domestic economy, particularly the micro, small and medium enterprises (MSMEs) that comprise 99 percent of all business establishments in the country. “The longer the war takes, the lesser the chances for our MSMEs to bounce back. We have to understand our MSMEs are the backbone of our economy...,” he said. Federation of Philippine Industries Chairman Elizabeth Lee, for her part, said the energy emergency declaration was timely and necessary. “For manufacturers, the pressure is multi-layered — hitting energy, transport, imported input materials, and production timelines,” she noted. “Firms are prioritizing uninterrupted production while safeguarding workforce stability, even as margins tighten. Mitigation measures are being intensified across operations. These include optimizing production schedules to off-peak energy hours, enhancing workforce flexibility where cross-trained team members adopt flexible roles and responsibilities, and adopting remote work arrangements for non-production functions where feasible.” She called for the implementation of reforms that would address future crises, noting that the war in the Middle East had “magnified our country’s vulnerabilities.” “Reforms that will deepen and expand local manufacturing as a national imperative will help the Philippines secure resilience, drive job creation, and help better shield the Philippine economy from global energy shocks,” Lee said.",0,Negative,Neutral,Negative,,,,
32720,Manila Times,2026-03-25T20:24:36+00:00,https://www.manilatimes.net/2026/03/26/tmt-newswire/globenewswire/serina-therapeutics-reports-full-year-2025-financial-results-and-recent-business-highlights/2307945,Serina Therapeutics Reports Full Year 2025 Financial Results and Recent Business Highlights,"-FDA Grants IND Clearance for SER-252 -SER-252 Phase 1b Trial Initiated -Closed Private Placement Financing of up to $30 Million HUNTSVILLE, March 25, 2026(GLOBE NEWSWIRE)--Serina Therapeutics, Inc. (""Serina” or the ""Company"") (NYSE American: SER), a clinical-stage biotechnology company developing its proprietary POZ Platform™ drug optimization technology, today reported its financial results for the full year ended December 31, 2025 and provided recent business highlights. ""This past year was defined by execution, advancing SER-252 from IND filing through FDA clearance, into the clinic while strengthening our balance sheet to support the clinical milestones ahead,"" said Steve Ledger, CEO of Serina. ""With the first patient dosed in our registrational trial in advanced Parkinson's disease, and up to $30 million in new financing now secured, Serina enters 2026 with the clinical and financial foundation to reach meaningful value-creating inflection points. We are grateful to Dr. Greg Bailey for leading this financing and stepping into the role of Co-Chairman alongside Dr. Simba Gill. His commitment to SER-252 and the broader POZ platform opportunity and extensive experience guiding biotechnology companies make him an exceptional partner as we advance this program."" Recent Highlights Operating expenses:Operating expenses for the years ended December 31, 2025 and 2024 were $24.2 million and $17.1 million, respectively. Research and Development (R&D) Expenses: Research and development expenses were $13.2 million for the year ended December 31, 2025, compared to $7.5 million for the same period in 2024. The increase of $5.7 million was primarily due to increases in clinical related activities, compensation as a result of increased headcount, consultant spend for research programs, amortization of a prepaid technology access fee, and increased spend in outsourced research services. These increases were primarily offset by a decrease in severance and related costs. General and Administrative Expenses:General and administrative expenses were $11.0 million for the year ended December 31, 2025, compared to $9.6 million for the same period in 2024. The increase of $1.4 million is due primarily to increases in stock based compensation expense as a result of new hires and directors, consulting expenses for public company infrastructure and investor outreach activities. These increases were primarily offset by decreases in legal fees and professional fees for the maintenance of certain patent and other intellectual property included in Legacy Assets and decreases in severance and related costs. Other Income, Net:Other income, net was $4.8 million for the year ended December 31, 2025, compared to $5.8 million for the same period in 2024. The $1.0 million decrease is primarily attributable to a decrease in gain from the change in fair value of liability classified warrants and losses from the sale of a subsidiary. These decreases were partially offset by the absence in 2025 of a loss recognized in 2024 from the change in the fair value of the Legacy Serina Convertible Notes and the AgeX-Serina Note, a gain from the expiration of liability classified warrants, and a decrease in interest expense. Net Loss: The net loss attributable to Serina common stockholders for the year ended December 31, 2025 was $19.4 million, or $(1.91) per basic and diluted share, compared to net loss of $11.1 million, or $(1.51) per basic and diluted share for 2024. Liquidity Information Cash and cash equivalents totaled $3.1 million as of December 31, 2025. About Serina Therapeutics Serina is a clinical-stage biotechnology company developing a pipeline of wholly owned drug product candidates to treat neurological diseases and other indications. Serina’s POZ PlatformTM provides the potential to improve the integrated efficacy and safety profile of multiple modalities including small molecules, RNA-based therapeutics and antibody-based drug conjugates (ADCs). Serina is headquartered in Huntsville, Alabama on the campus of the HudsonAlpha Institute of Biotechnology. About the POZ Platform™ Serina’s proprietary POZ technology is based on a synthetic, water soluble, low viscosity polymer called poly(2-oxazoline). Serina’s POZ technology is engineered to provide greater control in drug loading and more precision in the rate of release of attached drugs delivered via subcutaneous injection. The therapeutic agents in Serina’s product candidates are typically well-understood and marketed drugs that are effective but are limited by pharmacokinetic profiles that can include toxicity, side effects and short half-life. Serina believes that by using POZ technology, drugs with narrow therapeutic windows can be designed to maintain more desirable and stable levels in the blood. Serina’s POZ platform delivery technology has potential for use across a broad range of payloads and indications. Serina intends to advance additional applications of the POZ platform via out-licensing, co-development, or other partnership arrangements, including the non-exclusive license agreement with Pfizer, Inc. to use Serina’s POZ polymer technology for use in lipid nanoparticle drug (LNP) delivery formulations. About SER-252 (POZ-apomorphine) SER 252 is an investigational apomorphine therapy developed with Serina’s POZ platform and designed to provide continuous dopaminergic stimulation (CDS). CDS has been shown to reduce the severity of levodopa-related motor complications (dyskinesia) in Parkinson’s disease. Preclinical studies support the potential of SER 252 to provide CDS without skin reactions. Serina has advanced SER 252 into the clinics in February 2026. SER-252 Registrational Study Design Overview The SER-252-1b study is a randomized, double-blind, placebo-controlled Phase 1b trial with single-ascending-dose (five cohorts of eight; n=40) and multiple-ascending-dose components (up to three cohorts of sixteen; n=48) in adults with Parkinson’s disease and motor fluctuations. The registrational study is designed to evaluate safety, tolerability, and pharmacokinetics of subcutaneous SER-252 versus placebo, with exploratory efficacy measures that include MDS-UPDRS motor scores and structured motor-state assessments. Dose escalation will be overseen by a Safety Review Committee and the study will be conducted across sites in the U.S. and Australia. About SER-270 (POZ-VMAT2i) SER-270 is an investigational once-weekly VMAT2 inhibitor developed with Serina’s POZ platform to address adherence and access challenges in tardive dyskinesia (TD). TD is a disabling movement disorder often caused by long-term exposure to antipsychotic medications. The subcutaneous formulation of SER-270 is designed for patients on long-acting injectable antipsychotics, those with dysphagia, and institutionalized populations and other patients with challenged adherence. Serina is also exploring development in Huntington’s disease chorea. For more information, please visithttps://serinatx.com. Cautionary Statement Regarding Forward-Looking Statement This release contains forward-looking statements within the meaning of federal securities laws. Any statements that are not historical fact (including, but not limited to statements that contain words such as ""may,” ""will,” ""believes,” ""plans,” ""intends,” ""anticipates,” ""expects,” ""estimates”) should also be considered to be forward-looking statements. Additional factors that could cause actual results to differ materially from the results anticipated in these forward-looking statements are contained in Serina’s periodic reports filed with the Securities and Exchange Commission (the ""SEC”) under the heading ""Risk Factors” and other filings that Serina may make with the SEC. Undue reliance should not be placed on these forward-looking statements which speak only as of the date they are made, and the facts and assumptions underlying these statements may change. Except as required by law, Serina disclaims any intent or obligation to update these forward-looking statements. These statements are based on management’s current expectations, plans, beliefs or forecasts for the future, and are subject to uncertainty and changes in circumstances. Any express or implied statements in this press release that are not statements of historical fact, including statements about the potential of Serina’s POZ polymer technology, Serina’s estimates regarding future revenue, expenses, capital requirements and need for additional financing, and Serina’s planned clinical programs, including planned clinical trials, are forward-looking statements that involve substantial risks and uncertainties that could cause actual results to differ materially from those expressed or implied by such statements. Risks and uncertainties include, among other things, the uncertainties inherent in research and development, including the ability to meet anticipated clinical endpoints, commencement and/or completion dates for clinical trials, regulatory submission dates, regulatory approval dates and/or launch dates, as well as the possibility of unfavorable new clinical data and further analyses of existing clinical data; Serina’s ability to continue as a going concern; the risk that clinical trial data are subject to differing interpretations and assessments by regulatory authorities; whether regulatory authorities will be satisfied with the design of and results from our clinical studies; whether and when any applications may be filed for any drug or vaccine candidates in any jurisdictions; whether and when regulatory authorities may approve any potential applications that may be filed for any drug or vaccine candidates in any jurisdictions, which will depend on a myriad of factors, including making a determination as to whether the product’s benefits outweigh its known risks and determination of the product’s efficacy and, if approved, whether any such drug or vaccine candidates will be commercially successful; decisions by regulatory authorities impacting labeling, manufacturing processes, safety and/or other matters that could affect the availability or commercial potential of any drug or vaccine candidates; and competitive developments. These risks as well as other risks are more fully discussed in the company’s Annual Report on Form 10-K for the year ended December 31, 2025, and the company’s other periodic reports and documents filed from time to time with the SEC. The information contained in this release is as of the date hereof, and Serina assumes no obligation to update forward-looking statements contained in this release as the result of new information or future events or developments. For inquiries, please contact: Stefan Riley [email protected] (256) 327-9630 SERINA THERAPEUTICS, INC. CONDENSED CONSOLIDATED BALANCE SHEETS (in thousands) (Unaudited) SERINA THERAPEUTICS, INC. CONDENSED CONSOLIDATED STATEMENTS OF OPERATIONS (in thousands, except per share data) (Unaudited) BASIC AND DILUTED WEIGHTED-AVERAGE COMMON SHARES OUTSTANDING, SERINA THERAPEUTICS, INC. CONDENSED CONSOLIDATED STATEMENTS OF CASH FLOWS (in thousands) (Unaudited)",0,Neutral,Positive,Neutral,,,,
32736,Manila Times,2026-03-25T22:06:02+00:00,https://www.manilatimes.net/2026/03/26/tmt-newswire/globenewswire/blackrock-canada-announces-final-march-cash-distributions-for-the-ishares-premium-money-market-etf/2307984,BlackRock® Canada Announces Final March Cash Distributions for the iShares® Premium Money Market ETF,"TORONTO, March 25, 2026(GLOBE NEWSWIRE)-- BlackRock Asset Management Canada Limited (""BlackRock Canada”), an indirect, wholly-owned subsidiary of BlackRock, Inc. (NYSE: BLK), today announced the final March 2026 cash distributions for the iShares Premium Money Market ETF. Unitholders of record onMarch 26, 2026will receive cash distributions payable onMarch 31, 2026. Details regarding thefinal""per unit” distribution amounts are as follows: Further information on the iShares ETFs can be found athttp://www.blackrock.com/ca. About BlackRock BlackRock’s purpose is to help more and more people experience financial well-being. As a fiduciary to investors and a leading provider of financial technology, we help millions of people build savings that serve them throughout their lives by making investing easier and more affordable. For additional information on BlackRock, please visitwww.blackrock.com/corporate. About iShares ETFs iShares unlocks opportunity across markets to meet the evolving needs of investors. With more than twenty years of experience, a global line-up of more than 1,700 exchange traded funds (ETFs) and approximately $5.47 trillion in assets under management as of December 31, 2025, iShares continues to drive progress for the financial industry. iShares funds are powered by the expert portfolio and risk management of BlackRock. iShares® ETFs are managed by BlackRock Canada. Commissions, trailing commissions, management fees and expenses all may be associated with investing in iShares ETFs. Please read the relevant prospectus before investing. The funds are not guaranteed, their values change frequently and past performance may not be repeated. Tax, investment and all other decisions should be made, as appropriate, only with guidance from a qualified professional. Contact for Media: Sydney Punchard Email:[email protected]",0,Neutral,Neutral,Neutral,,,,
33112,Manila Times,2026-03-26T04:36:00+00:00,https://www.manilatimes.net/2026/03/26/business/erc-orders-temporary-wesm-operations-suspension/2308069,ERC orders temporary WESM operations suspension,"MANILA, Philippines– The Energy Regulatory Commission (ERC) on Thursday announced the temporary suspension of operations of the Wholesale Electricity Spot Market in all three grids in the country to help address the energy supply risk and price volatility due to the ongoing conflict in the Middle East. This is in line with Malacañang’s issuance of Executive Order (EO) 110 on Tuesday, declaring a state of national energy emergency on account of the global oil supply disruption, which has resulted in a surge in global oil prices. ERC, in a statement, said it received a letter from the Department of Energy (DOE) on Wednesday recommending the suspension of WESM operations in Luzon, Visayas, and Mindanao, effective Thursday. “Accordingly, the ERC determined that immediate regulatory action is necessary to ensure the adequacy, stability, and reliability of the country’s power supply,” the statement reads. ERC said the suspension order would start “at interval 0005H” or the fifth dispatch or data interval for Thursday’s operations. “During this period, the power system will operate under Special Operating Guidelines (SOG) issued by the DOE, which prioritize optimal dispatch of available renewable energy resources, conserve critical fuel inventories amid global fuel supply disruptions, and provide an operational framework for system dispatch,” it said. The order directs all market participants such as the Independent Electricity Market Operator of the Philippines (IEMOP) and the National Grid Corporation of the Philippines – System Operator (NGCP-SO), to comply. ERC explained that during a market suspension, the regulator “will implement a Modified Administered Pricing (AP) Mechanism,” which “is currently under consultation with stakeholders and is targeted for finalization by 01 April 2026.” It said that “the modified AP framework introduces a technology-specific pricing approach to better reflect prevailing fuel costs and ensure the continued operation of power generators.” The proposal suggests that “coal plants may be paid at a fixed rate, natural gas plants based on contracted prices, and renewable energy sources such as hydro and geothermal, under administered pricing with preferential dispatch.” For oil-based plants, it is suggested that they will be paid “based on administered prices when dispatched or contracted.” ERC said “adoption of a modified pricing mechanism is necessary because prevailing historical market prices (i.e., January and February), which would have been the bases of the administered prices under the prevailing rules, would not reflect current conditions marked by geopolitical tensions and fuel supply constraints.” “The adjusted approach seeks to strike a balance between protecting consumers from excessive price spikes and ensuring that generators remain financially viable to sustain a reliable electricity supply,” it said. “In times of global energy disruption, our priority is clear: to protect Filipino consumers while ensuring that our power supply remains stable and reliable. The temporary suspension of the WESM and the implementation of a modified administered pricing mechanism are necessary measures to cushion the impact of volatile fuel prices and safeguard the integrity of our power system,” ERC Chairperson and Chief Executive Officer Francis Saturnino Juan said.",0,Negative,Negative,Negative,,,,
33106,Manila Times,2026-03-26T10:52:00+00:00,https://www.manilatimes.net/2026/03/26/news/president-announces-successsful-drill-test-of-second-malampaya-well/2308303,"President announces successsful drill, test of second Malampaya well","MANILA, Philippines— President Ferdinand Marcos Jr. on Thursday announced that the Camago-3 well has been successfully drilled and tested, producing up to 60 million standard cubic feet of gas per day. ""Today, I am proud to announce another step forward in our mission to secure affordable, reliable energy for every Filipino,"" Marcos said in a video message. ""It is the second major milestone under our $893-million Malampaya Phase 4 campaign and it is significantly larger than our first,"" he added. The President said Camago-3 holds an estimated 2.5 times more recoverable gas than the Malampaya East-1 discovery. ""Together, these two wells are projected to extend the life of the Malampaya gas field by an estimated six years,"" Marcos said. ""We are targeting first gas delivery by the fourth quarter of 2026,"" he added.",0,Positive,Positive,Positive,,,,
33151,Manila Times,2026-03-26T13:39:32+00:00,https://www.manilatimes.net/2026/03/26/tmt-newswire/globenewswire/global-ai-deploys-enterprise-agentic-ai-platform-with-major-european-insurer/2308551,Global AI Deploys Enterprise Agentic AI Platform with Major European Insurer,"Enterprise Deployment in Regulated Market Validates Platform Execution and Supports Expansion Opportunity Across Multiple Markets New York, March 26, 2026(GLOBE NEWSWIRE)--Global AI Inc. (OTC: GLAI), a leader in enterprise artificial intelligence (AI), agentic products and solutions, today announced the enterprise deployment of an agentic automated invoice processing solution for a leading European insurance group, representing a live, production implementation within a highly regulated financial environment. Global AI’s Agentic AI products automated the full invoice processing workflow, including ingestion, processing, and system integration, and operate on a scheduled basis with multiple daily processing cycles. The platform is currently processing live invoices and provides full auditability of each processing run, reducing operational risk and eliminating reliance on manual processes. Following the successful implementation, Global AI and the client are in active discussions regarding a potential expansion into additional operational areas. If implemented, the next phase would represent a significant expansion of the engagement, extending Global AI’s role into service-critical insurance workflows. The Company believes this engagement reflects its ability to deliver measurable results in regulated environments and to expand client relationships through successful execution. Darko Horvat, Chairman and CEO of Global AI, commented, ""This deployment demonstrates our ability to deliver reliable, production-grade AI products and solutions in highly regulated environments. We are solving critical operational challenges while maintaining the control and traceability required by enterprise clients. Importantly, we believe this positions us to significantly scale our presence within this client and replicate our model across the broader European insurance market.” About Global AI Inc. Global AI is a leader in artificial intelligence (AI) agentic products and solutions. Its enterprise grade Agentic AI platform enables organizations to design, deploy, and scale AI workflows with governance and compliance built in. With deep expertise across industries and mission-critical environments, Global AI delivers secure, high-performance AI products that enhance decision-making, accelerate transformation, and create measurable shareholder value. For more information, please visitwww.global.ai. Forward-Looking Statements This press release contains ""forward-looking statements"" within the meaning of the safe harbor provisions of the U.S. Private Securities Litigation Reform Act of 1995. Forward-looking statements include, but are not limited, statements regarding the expected timing, scope, performance, benefits, and potential expansion of the Company’s agentic AI platform deployment, the anticipated value of customer engagements, and the Company’s future operations and business prospects. Terms and phrases such as ""anticipate,” ""believes,” ""could,” ""estimate,” ""expect,” ""intend,” ""may,” ""plan,” and other similar terms and phrases, as well as the use of the future tense are intended to identify forward-looking statements. Forward-looking statements are neither historical facts nor assurances of future performance. Instead, they are based only on current beliefs, expectations and assumptions regarding the future of the business of the Company, future plans and strategies, projections, anticipated events and trends, the economy and other future conditions. Because forward-looking statements relate to the future, they are subject to a number of risks and uncertainties, risks and changes in circumstances that are difficult to predict and many of which are outside of our control, including the risks described in our registration statements and annual reports under the heading ""Risk Factors"" as filed with the Securities and Exchange Commission. Actual results and financial condition may differ materially from those indicated in the forward-looking statements due to various factors, including, but not limited to: the customer’s ability to terminate or modify the engagement; delays or challenges in implementation or integration of the Company’s technology; the customer’s acceptance and continued use of the Company’s platform; changes in project scope or timing; regulatory, compliance, data governance, or cybersecurity requirements; competitive pressures; and general market and economic conditions. Therefore, you should not rely on any of these forward-looking statements. Forward-looking statements in this press release speak only as of the date hereof. Unless otherwise required by law, we undertake no obligation to publicly update or revise these forward-looking statements, whether because of new information, future events or otherwise. Contact: Crescendo Communications, LLC Email:[email protected] Phone: 212-671-1020",0,Positive,Positive,Positive,,,,
33150,Manila Times,2026-03-26T13:39:33+00:00,https://www.manilatimes.net/2026/03/26/tmt-newswire/globenewswire/circana-announces-ranking-report-on-us-restaurants-for-2026/2308552,Circana Announces Ranking Report on U.S. Restaurants for 2026,"Chicago, March 26, 2026(GLOBE NEWSWIRE)--Circana LLCtoday released its2026 Definitive U.S. Restaurant Ranking Report. The eighth edition of the report offers an in-depth look at the brands shaping the future of the foodservice industry, revealing key consumer spending trends, category performance, and growth drivers. In 2025, consumer spending at restaurants grew by 3% year over year. Consumers collectively spent $1 million at restaurants every minute, and an impressive 99.7% of the U.S. adult population visited a top 50 restaurant during the year. This continued growth occurred despite a landscape of uncertainty marked by economic disruptions, weather events, and shifting consumer habits. ""Restaurant operators proved they are highly adaptable and innovative in navigating the widespread uncertainty of 2025,"" saidDavid Portalatin, senior vice president and food industry advisor for Circana. ""Those who maintain that forward-thinking, resilient mindset in 2026 will continue to find success and drive industry growth."" To qualify for the top 50, a restaurant must achieve annual consumer spending exceeding $1.41 billion. Collectively, the top 50 restaurants account for 61% of the entire restaurant industry’s spending, despite representing only 24% of all restaurant locations. The list features 35 quick-service restaurants, 10 casual dining establishments, and five midscale chains, with the quick-service hamburger category remaining the most prominent. The top three restaurants - McDonald’s, Starbucks, and Chick-fil-A - sit alone at the top, separated from the rest of the industry by a wide margin. Together, these three giants generated over $107 billion, accounting for 32% of the top 50’s total consumer spending. Beyond the top three, the list saw notable movement since last year, with Chili's jumping eight spots to become the largest casual dining chain and Shake Shack entering the top 50 for the first time. Methodology The Definitive Restaurant Ranking leverages multiple data products and services from Circana’s research portfolio. Estimates for the 2026 report are anchored on CREST®, using data from the 12 months ending December 2025. CREST is Circana’s flagship study of consumer purchases of restaurant-prepared meals, snacks, and beverages. Location counts are sourced from Circana’s ReCount® service, a census of foodservice operators. About Circana Circana is a leader in providing technology, AI, and data to fast-moving consumer packaged goods companies, durables manufacturers, and retailers seeking to optimize their businesses. Circana’s predictive analytics and technology empower clients to measure their market share, understand the underlying consumer behavior driving it, and accelerate their growth. Circana’s Liquid Data® technology platform is powered by an expansive, high-quality data set and intelligent algorithms trained on six decades of domain expertise. With Circana, clients can take immediate action to future-proof and evolve their growth strategies amid an increasingly complex, fast-paced, and ever-changing economy. Learn more atcircana.com. CONTACT: Shelley Hughes Circana +1 312-731-1782 [email protected]",0,Neutral,Neutral,Neutral,,,,
33226,Manila Times,2026-03-26T16:02:00+00:00,https://www.manilatimes.net/2026/03/27/news/national/dbp-willing-to-waive-penalties-on-loans/2308639,‘DBP willing to waive penalties on loans’,"THE Land Transportation Franchising and Regulatory Board (LTFRB) announced Thursday that the Development Bank of the Philippines (DBP) is willing to temporarily waive or suspend penalties on overdue loans of transport service entities that acquired modern jeepneys under the government’s modernization program. LTFRB Chairman Vigor Mendoza II said the loans were obtained by transport cooperatives and small companies to finance the purchase of modern jeepneys under the Public Transport Modernization Program. Mendoza said many of these units are financed through DBP’s Program Assistance to Support Alternative Driving Approaches. He said the LTFRB wrote to DBP President and CEO Michael de Jesus requesting a temporary waiver or suspension of penalties on delayed payments, citing the financial strain caused by surging fuel prices. “The significant increase in petroleum costs has placed additional pressure on transport operators, affecting their ability to meet loan obligations,” Mendoza said. In its reply, DBP acknowledged that the Middle East situation has driven up global oil prices and weakened the peso, resulting in higher operating expenses for the transport sector. “DBP may consider granting a temporary suspension or waiver of penalties on a case-to-case basis, subject to approval of the appropriate authorities,” the bank said in its response. Mendoza welcomed the bank’s response, saying the measure would help operators stabilize their finances and sustain public transport services. “This will be a big help to operators struggling with rising operational costs,” he said, adding that the move reflects coordination among government agencies to support the transport sector.",0,Positive,Positive,Positive,,,,
33225,Manila Times,2026-03-26T16:03:00+00:00,https://www.manilatimes.net/2026/03/27/news/national/marcos-urged-to-call-special-session-after-holy-week/2308651,Marcos urged to call special session after Holy Week,"PRESIDENT Ferdinand Marcos Jr. must call a special session of Congress after Holy Week to address the worsening impact of the Middle East war on Filipinos, two lawmakers from northern Metro Manila said on Thursday. Interviewed separately via Viber, Caloocan City 2nd District Rep. Edgar Erice and Navotas City Rep. Toby Tiangco highlighted the need for Congress to remain in session and “act decisively given the current situation.” “Especially now that the chief executive has declared a state of energy emergency,” they pointed out. Erice and Tiangco said they already filed measures to mitigate the impact of the crisis, including fuel subsidies for affected sectors, government austerity measures and suspension of the value-added tax (VAT) on petroleum products to ease the burden on consumers. “It would be unfair that Congress is on break while the Filipino people are suffering. This is not the time for recess — this is the time for action,” said Erice, a member of the House opposition. They noted that the crisis has gone beyond energy concerns and now affects inflation, transportation costs, food security, government revenues, and the safety of overseas Filipino workers (OFWs). “In the long run, the families of OFWs in the country would be directly affected and that would be alarming,” Tiangco said. They called on the House to exercise its oversight powers over rising oil prices, citing alarming data. “It was indeed infuriating to find out that at the height of the crisis, there are opportunists and greedy people who take advantage for their own interests,” Erice said. He noted that based on the Asian diesel price tracker, the Philippines has already recorded a 97-percent surge in the prices of diesel, compared with other neighboring countries which only had a 30 percent to 40 percent rise. To ensure continuity of legislative work while conserving resources, Erice proposed a modified schedule like holding only two sessions weekly from 10 a.m. to 5 p.m. in order to save on electricity. Tiangco suggested austerity measures like doing away with food catering, especially during committee hearings. “Let’s try bringing our own food — coffee and bread is good enough. What’s important, our work must continue amid this crisis. Let us show good example to our fellowmen,” the former long-time Navotas mayor said.",0,Neutral,Neutral,Neutral,,,,
33212,Manila Times,2026-03-26T16:11:00+00:00,https://www.manilatimes.net/2026/03/27/news/national/npcc-backs-p50kg-price-cap-for-imported-rice/2308665,NPCC backs P50/kg price cap for imported rice,"THE National Price Coordinating Council (NPCC) has endorsed to President Ferdinand Marcos Jr. the proposal of the Department of Agriculture (DA) for a P50-per-kilogram (kg) price ceiling on imported rice for 30 days. In a statement on Thursday, the NPCC said it has adopted the DA’s proposal for the imposition of a price cap on 5 percent broken rice. The council said the measure seeks to curb unreasonable price increases and prevent market abuse. The price cap is anchored on Republic Act 7581, or the Price Act, which protects consumers by stabilizing the prices of basic necessities and prime commodities. It said the proposal is consistent with efforts in response to the president’s declaration of a State of National Energy Emergency. Earlier this month, there were reports of imported rice being sold for as high as P60/kg in some parts in the country. Agriculture Secretary Francisco Tiu Laurel Jr. has said the increase was partly due to the war in the Middle East, which has pushed up fuel prices and freight charges. Tiu Laurel said a P60/kg price on imported rice was not reasonable, noting that 5 percent broken imported rice should only retail within a P48 to P50/kg range. The DA continues to expand its P20/kg rice program. It is also selling rice at P45/kg and P48/kg through Food Terminal Inc. and Planters Products Inc. This initiative has started in Metro Manila and will soon be implemented in major cities nationwide.",0,Negative,Negative,Negative,,,,
33384,Manila Times,2026-03-27T02:00:00+00:00,https://www.manilatimes.net/2026/03/27/business/foreign-business/wall-street-falls-to-its-worst-drop-since-the-iran-war-as-the-nasdaq-sinks-10-below-its-record/2308955,Wall Street falls to its worst drop since the Iran war as the Nasdaq sinks 10% below its record,"NEW YORK— Stocks fell sharply Thursday, and oil prices rose as doubt took over again from hope on Wall Street about a possible end to the war with Iran. The S&P 500 slumped 1.7% for its worst day since January and is back on track for a fifth straight losing week. That stretches back to before the Iran war began, and it would be the longest such losing streak in nearly four years. The Dow Jones Industrial Average dropped 469 points, or 1%, and the Nasdaq composite sank 2.4% to fall more than 10% below its all-time high set early this year. That's a steep enough drop that professional investors have a name for it: a “correction.” Stock markets likewise tumbled across much of Asia and Europe. They’re the latest flip - flops for financial markets in a week that began with big hopes after President Donald Trump said productive talks had taken place about ending the war. But Iran denied direct talks were underway and then dismissed a U.S. proposal for a ceasefire that was delivered via Pakistan. On Thursday, the fighting continued, and thousands more U.S. troops neared the region. Iran, meanwhile, tightened its grip on the crucial Strait of Hormuz. It may be creating something like a “toll booth” for tankers to get past the narrow waterway, which typically sees a fifth of the world’s oil exit the Persian Gulf through it to customers worldwide. The price for a barrel of Brent crude oil climbed 4.8% to settle at $101.89 as hopes dimmed for a potential return to normal for the strait. That’s up from roughly $70 before the war began. Benchmark U.S. crude rose 4.6% to $94.48 per barrel. “They better get serious soon, before it is too late,” Trump said on his social media network Thursday morning about Iran’s negotiators, “because once that happens, there is NO TURNING BACK, and it won’t be pretty!” Just minutes after Wall Street finished its trading for the day, Trump softened his talk a bit. He said he was delaying his threat to “obliterate” Iranian power plants to April 6, allowing more time for talks. “Talks are ongoing and, despite erroneous statements to the contrary by the Fake News Media, and others, they are going very well.” After that, oil prices trimmed some of their gains, and Brent crude fell back toward $100 per barrel. Treasury yields also pared their big jumps in the bond market. High Treasury yields and disruption in the bond market were big factors that Trump named a year ago when he backed off his initial threats for global tariffs made on “Liberation Day.” The moves caused critics to allege Trump always chickens out, or “TACO,” if financial markets show enough pain. The yield on the 10-year Treasury jumped as high as 4.43% Thursday from 4.33% late Wednesday and from just 3.97% before the war started. That’s a significant leap for the bond market, and it’s already sent rates higher for mortgages and other kinds of loans for U.S. households and businesses, which slows the economy. A report on Thursday morning said slightly more U.S. workers filed for unemployment benefits last week, though the number is still low compared with historical figures. A slowing job market would typically encourage the Federal Reserve to cut interest rates to juice the economy. But hopes have cratered on Wall Street for a possible cut to interest rates this year, even though traders came into 2026 forecasting several. That’s because lower interest rates carry the risk of worsening inflation, and the spike in oil prices has heightened those worries. On Wall Street, tech stocks were the heaviest weights on the market. Meta Platforms fell 8%, and Alphabet sank 3.4% after each had held relatively steady the day before, when a jury found Instagram and YouTube liable in a landmark social-media addiction trial. The financial penalties were small compared with the companies’ vast profits, but it could herald a watershed moment that invites more lawsuits. Other Big Tech stocks also fell, including drops of 4.2% for Nvidia and 2% for Amazon. Apple was an outlier and inched up 0.1%. Commercial Metals fell 4.7% after the maker of steel rebar and other products reported a weaker profit for the latest quarter than analysts expected. CEO Peter Matt said bad weather hurt its North American operations during the quarter, but underlying market conditions looked favorable. All told, the S&P 500 fell 114.74 points to 6,477.16 and is 7.2% below its all-time high set a couple months ago. The Dow Jones Industrial Average dropped 469.38 to 45,960.11, and the Nasdaq composite sank 521.74 to 21,408.08. In stock markets abroad, Germany’s DAX lost 1.5%, Hong Kong’s Hang Seng sank 1.9% and South Korea’s Kospi dropped 3.2%. Japan’s Nikkei 225 had one of the world’s milder losses, at 0.3%.",0,Negative,Negative,Negative,,,,
33457,Manila Times,2026-03-27T06:01:00+00:00,https://www.manilatimes.net/2026/03/27/news/sc-petitioned-to-halt-duterte-impeachment-proceedings/2309078,SC petitioned to halt Duterte impeachment proceedings,"MANILA, Philippines— Lawyers allied with Vice President Sara Duterte have filed a petition for certiorari and prohibition with a prayer for a writ of preliminary injunction before the Supreme Court on Friday, seeking to stop the ongoing impeachment proceedings against her at the House of Representatives. The petition challenges the actions of the House Committee on Justice. During a press briefing, lawyer Israelito Torreon said the petition did not seek to shield the Vice President from accountability but aimed to ensure the impeachment process remained constitutional. “Impeachment is a grave constitutional process. It is not a political free-for-all,” he said. The petitioners argued that the House committee overstepped its constitutional gatekeeping role by allowing defective complaints against Duterte to proceed and conducting subpoena-driven evidentiary proceedings that resemble a trial. The petition highlights six main points of concern: - The committee allegedly applied a double standard, dismissing earlier impeachment complaints for insufficient evidence while allowing similar deficiencies in the Duterte-Carpio complaints. - The third and fourth complaints were characterized as repackaged, conclusory, and duplicative, undermining the intended threshold review. - Subpoenas for documents, affidavits, and other evidence were issued before establishing the sufficiency of the complaints, effectively turning preliminary review into a “fishing expedition.” - The petition contends that due process is compromised when complaints are allowed to survive first and then expanded through external evidence. - Threshold review, the lawyers argued, could not be bypassed or converted into a full evidentiary process. - The complaint process, they said, should require clear linking of alleged offenses to the respondent, rather than relying on hearsay, vague allegations, or institutional controversies. Torreon stressed that the petition was a constitutional limits case, not a question of guilt or innocence. “We are asking the court to decide whether the House Committee on Justice may keep preliminary complaints alive by relaxing rules and using subpoenas to substantiate claims,” he said. The filing comes as the committee continues to request financial records, statements of assets, and other documents tied to Duterte, while summoning witnesses related to alleged misuse of confidential and intelligence funds. The impeachment complaints accuse Duterte of misusing government funds, accumulating wealth beyond her income, and plotting against senior officials—allegations she has repeatedly denied. The legal challenge raises fresh questions over procedural boundaries as the House moves closer to potentially endorsing the complaints to the full chamber, where at least 106 lawmakers must vote in favor for the case to proceed to the Senate.",0,Neutral,Neutral,Neutral,,,,
33381,Manila Times,2026-03-27T06:10:13+00:00,https://www.manilatimes.net/2026/03/27/tmt-newswire/globenewswire/novartis-agrees-to-acquire-excellergy-inc-building-on-allergy-leadership-with-next-generation-anti-ige-innovation/2309028,"Novartis agrees to acquire Excellergy, Inc., building on allergy leadership with next-generation anti-IgE innovation","-Proposed acquisition strengthens Novartis immunology strategy in food allergy and other IgE-driven diseases - Lead asset Exl-111 builds on proven IgE biology with a differentiated mechanism designed to dissociate receptor-bound IgE and drive faster, deeper pathway suppression - Exl-111 would complement existing Novartis portfolio in allergy with potential to improve both symptom control and convenience Basel, March 27, 2026- Novartis today announced that it has entered into an agreement to acquire Excellergy, Inc., a private biotech company developing next-generation anti-IgE therapies for IgE-driven diseases. The proposed acquisition adds Exl-111, a half-life extended, high-affinity anti-IgE antibody in Phase 1. The acquisition builds on deep Novartis expertise in IgE biology and a long-standing presence in allergic disease. Exl-111 is designed as a next-generation extension of validated biology established by anti-IgE therapy, with the potential to complement the Novartis existing allergy portfolio across a range of allergic conditions and patient settings. ""Excellergy adds a differentiated next-generation anti-IgE program that builds on biology Novartis knows well, supported by preclinical evidence and early clinical pharmacokinetic data,” said Fiona Marshall, President of Biomedical Research at Novartis. ""Exl-111 is designed to go beyond conventional anti-IgE therapy, with the potential to deliver faster and deeper suppression of IgE signaling as well as improved symptom control. This proposed acquisition strengthens our allergy portfolio and reflects our strategy of advancing innovative bold science to bring meaningful additional benefits to patients.” IgE is a central driver of multiple allergic diseases. Unlike conventional anti-IgE approaches, Exl-111 is designed to dissociate receptor-bound IgE with the potential to drive faster and deeper Fc epsilon RI alpha (FcεRIα) downregulation. Preclinical studies and early human pharmacokinetic data from ongoing Phase 1 evaluation support a differentiated profile, with evidence of sustained exposure consistent with its half‑life‑extended design. If confirmed clinically, this mechanism could support earlier symptom relief, stronger disease control, more convenient dosing and broader use across food allergy, chronic spontaneous urticaria, chronic inducible urticaria, allergic asthma and other IgE-mediated diseases, including potentially in pediatric populations. Transaction Details Under the terms of the agreement, Novartis will pay up to USD 2 billion in upfront and milestone payments to acquire Excellergy. The transaction is expected to close in H2 2026, subject to the satisfaction or waiver of customary closing conditions, including regulatory approvals. About Novartis Immunology At Novartis, we’re advancing bold science with the goal of bringing relief and a renewed sense of hope to people living with autoimmune diseases. Building on our legacy of first-in-class innovation across rheumatology, dermatology and allergy, and a diverse industry-leading pipeline, we’re committed to shaping what’s next in Immunology. About Novartis Novartis is an innovative medicines company. Every day, we work to reimagine medicine to improve and extend people’s lives so that patients, healthcare professionals and societies are empowered in the face of serious disease. Our medicines reach more than 300 million people worldwide. Reimagine medicine with us: Visit us athttps://www.novartis.comand connect with us onLinkedIn,Facebook,X/TwitterandInstagram. Disclaimer This press release contains forward-looking statements within the meaning of the United States Private Securities Litigation Reform Act of 1995. Forward-looking statements can generally be identified by words such as ""potential,” ""can,” ""will,” ""plan,” ""may,” ""could,” ""would,” ""expect,” ""anticipate,” ""look forward,” or similar expressions, or by express or implied discussions regarding: potential new products or programs, including Exl-111, potential new indications for existing products; potential product launches or potential future revenues from any such products; results of ongoing clinical trials; or potential future, pending or announced transactions, including the acquisition of Excellergy, Inc.; or potential future sales or earnings. You should not place undue reliance on these statements. Such forward-looking statements are based on the current beliefs and expectations of management regarding future events, and are subject to significant known and unknown risks and uncertainties. Should one or more of these risks or uncertainties materialize, or should underlying assumptions prove incorrect, actual results may vary materially from those set forth in the forward-looking statements. There can be no guarantee that Exl-111 will be submitted or approved for sale or for any additional indications or labeling in any market, or at any particular time. Neither can there be any guarantee that the expected benefits or synergies from this transaction will be achieved in the expected timeframe, or at all, nor can there be any guarantee that Exl-111 will be commercially successful in the future. In particular, our expectations regarding Exl-111 or the transaction described in this press release could be affected by, among other things, the satisfaction of customary closing conditions including regulatory approvals, as well as uncertainties concerning: global healthcare cost containment, including ongoing government, payer and general public pricing and reimbursement pressures and requirements for increased pricing transparency; research and development of new products, including clinical trial results and additional analysis of existing clinical data; our ability to obtain or maintain proprietary intellectual property protection, including the ultimate extent of the impact on Novartis of the loss of patent protection and exclusivity on key products; our ability to realize the strategic benefits, operational efficiencies or opportunities expected from our external business opportunities; the development or adoption of new technologies, including artificial intelligence, and new business models; actual or potential legal proceedings, including regulatory actions or delays or government regulation related to the products and pipeline products described in this press release; safety, quality, data integrity, or manufacturing issues; major macroeconomic and geo- and socio-political developments, including the impact of any potential tariffs on our products or the impact of war in certain parts of the world; future demand for our products; and other risks and factors referred to in Novartis AG’s most recently filed Form 20-F and in subsequent reports filed with, or furnished to, the US Securities and Exchange Commission. Novartis is providing the information in this press release as of this date and does not undertake any obligation to update any forward-looking statements as a result of new information, future events or otherwise. # # # E-mail:[email protected] Central investor relations line: +41 61 324 7944 E-mail:[email protected]",0,Positive,Positive,Positive,,,,
33379,Manila Times,2026-03-27T06:10:15+00:00,https://www.manilatimes.net/2026/03/27/tmt-newswire/globenewswire/excellergy-to-be-acquired-by-novartis-for-up-to-usd-2-billion-to-advance-potentially-first-in-class-trifunctional-effector-cell-response-inhibitors/2309030,Excellergy to be acquired by Novartis for up to USD 2 billion to advance potentially first-in-class trifunctional effector cell response inhibitors,"- Acquisition brings together Excellergy's differentiated trifunctional allergic effector cell response inhibitors (ECRIs) and the development expertise of Novartis, with a total potential transaction value of up to $2 billion - - Exl-111 is a potentially first-in-class allergic trifunctional ECRI targeting the IgE axis and is currently in Phase 1 development - PALO ALTO, Calif., March 27, 2026(GLOBE NEWSWIRE)--Excellergy, a biotechnology company developing a novel class of allergy therapeutics, today announced it will be acquired by Novartis in a transaction with a total potential value of up to $2 billion in upfront and milestone payments. The acquisition brings together Excellergy's novel trifunctional ECRIs with the development expertise of Novartis. Exl-111 is a trifunctional ECRI designed to disarm allergic effector cells at the source of activation by targeting the IgE axis. Exl-111 is currently being evaluated in the Phase 1 DISARM trial, a randomized, double-blind, placebo-controlled, single and multiple ascending dose trial, with the first subjects dosed in early February 2026. ""This acquisition validates the transformative potential of our ECRIs and the hard work of the entire Excellergy team. Novartis brings world-class global development capabilities and a proven track record of bringing novel medicines to patients. Together, we will be ideally positioned to realize the full potential of Exl-111 and the broader ECRI pipeline for the millions of patients living with severe, debilitating allergic diseases"", saidTodd Zavodnick, Chief Executive Officer of Excellergy. ""Excellergy adds a differentiated next-generation anti-IgE program that builds on biology Novartis knows well, supported by preclinical evidence and early clinical pharmacokinetic data,” saidFiona Marshall, President of Biomedical Research at Novartis. ""Exl-111 is designed to go beyond conventional anti-IgE therapy, with the potential to deliver faster and deeper suppression of IgE signaling as well as improved symptom control. This proposed acquisition strengthens our allergy portfolio and reflects our strategy of advancing innovative bold science to bring meaningful additional benefits to patients.” Excellergy was seeded in 2021 by Red Tree Venture Capital and is backed by Samsara BioCapital, Red Tree Venture Capital, and Decheng Capital. The transaction is subject to customary closing conditions. Advisors J.P. Morgan Securities LLC served as exclusive financial advisor, and Wilson Sonsini Goodrich & Rosati served as legal counsel to Excellergy on the transaction. About Excellergy Excellergy is a biotechnology company developing a potentiallyfirst-in-class portfolio of Effector Cell Response Inhibitors (ECRIs)for the treatment of severe IgE-mediated allergic diseases. By building on clinically validated IgE biology while introducing a new level of allergic disease control, Excellergy is advancing beyond traditional anti-IgE approaches to directly target the source of allergic signaling-IgE bound to the effector cell. The Company is headquartered in Palo Alto, California, and is backed byRed Tree Venture Capital,Samsara BioCapital and Decheng Capital.To learn more, please visitwww.excellergy.com. Excellergy Media Contact: Jenn Gordon dna Communications [email protected] Excellergy Investor Contact: Laurence Watts New Street Investor Relations [email protected]",0,Positive,Positive,Positive,,,,
33459,Manila Times,2026-03-27T09:01:27+00:00,https://www.manilatimes.net/2026/03/27/tmt-newswire/media-outreach-newswire/setuphk-launches-free-corporate-tax-diagnosis-service-limited-to-20-slots-helping-hong-kong-smes-navigate-tax-filing-season/2309118,SetupHK Launches Free Corporate Tax Diagnosis Service - Limited to 20 Slots - Helping Hong Kong SMEs Navigate Tax Filing Season,"HONG KONG SAR -Media OutReach Newswire- 27 March 2026 - Professional accounting services firmSetupHK(朗峰會計)today announced the immediate launch of its ""One-Hour FreeCorporate Tax Diagnosis"" service, designed exclusively for Hong Kong small and medium-sized enterprises (SMEs). Available to the first 20 applicants only, the service covers account health assessment, tax filing arrangement clarification, and tax risk analysis. Appointments are now open via WhatsApp. The service launches in alignment with Hong Kong's annual tax filing season, during which the Inland Revenue Department (IRD) begins issuing Profits Tax returns to businesses from April onwards. SetupHK stated that the initiative aims to help SME owners gain a clear picture of their financial records before formally engaging tax filing services, reducing the risk of missed deadlines and unnecessary tax complications. Service Details The free corporate tax diagnosis is conducted on a one-to-one basis by SetupHK's professional advisors. Each session runs approximately one hour and covers three key areas: Account Health Assessment- A review of the completeness and accuracy of the company's existing financial records, identifying potential issues that require attention. Tax Filing Arrangement Clarification- Based on the company's structure and financial year-end, advisors will outline the required filing steps and timeline. Tax Risk Analysis- A preliminary identification of tax-related risks, including late submission exposure, discrepancies in financial records, and common filing errors. Availability is strictly limited to the first 20 applicants on a first-come, first-served basis. To book an appointment: WhatsApp 852-9248-5734. Background Under the Hong Kong Inland Revenue Ordinance, limited companies are required to submit an annual Profits Tax return (BIR51) together with audited financial statements prepared by a certified public accountant. Late submission may result in a fine of up to HK$10,000 plus a penalty of three times the tax assessed. Based on SetupHK's experience serving SMEs, a significant number of business owners do not begin preparing their financial records until after receiving their tax return, leaving insufficient time to complete the mandatory audit process before the filing deadline. Marx Chan, Director of SetupHK, commented: ""Many business owners have little visibility into the actual state of their company's accounts. By the time they receive their tax return and realise there are problems, they are already under pressure. The purpose of this free diagnosis is to give owners a clear picture of where they stand - what needs to be done and how much time they have - so they can respond with confidence rather than scramble at the last minute."" Hashtag: #SetupHK The issuer is solely responsible for the content of this announcement.",0,Positive,Positive,Positive,,,,
33678,Manila Times,2026-03-27T16:12:00+00:00,https://www.manilatimes.net/2026/03/28/news/national/ph-chinese-ships-avoid-collision-in-wps/2309492,"PH, Chinese ships avoid collision in WPS","A PHILIPPINE Navy ship on patrol near Pag-asa Island in the West Philippine Sea narrowly avoided a collision with a Chinese missile frigate on March 25. In a statement on Thursday night, the Armed Forces of the Philippines’ (AFP) Western Command said the BRP Benguet encountered the People’s Liberation Army Navy missile frigate, with bow/pennant number 532 while on routine patrol. The frigate “executed an unsafe and unprofessional maneuver by closing in and passing at a dangerously close distance,” the AFP said. It said such maneuvers are provocative and constitute a clear violation of the Convention on the International Regulations for Preventing Collisions at Sea. “Despite this, the measured and decisive actions of the Benguet effectively prevented escalation while ensuring the safety of all personnel on board,” it added. Speaking at the just-concluded forum organized by the Stratbase Institute and the Japanese Embassy in Manila marking 70 years of diplomatic relations between the two countries, AFP chief Gen. Romeo Brawner Jr. said the Philippines would remain anchored in international law despite China’s growing assertiveness in the disputed waters. “In the face of the People’s Republic of China’s increasing assertiveness in the West Philippine Sea and the broader South China Sea, the Philippines remains firmly anchored in international law, diplomacy and transparency,” Brawner said, describing Manila’s approach as “principled restraint, coupled with resolve.” He stressed that the country would continue to assert its maritime rights through peaceful and lawful means, citing the 2016 ruling under the United Nations Convention on the Law of the Sea, which invalidated Beijing’s sweeping claims in the South China Sea. Brawner also pointed to expanding defense cooperation with allies, including the “SQUAD” grouping and the upcoming Balikatan Exercises, which are set to include Japanese participation for the first time, as a sign of Manila’s firm resolve. For his part, Stratbase president Victor Andres Manhit said defending Philippine sovereignty requires a broader, multi-sectoral approach beyond government, calling for “strategic clarity” and deeper coordination with democratic partners. “Because the next seventy years will not be defined by history — but by how we act today,” Manhit said. “In a region where the stakes continue to rise, the Philippines and Japan have both the opportunity and the responsibility to work together to strengthen economic resilience, enhance security cooperation and uphold the principles that keep our region stable and open.” Meanwhile, Philippine Coast Guard commandant Adm. Ronnie Gil Gavan described tensions in the West Philippine Sea as a “daily reality” for frontline personnel, framing maritime security as a fundamental right. “Security at sea is a human right,” Gavan said, noting that coast guard personnel routinely protect Filipino fishers and respond to vessels in distress. He added that Philippine authorities have repeatedly documented incidents of Chinese vessels attempting to block or harass Filipino personnel, calling the West Philippine Sea the “most immediate test” of Manila’s partnerships with like-minded countries. Gavan emphasized the importance of cooperation with allies such as Japan in maintaining a sustained presence at sea and ensuring that Philippine forces remain “professional, yet unyielding.” Former Supreme Court justice Antonio Carpio said enforcement of the 2016 arbitral award does not depend on a single global authority but on the continued presence of allied navies in contested waters. “Every time the US and its allies sail in the West Philippine Sea... that is enforcement,” Carpio said, adding that such operations reinforce the area as part of the Philippines’ exclusive economic zone under the ruling. He also urged the government to pursue additional legal remedies, including new arbitral cases over overlapping extended continental shelf claims, to further strengthen the landmark decision and build broader international support.",0,Negative,Negative,Negative,,,,
33677,Manila Times,2026-03-27T16:12:00+00:00,https://www.manilatimes.net/2026/03/28/news/national/lawyers-petition-sc-to-halt-duterte-impeachment/2309491,Lawyers petition SC to halt Duterte impeachment,"A GROUP of lawyers allied with Vice President Sara Duterte on Friday petitioned the Supreme Court to stop ongoing impeachment proceedings against her in the House of Representatives. The group argued that the process undertaken by the House Committee on Justice violates constitutional limits. In a 186-page petition for certiorari and prohibition, which includes a prayer for a temporary restraining order and a writ of preliminary injunction, the petitioners sought to stop the House from proceeding with the third and fourth impeachment complaints. They argued the complaints should have been dismissed outright for insufficiency in form and substance. The petition was filed by lawyers Israelito Torreon, Vic Rodriguez, Resci Angelli Rizada-Nolasco, Martin Delgra III, Wendel Avisado, James Patrick Bondoc, Raul Lambino, Luna Maria Acosta-Manlitoc, Jesus Hinlo Jr. and Richard Mata. Named as respondents were the House Committee on Justice, chaired by Rep. Gerville Luistro, and the House of Representatives, represented by Speaker Martin Romualdez. During a press briefing, Torreon said the legal challenge was not meant to shield the vice president from accountability but to ensure the impeachment process remains within constitutional bounds. ”Impeachment is a grave constitutional process. It is not a political free-for-all,” he said. He added that the case raises fundamental questions about whether the House justice panel may allow preliminary complaints to proceed by relaxing rules and relying on subpoenas to substantiate allegations. The petitioners argued that the committee gravely abused its discretion when it allowed the third and fourth complaints to move forward despite what they described as clear defects. They said the complaints were “repackaged” and duplicative of earlier filings, noting that one had been publicly described as an “improved version” of a previous complaint. According to Torreon, the same lawmaker who endorsed an earlier complaint also endorsed a subsequent one, suggesting what he called a “rolling and tactical filing process” that undermines the constitutional threshold required for impeachment. The lawyers further accused the committee of applying a double standard, pointing out that earlier impeachment complaints against President Ferdinand Marcos Jr. had been dismissed for lack of sufficient evidence, while those against Duterte were allowed to proceed despite similar deficiencies. Central to the petition is the claim that the House justice panel overstepped its “gatekeeping” role by conducting subpoena-driven proceedings before determining whether the complaints were sufficient in form and substance. The petitioners said this effectively transformed a preliminary review into a full-blown evidentiary inquiry. THEY QUESTIONED THE ISSUANCE OF SUBPOENAS COVERING DUTERTE’S STATEMENTS OF ASSETS, LIABILITIES AND NET WORTH DATING BACK TO 2007, AS WELL AS DOCUMENTS FROM THE NATIONAL BUREAU OF INVESTIGATION AND RECORDS INVOLVING CORPORATIONS NOT MENTIONED IN THE COMPLAINTS. ”This shows that the committee is not proving a specific discrepancy; it was broadly searching for one,” Torreon said, describing the proceedings as a “fishing expedition” not sanctioned by the Constitution or House rules. The petition also argued that due process is compromised when complaints are allowed to survive initial scrutiny and are later bolstered by externally gathered evidence, instead of requiring complainants to establish a clear and direct link between alleged offenses and the respondent at the outset. The legal move comes as the House Committee on Justice continues to seek financial records and summon witnesses regarding allegations that Duterte misused confidential and intelligence funds, amassed wealth disproportionate to her income and engaged in actions against senior government officials. She has repeatedly denied the accusations. Earlier, the committee set aside the first impeachment complaint for violating the one-year ban rule, while the second complaint was withdrawn by its complainant. The filing of the petition adds a new layer of uncertainty to the impeachment process as the House moves closer to deciding whether to elevate the complaints to the plenary. A vote of at least one-third of all House members, or 106 lawmakers, is required to transmit articles of impeachment to the Senate for trial.",0,Neutral,Neutral,Neutral,,,,
33757,Manila Times,2026-03-27T16:23:00+00:00,https://www.manilatimes.net/2026/03/28/business/top-business/new-all-time-low-peso-hits-p60551/2309402,New all-time low: Peso hits P60.55:$1,"THE peso fell to a new all-time low of P60.55 to the dollar on Friday amid inflation worries and continued uncertainties over the war in the Middle East. The currency weakened by 32 centavos, falling for a third straight day after a short-lived rebound from the previous record low of P60.3:$1 that was just hit on Monday. The benchmark Philippine Stock Exchange index (PSEi) also ended the week lower, shedding 11.37 points, or 0.19 percent, to 5.972.83. The broader All Shares, on the other hand, edged up 1.75 points for a 0.05-percent gain to 3,335.86. The currency opened at P60.333 and traded from P60.285 to P60.57. Volume rose to P1.336 billion from P1.17 billion a day earlier. Reyes Tacandong & Co. senior adviser Jonathan Ravelas said the peso weakened against the dollar as markets had started to price in oil-related risks, supporting near-term dollar demand. He added that trading remained driven by constraints and that flows showed caution rather than panic. “Expect range‑bound trading at 60.25-60.75, as uncertainty around energy persists,” Ravelas said. Rizal Commercial Banking Corp. chief economist Michael Ricafort, meanwhile, said the peso’s weakening came amid doubts about talks between the US and Iran, the Bangko Sentral ng Pilipinas’ increased inflation estimates for 2026 and 2027 and “less hawkish signals” following Thursday’s decision to keep the policy rate at 4.25 percent. Japhet Tantiangco, research manager at Philstocks Financial Inc., also tagged the BSP’s having raised this year’s inflation outlook to an above-target 5.1 percent, from 3.6 percent previously, and uncertainty over the duration of the United States and Israel’s war on Iran. Regina Capital Development Corp. head of sales Luis Limlingan said the week ended relatively flat — the PSEi closed 0.76 percent down week on week — as the ongoing war in the Middle East and the peso’s fall continued to dampen risk appetite. He said investors largely stayed on the sidelines, awaiting clearer global developments. Trading was muted, with net value turnover at P4.94 billion, while foreign investors continued to exit, posting net outflows of P95.54 million. Holding firms and property were the only sectoral indices to end the day in the green, up by 0.68 percent and 0.04 percent, respectively, while mining and oil fell the most, dropping 0.72 percent. Advancers narrowly outnumbered decliners, 92 to 91, while 54 were unchanged.",0.002611,Negative,Negative,Negative,,,,
34143,Manila Times,2026-03-28T16:01:00+00:00,https://www.manilatimes.net/2026/03/29/news/national/sara-kitty-duterte-send-emotional-81st-birthday-messages-to-father-in-the-hague/2309838,"Sara, Kitty Duterte Send Emotional 81st Birthday Messages to Father in The Hague","THE daughters of former president Rodrigo Duterte released greetings to their father as he celebrates his 81st birthday on March 28 in incarceration. For a year now, Duterte has been in the custody of the International Criminal Court at Scheveningen Prison in The Hague for alleged crimes against humanity in relation to his war on drugs. In a video message on Saturday, Vice President Sara Duterte thanked the parallel support groups, volunteers and the “millions of Filipinos” in the Philippines and abroad who organized celebrations to honor him. “Your loyalty to him is a testament to a leadership that truly prioritized the safety and dignity of every Filipino family,” Sara said. She said the defense of his rights as a Filipino is a defense of national sovereignty, urging everyone to be vigilant against the weaponization of the law and the unconstitutional intrusion of foreign bodies that seek to bypass Filipino courts. “Our justice system must remain independent, serving only the mandate of the Filipino people and never the interests of foreign powers,” Sara said. Meanwhile, in a post on her official Instagram account, Veronica Duterte said she will be “forever 12” years old whenever she is with her father, whom she described as her “mirror.” “I am right in front of you, like a mirror resembling in your character, bravery, grit, volition — but not even half your heart. I am just fine being in your shadow because I know no one can replace your heart,” Veronica, also known as Kitty, said. Kitty said she now understands that loving him to the point of truly knowing him revealed that he is a “difficult person, but it’s either I love you or I don’t. I sacrifice for you or I don’t. I choose you or I don’t. I fight with you or I don’t. It’s always all or nothing.” “Only now have I understood, now that I’m turning 22 and have put you first, through it all and above all,” Kitty said. She said the greatest gift she could give to her father is to be “strong like you and strong for you.” The former president’s party, Partido Demokratiko Pilipino, also greeted its chairman, saying members are “deeply grateful” for his visionary leadership and the unwavering courage he showed in serving the Filipino people. “Your legacy of ‘Tapang at Malasakit’ (Strength and Compassion) continues to inspire us as we work together toward a better future for the nation,” the party said. Lawyer Paolo Panelo said fighting before the Supreme Court for his writ of habeas corpus case is “one of the greatest honors” of his life. “Not only because it is a landmark case that only a few lawyers will ever experience in their lifetimes, but more so because I am fighting for what is right for someone I care about and admire,” said Panelo, son of Duterte’s former presidential spokesman Salvador Panelo.",0,Positive,Positive,Positive,,,,
34213,Manila Times,2026-03-29T00:31:00+00:00,https://www.manilatimes.net/2026/03/29/news/sailboats-carrying-aid-reach-cuba-after-going-missing/2309937,Sailboats carrying aid reach Cuba after going missing,"HAVANA, Cuba — Two sailboats carrying humanitarian aid to crisis-hit Cuba reached Havana on Saturday after disappearing during a longer-than-expected journey from Mexico that triggered a search-and-rescue operation.The crew of nine -- who included American, French and German citizens and a four-year-old boy -- appeared in good health and spirits, smiling and giving thumbs-up as they moored in the capital under clear skies.The vessels delivered the final shipments of Our America Convoy, an international humanitarian effort that has brought aid to support Cuba as a US oil blockade deepens the island's energy and economic crisis.'We are very sorry to make people worried about us. We were never in any real danger,' Adnaan Stumo, a 33-year-old American and coordinator of the sailing convoy, told reporters.'It was not a very difficult journey. It's just a circuitous journey,' Stumo said. The boy, he said, 'is a strong, young sailor.''We're so happy to bring a crew from so many different countries that are demonstrating solidarity and support for the Cuban people in the face of this criminal blockade,' Stumo said.The ships were greeted by scores of Cubans, including government officials, chanting 'long live the revolution!' and 'down with imperialism!''They scared us a little because we kept wondering, 'when will they get here?'' Gerardo Hernandez, a former Cuban spy who served time in US prison, told the crowd.  'Not worried at all' The Friend Ship and Tiger Moth, which set sail from southeast Mexico's Yucatan Peninsula on March 20, had been expected to arrive in Cuba on Tuesday or Wednesday.But the Mexican Navy announced a search-and-rescue mission Thursday after losing communication with them, raising concerns about their fate.After a tense wait, organizers of the convoy reported early Saturday that the Mexican Navy had finally located the boats and that the crews were safe.The Navy said one of its aircraft had spotted the sailboats 80 nautical miles northwest of Havana. It then deployed a ship to support them.Stumo said the crews agreed to take a longer route north after facing strong winds from the east.Contact was lost with the Mexican Navy because the boat's small satellite link 'was on the fritz.' They reestablished contact with the Mexican Navy plane.'We were not worried at all,' Stumo said, noting that arriving on schedule is never a sure thing on sailboats. 'We are very thankful that the Mexican Navy came out and looked for us last night.'The sailboats brought medicine, food, hygiene products and other supplies.  'Cuba is next' The first shipments from the convoy arrived by plane from Europe and the United States last week.A fishing boat that was converted into an aid vessel, which had also left Mexico last week, arrived in Cuba on Tuesday. It had been escorted by a Mexican Navy ship part of the way.In total, the convoy brought more than 50 tonnes of medical supplies, food, water and solar panels to Cuba, with hospitals among the recipients.Cuban exiles in Miami and other critics have slammed the convoy as benefiting the communist government more than ordinary people.US President Donald Trump imposed a de facto oil blockade on Cuba in January after US forces seized Venezuelan leader Nicolas Maduro, whose government had been Cuba's principal source of fuel.Trump has also threatened tariffs on countries that ship oil to Cuba, whose aging electricity system has been hit by regular blackouts, including two nationwide outages last week.He renewed his threats on Havana on Friday, even as the US-Israeli war against Iran entered its second month, saying 'Cuba is next.'",0,Positive,Positive,Positive,,,,
34208,Manila Times,2026-03-29T02:52:00+00:00,https://www.manilatimes.net/2026/03/29/news/manhunt-on-for-killers-of-five-policemen/2309944,Manhunt on for killers of five policemen,"COTABATO CITY – Police and military forces are tracking down gunmen who ambushed and killed five police officers and injured three others, including a police captain, on Saturday night in Shariff Aguak, Maguindanao del Sur.Police also condemned the attack against police officers who were returning to their barracks after peacekeeping operations in Shariff Aguak town.The victims were members of the 2nd Provincial Mobile Force Company of Maguindanao del Sur Police Provincial Office.“This deliberate and cowardly act against law enforcement officers will not be tolerated,” Brig. Gen. Jaysen de Guzman, BARMM police regional director, said in a statement Sunday.De Guzman said the Maguindanao del Sur police have launched intensified manhunt operations and are pursuing all leads to identify and arrest the perpetrators.“We assure the public that all necessary measures are being undertaken to bring those responsible to justice and hold them fully accountable,” he said.Capt. Guiseppe Tamayo, Maguindanao del Sur police provincial spokesman, said the police officers were en route to Camp Akilan, the provincial police headquarters, when they were ambushed by a group of gunmen in Barangay Poblacion Mother, Shariff Aguak, around 9:10 p.m.The five police officers were pronounced dead on arrival at the Bangsamoro Regional Medical Center in Datu Hoffer, Maguindanao del Sur. Three others remain in critical condition.Tamayo withheld their identities pending official information to their respective families.The Army’s 601st Infantry Battalion is joining the police manhunt in Shariff Aguak and nearby towns",0,Negative,Negative,Negative,,,,
34595,Manila Times,2026-03-30T08:55:33+00:00,https://www.manilatimes.net/2026/03/30/tmt-newswire/pr-newswire/dingxi-min-county-power-provides-precision-protection-building-a-strong-power-supply-line-for-angelica-seedling-raising/2310266,"Dingxi Min County: Power Provides Precision Protection, Building a Strong Power Supply Line for Angelica Seedling Raising","DINGXI, China,March 30, 2026/PRNewswire/ -- In early spring, the seedling raising of Min County, Gansu, a major producing area of Angelica sinensis, has entered a critical stage. Affected by late spring cold weather, the pressure on temperature and humidity control in seedling sheds has increased. State Grid Dingxi Power Supply Company has launched a special power protection action for spring farming, escorting angelica seedling raising with precise power services, and providing solid support for the stable yield and income increase of characteristic Chinese medicinal materials. In Min County, the seedling raising of Angelica sinensis has strict requirements on the temperature and humidity in the shed. The stable operation of electromechanical equipment such as constant temperature heating is directly related to the survival rate and quality of angelica seedlings. To ensure the safe and reliable power supply of seedling sheds, State Grid Dingxi Power Supply Company made advance planning and organized staff from affiliated power supply institutes to go deep into key townships such as Meichuan Town for special inspection and rectification of hidden power hazards. Aiming at the actual problems that the lines of seedling sheds are prone to moisture erosion and dust contamination, operation and maintenance personnel conducted meticulous inspections on the wiring terminals, leakage protectors and special power supply lines of the power supply lines. They eliminated safety hazards such as line oxidation and poor contact in a timely manner, equipped farmers with waterproof insulation sleeves, and standardized the layout of power supply lines. At the same time, a ""green channel"" for spring farming power services was opened, providing 24-hour emergency repair services, and popularizing knowledge on safe power use and equipment maintenance during the seedling raising period to farmers, so as to fully ensure the stable operation of temperature control equipment for seedling raising around the clock. Up to now, State Grid Dingxi Power Supply Company has completed a comprehensive investigation of hidden power hazards in all angelica seedling sheds in the county, and has handled a total of 13 power faults. This has ensured the normal operation of heating and temperature control equipment in the sheds, effectively helped farmers resist the impact of late spring cold weather on angelica seedlings, and escorted the smooth progress of spring plowing and production in Min County's Chinese medicinal material industry. Next, State Grid Dingxi Power Supply Company will continue to keep a close eye on the power demand during the whole cycle of angelica seedling raising and growth, carry out regular field power inspections, continuously optimize the quality of power services, and promote the high-quality development of Min County's Chinese medicinal material industry with reliable power protection.",0,Positive,Negative,Negative,,,,
35373,Manila Times,2026-03-30T16:02:00+00:00,https://www.manilatimes.net/2026/03/31/news/national/pal-returns-to-saipan-after-nine-years/2310718,PAL returns to Saipan after nine years,"FLAG carrier Philippine Airlines has returned to Saipan after nearly nine years, restoring a direct air link between Manila and the CNMI and signaling renewed confidence in the market.The relaunch comes as the airline pushes ahead despite the declaration of an energy emergency in the Philippines and the recent suspension of its Cebu-Guam route, with officials stressing that the Manila-Saipan service remains a priority.At a ribbon-cutting ceremony held Monday, March 30, at the Francisco C. Ada-Saipan International Airport, PAL executives and CNMI leaders underscored both the symbolic and economic importance of the route’s return.PAL Express Vice President for Ground Operations Matthew Tamaray said the airline is banking on the expansion of the CNMI’s Economic Vitality and Security Travel Authorization Program (EVS-TAP) to drive growth, particularly among Filipino travelers.“We had an engaging discussion with our partners here on Saipan about extending CNMI Economic Vitality and Security Travel Authorization Program for Filipinos,” Tamaray said, noting that travelers from the Philippines are increasingly opting for destinations with visa-free or streamlined entry.“Filipino travelers are expanding their reach... to Asean, Taiwan, Korea, and Japan, where visa processing is streamlined.”He described the restored service as more than a commercial move.“This isn’t just a new entry in our flight schedule; it is a restoration of a vital lifeline between our two nations,” Tamaray said, adding that PAL aims to “make the wide Pacific feel a little smaller and our nations a little closer” while supporting tourism, cargo movement, and access to health care in Manila.CNMI Gov. David Apatang welcomed the airline’s return, calling it crucial to the CNMI’s economic recovery.“Philippine Airlines has been here before, and we want to welcome Philippine Airlines back to the Commonwealth,” Apatang said. “We need your help... to help with our economy here also in the Commonwealth.”CNMI delegate Kimberlyn King-Hinds linked the route to broader efforts to ease federal constraints on air service.“In a nutshell, more planes landing means more customers,” she said. “That is the work that we’re doing in Washington, D.C., to be able to remove some of these structural barriers... that is limiting our ability to expand markets.”She added that the connection goes beyond tourism.“The Philippines is not just customers. It represents connecting families, people who call the CNMI home, who also call the Philippines home.”Commonwealth Ports Authority Executive Director Esther Ada said the restored flights open new opportunities for the islands.“Today marks more than the return of an airline. It represents new opportunities for the CNMI,” Ada said. “The restored service brings greater access to the Philippines and stronger connections to the world, making it easier for families to reunite, cultures to stay connected, and communities to grow stronger.”Philippine Consulate General in Agana consul Joaquin Ricardo Aragon placed the development in a broader diplomatic context.“Philippine Airlines had been here before... but now, it’s back,” Aragon said, noting that 2026 marks the airline’s 85th anniversary and the 80th anniversary of Philippines–US diplomatic relations.“We are living in somewhat challenging times now... and this is something to look forward to. It’s not all doom and gloom.”He said the direct service would especially benefit the Filipino community in the CNMI.“They now have a direct flight to get back home — and to come back also.”Passengers on the inaugural flight cited convenience as a key advantage.Raniel Santos, a teacher, said the route eliminates stopovers. “No need to stop over at Guam anymore... it’s a lot faster, a lot more convenient... it’s a big blessing.”Norlyn Cabrera said the direct connection makes travel “easier, and the flight is shorter,” while Sildrey Veloria noted he can now visit family “more quickly than stop over to Korea or Guam.”For Jershwin Angeles of the Northern Mariana Islands Football Association, the timing allowed his team to train in the Philippines.“We took this opportunity... to travel to the Philippines,” he said, adding that about 40 players will spend 10 days in training camp.PAL’s inaugural PR2571 flight from Manila was greeted with a traditional water cannon salute, marking the airline’s official return to Saipan after years of absence.Despite external pressures, PAL Regional Head for Japan, Korea and Oceania Bryan Sansolis said the airline is proceeding with the route launch, even as energy constraints in the Philippines have forced adjustments elsewhere in its network.“We’re really keen on supporting the Saipan route... it will not affect the new routes,” Sansolis said during a Zoom call with media members prior to Monday’s flight.The airline will operate twice weekly — Monday and Thursday — using an Airbus A321-CEO configured with 12 business class and 187 economy seats.",0,Positive,Positive,Positive,,,,
35415,Manila Times,2026-03-31T02:26:00+00:00,https://www.manilatimes.net/2026/03/31/sports/nba-bulls-fire-ivey-after-anti-lgbtq-comments/2311025,NBA Bulls fire Ivey after anti-LGBTQ comments,"LOS ANGELES — Chicago Bulls guard Jaden Ivey was sacked by the team on Monday after condemning the NBA's support for the LGBTQ community.A brief statement from the Bulls said the 24-year-old had been waived by the team for 'conduct detrimental to the team.'The decision came after Ivey appeared to take aim at the NBA over its support for Pride month throughout the league.'They proclaim Pride Month in the NBA. They proclaim it. They show it to the world. They say, 'Come join us for Pride Month,' to celebrate unrighteousness,' Ivey said in an Instagram live post.'They proclaim it. They proclaim it on the billboards. They proclaim it in the streets - unrighteousness. So how is it that one can't speak righteousness? How are they to say that, 'Man, this man is crazy'?'Ivey, who only joined Chicago two months ago in a trade from the Detroit Pistons, also took aim at Catholicism in an exchange with a commenter.'Catholicism is a false religion. And is not the true Doctrine of Christ. (It) does not lead to salvation in Jesus Christ,' he commented.Ivey was regarded as one of the brightest prospects in the NBA when he was chosen with the fifth pick of the draft by Detroit in 2022.However his career has been disrupted by injuries over the past two seasons, and he played only four times for Chicago after joining the team in February.",0,Negative,Negative,Negative,,,,
35398,Manila Times,2026-03-31T04:09:00+00:00,https://www.manilatimes.net/2026/03/31/business/sunday-business-it/meta-says-testing-subscription-tier-for-instagram/2311045,Meta says testing subscription tier for Instagram,"SAN FRANCISCO — Instagram is testing a pay tier that offers features including letting subscribers discretely view 'Story' posts that normally vanish after 24 hours, Meta told Agence France-Presse on Monday, confirming a report by news website TechCrunch.Paying users will also get more control over which accounts are permitted to see photos or videos they share in Story posts on the popular social network.The new tier is being tested in 'a few countries worldwide,' a spokesperson said, without providing further details.According to TechCrunch, they include Japan, Mexico and the Philippines, with subscription prices hovering around $2 per month.Meta launched ad-free, paid versions of Facebook and Instagram in the United Kingdom last year to comply with legislation there.Social media platforms Snapchat and X have offered paid premium version for several years.Snapchat's parent company Snap recently reported having more than 25 million subscribers to its premium tier and being on pace for $1 billion in annual revenue.Content creators at Instagram already have the ability to charge fans for access to exclusive content.",0,Negative,Negative,Negative,,,,
35390,Manila Times,2026-03-31T05:33:06+00:00,https://www.manilatimes.net/2026/03/31/tmt-newswire/globenewswire/technip-energies-announces-publication-date-for-first-quarter-of-2026-financial-results-and-conference-call/2311080,Technip Energies Announces Publication Date for First Quarter of 2026 Financial Results and Conference Call,"Technip Energies Announces Publication Date for First Quarter of 2026 Financial Results and Conference Call Technip Energies (PARIS:TE) will issue its first quarter 2026 financial results on Thursday April 30th, 2026, at 07:30 CEST. The Company will host a results conference call on the same day at 13:00 CEST. To participate in the conference call, please use one of the following telephone numbers and dial in approximately 10 minutes prior to the scheduled start time: FR:                         +33 1 70 91 87 04 UK:                         +44 1 212818004 US:                         +1 718 7058796 Conference Code:         880901 The event will be webcast simultaneously and can be accessed at:T.EN Q1 2026 Webcast To listen to the webcast, please register on the website at least 10 minutes before the call begins. The webcast will be available on demand shortly after it has finished. About Technip Energies Technip Energies is a global technology and engineering powerhouse. With leadership positions in LNG, hydrogen, ethylene, sustainable chemistry, and CO2 management, we are contributing to the development of critical markets such as energy, energy derivatives, decarbonization, and circularity. Our complementary business segments, Technology, Products and Services (TPS) and Project Delivery, turn innovation into scalable and industrial reality. Through collaboration and excellence in execution, our 18,000+ employees across 35 countries are fully committed to bridging prosperity with sustainability for a world designed to last. Technip Energies generated revenues of €7.2 billion in 2025 and is listed on Euronext Paris. The Company also has American Depositary Receipts trading over the counter. For further information:www.ten.com Contacts Investor RelationsMedia Relations Phillip Lindsay                                        Jason Hyonne Vice-President Investor Relations                 Press Relations & Social Media Manager Tel: +44 207 585 5051                                Tel: +33 1 47 78 22 89 Email:Phillip LindsayEmail:Jason Hyonne Attachment Notification of Q1 2026 Results - EN",0,Positive ,Positive,Positive,,,,
32332,Philstar,2026-03-25T02:39:10.358441+00:00,https://www.philstar.com/business/biz-memos/2026/03/25/2516284/grandison-charts-gold-standard-16th-anniversary-tour-kicks-off,Grandison charts ‘Gold Standard’ as 16th anniversary tour kicks off,"MANILA, Philippines — Following a high-impact double-city celebration in Manila and Cebu on February 24 and 25, Grandison is officially pivoting from its 16th-anniversary festivities toward a year-long nationwide roadmap designed to redefine ethical recruitment through the implementation of the “Grandison Gold Standard.”

The company, a veteran leader in healthcare staffing , marks this milestone not merely as a look back at sixteen years of excellence but as a formal mission to elevate industry benchmarks. Having successfully concluded its ""Grit to Greatness"" anniversary summits last month, Grandison is now deploying its teams across the country for an extensive series of campus roadshows and industry townhalls that will span the remainder of the year.

The centerpiece of this anniversary year is the official commencement of the groundwork for the Grandison Gold Standard , an initiative that serves as a new ethical lighthouse for the recruitment industry. This framework focuses on enhanced candidate protection, absolute transparency in global placement, and long-term career sustainability for Filipino healthcare professionals.

In a statement, Grandison emphasizes that this 16th year is about “setting the pace for where the industry must go, ensuring that every nurse and allied health professional deployed in 2026 and beyond is protected by the most rigorous ethical framework currently available in the market.”

To bring this vision to life on a local level, Grandison has launched its Nationwide Campus Roadshow to visit premier partner institutions across the Philippines. The tour serves a dual purpose of providing graduating healthcare students with direct access to industry leaders while simultaneously launching the ""Student Voice"" initiative.

This nationwide listening tour aims to capture the aspirations and challenges of the next generation of nurses, physical therapists and occupational therapists through interactive forums and fi lmed testimonials that will help shape future policy.

The momentum generated by the February events in Manila and Cebu serves as the launchpad for this aggressive expansion. With over 16 years of experience in bridging Filipino talent with global opportunities, Grandison’s move toward the “Gold Standard” reflects a maturing industry’s need for higher candidate-centric service.

As the roadshow moves through key regions this quarter, Grandison continues to invite academic and media partners to join in shaping a future where the Filipino healthcare worker remains the global priority.

Grandison is a premier healthcare staffing and recruitment firm with 16 years of excellence in the industry. Specializing in ethical recruitment and global career development, Grandison is committed to empowering professionals through its ""Gold Standard"" of service and integrity.

Editor’s Note: This press release is sponsored by Grandison. It is published by the Advertising Content Team that is independent from our Editorial Newsroom.",0,Positive,Positive,Positive,,,,
32542,Philstar,2026-03-25T09:36:45.175903+00:00,https://www.philstar.com/lifestyle/fashion-and-beauty/2026/03/25/2516510/sci-marks-10-years-championing-diversity-global-fashion-stage,SCI marks 10 years of championing diversity on the global fashion stage,"MANILA, Philippines — Championing Filipino design talent has always been at the core of Spotlight Couronne Internationale (SCI), a fashion production company led by international fashion-show director Limuel Hayag Vilela and creative director Alvin Masangkay Francia.

Since its establishment in 2015, SCI has not only become a gateway for many fashion designers to achieve their dream of showcasing their work abroad through International Fashion and Arts Weekend (IFAW), but it has also expanded into different facets of the industry, from modeling to arts and performances.

Over the years, SCI has presented in numerous cities around the world, from its headquarters in Calgary and its new home in Manila to top fashion destinations such as New York and Paris. As it marked its 10th year in the global fashion scene, SCI continues to weave the stories of designers and artists and bring them to new heights, crossing more cities off the map.

“Our mission in building SCI was to create a platform where creativity, identity and opportunity could truly meet,” said Alvin. We wanted to build a space where people could feel seen, valued, and empowered.”

On November 30, 2025, SCI marked its 10th anniversary with a grand celebration. Fashion Gala Canada 2025, held at the historic Fairmont Palliser Hotel, gathered tastemakers from all over Canada as they toasted a decade of storytelling, empowerment, and global inclusivity. The gala is SCI’s annual event that commemorates its series of events held around the world.

Hosted by SCI Global brand ambassador Arianna Ramsay, the event featured collections by the designers headlined at IFAW 2025 Manila, namely Maliyah Abenir, John Ablaza, Jaki Peñalosa, Kenny Ladaga, and Odelon Simpao, as well as the latest collection from SCI PH, the fashion house under the SCI umbrella. The runway show was more than just a fashion presentation; it symbolized a bridge connecting design talents from around the world—Calgary, Manila, Winnipeg, Edmonton, New York, and Paris—through the initiatives under SCI’s brand portfolio.

The second part of the event was dedicated to the young members of the SCI community with a Kids & Teens Fashion Show.

The runway shows spotlighted SCI students and Bootcamp alumni as models. Bootcamp, one of the flagship programs of SCI’s IFAW, provides kids and teens with personality development training and also serves as a platform for SCI to promote inclusivity in the fashion industry. The segment also drew attention to the testimonies of proud moms who shared success stories of their children and how SCI’s personality development training has influenced and inspired them both on and off the runway.

SCI also honored two organizations for making a significant impact. The first was SPICE’d Childcare Services, a Canada-based licensed day-home childcare agency. The second was the Electronic Symphonia Orchestra, which serenaded the audience with live musical performances during the event.

Recently, SCI PH ticked off another fashion capital on its list with its runway show in Milan, Italy. The show, held during Milan Fashion Week Fall/Winter 2026, took place at The Westin Palace. SCI Models graced the runway wearing the brand’s latest collection, dubbed “My Promise: La Mia Promessa,” presenting sophisticated eveningwear in monochromatic hues and luxe materials, adorned with intricate floral appliqués and beadwork—signature design elements of SCI PH.

“La Mia Promessa” is SCI PH’s way of showcasing luxury that is more approachable, personal, and meaningful. The idea behind the collection is that fashion can represent a promise—a promise to believe in yourself, rise above doubts, and embrace your true identity. Every piece tells a story of courage, individuality, and the power of self-expression.

“Beyond the glamor of Milan Fashion Week, what made the experience truly special was the people we brought with us and the message behind our collection,” Limuel Hayag Vilela, IFAW international fashion director, noted. “Seeing them shine on an international stage reminded us that fashion can be more than just design; it can be a platform for empowerment, diversity, and representation.

As SCI marked its 10th year in the fashion industry, Limuel and Alvin know that there is still more work to be done. In its next chapter, the brand aims to bring what it started in Calgary to the Philippines with the opening of The House of SCI PH in Lucena City. It will serve as a creative hub for fashion, mentorship, and professional development—a space where aspiring creatives can learn, collaborate, and build their confidence.

Globally, they plan to continue bringing SCI PH to international stages to strengthen its global presence. Their vision is to grow it into a diverse luxury fashion brand that celebrates creativity and authenticity.

“At the end of the day, SCI was never just about fashion. It’s about empowering people through creativity and reminding them of the values that guide us every day,” Alvin concluded.",0,Positive,Positive,Positive,,,,
32666,Philstar,2026-03-25T17:48:31.364686+00:00,https://www.philstar.com/entertainment/2026/03/26/2516867/richard-gutierrez-co-parenting-being-tagged-action-king,"Richard Gutierrez on co-parenting, being tagged ‘action king’","If there’s one thing Richard Gutierrez can confirm right now, it’s this: action work hurts.

He has starred in multiple, high-octane, action-oriented projects successively, with “Blood vs. Duty” his upcoming and third consecutive lead role after “The Iron Heart” and “Incognito.”

“We’ve done a lot of taping days already… a lot of work. I have had many sleepless nights, we’ve filmed many action scenes already. I’ve also had several massage (sessions) due to body pain,” Richard shared recently in an interview.

But the 42 year old showbiz royalty is clearly deep in his action era. He said he doesn’t mind the sleepless nights and body aches.

“More than anything, we’re able to see what we’ve accomplished at the end of the day. I think we have something,” he added.

And for someone who used to do all his stunts, there’s also a bit of wisdom and practicality kicking in these days.

“I used to do all of it,” he said, “but now I do most of them.”

Off set, however, Richard switches roles, from fight scenes to father duties.

The STAR asked about his idea of bonding and game time with his sons Zion and Kai at home. “You know, kids, they have a lot of activities. I try to line up activities for them,” he said, ticking off sports like basketball and even boxing.

School is still a priority though. “Obviously, I also want them to focus on their academics,” he added.

Then, there’s the modern parenting challenge: gadgets. “But obviously they’re kids, they want their iPads, you know? So they also have iPad time,” he said.

He further said that his children, especially his eldest Zion, have also shown curiosity about acting and filmmaking after watching his work and old movies of his father, veteran actor Eddie Gutierrez.

Richard, who started out as a child star, is open to the idea of his kids going into showbiz as well. But that will have to wait.

As for his co-parenting set-up, he said it’s been running smoothly, noting, “Okay naman. We have equal time with the kids, and so far everything’s okay.”

Between action-heavy shoots and family life, Richard seems fully aware that this phase of his life also comes with more responsibility than ever.",0.002488,Neutral,Neutral,Neutral,,,,
32693,Philstar,2026-03-25T18:51:52.298887+00:00,https://www.philstar.com/pang-masa/police-metro/2026/03/25/2516694/impeachment-hearing-vs-vp-sara-simula-na,Impeachment hearing vs VP Sara simula na,"MANILA, Philippines — Pormal nang sisimulan ngayong araw ang pagdinig sa impeachment case laban kay Vice President Sara Duterte kung saan isa-isa nang bubusisiin ang mga ebidensya at haharap ang mga testigo.

Sinabi ni Justice panel Chairperson at Batangas 2nd District Rep. Gerville Luistro na kritikal ang mini trial na kanilang isasagawa kung saan ay magco-convent ang komite alas-10:00 ng umaga sa People’s Center na dito’y magtatakda ng ground rules, pagtalakay sa mga mosyon at pagdinig sa impeachment complaint.

Sa ilalim ng agenda ay magsasagawa ng inisyal na pagdinig sa dalawang impeachment complaint laban kay VP Duterte kabilang dito ang 3rd impeachment complaint na inihain nina Rev. Fr. Joel Saballa at ang 4th complaint na inihain naman ni Atty.Nathaniel Cabrera.

Aaksiyunan din ng komite ang mga nakabinbing mosyon kabilang ang kahilingan sa pag-iisyu ng subpoena sa mga dokumento.

Gayundin ang resolusyon sa petisyon na isailalim sa kustodya ng panel ang pangunahing testigo na si Ramil Madriaga na umano’y “bagman” ni VP Duterte at ang isyu hinggil sa umano’y “conflict of interest” hinggil sa dalawang miyembro ng legal team ni VP Duterte.

Inihayag ni Luistro na ang panel ay nakahandang aksiyunan kaagad ang impeachmnent complaint base mga ebidensya at testigo.",0.244131,Negative,Negative,Negative,,,,
32974,Philstar,2026-03-26T07:45:02.719374+00:00,https://www.philstar.com/entertainment/korean-wave/2026/03/26/2516984/park-bo-young-kim-sung-cheol-crime-show-gold-land-sets-april-premiere,"Park Bo Young, Kim Sung Cheol crime show 'Gold Land' sets April premiere","MANILA, Philippines — Streaming platform Disney+ has confirmed an April 29 release date for the crime thriller series ""Gold Land"" starring Park Bo-young and Kim Sung-cheol.

""Gold Land"" is the streaming series debut of screenwriter Hwang Jo-yoon, best known for co-writing the movies ""Oldboy"" and ""Memoir of a Murderer.""

The show stars Bo-young as Hee-ju, a young small town woman whose life changes for the better upon dating a successful pilot.

""Finally escaping her past and managing to hold down a reputable job at a nearby airport, things seem to be going well for Hee-ju until her boyfriend calls her pleading for help,"" goes the synopsis.

""Within days, Hee-ju will find herself on the run with a ton of gold bars, hurtling towards the one place she swore she'd never return.""

RELATED: Lee Byung Hun, Han Ji Min headline Korean adaptation of 'The Americans'

Sung-cheol plays Jang Wook or Woggy, a member of the criminal organization chasing Hee-ju and someone from her old neighborhood.

Also in the cast are ""Moving"" actor Kim Hee-won, former ""Running Man"" cast member Lee Kwang-soo, Lee Hyun-wook, and Moon Jeong-hee, under the direction of Kim Sung-hoon.

K-drama fans will know Bo-young best known as the titular character in ""Strong Girl Bong-soon,"" appearing opposite Park Seo-joon in ""Concrete Utopia"" and most recently starring in ""Light Shop"".

Sung-cheol replaced Yoo Ah-in for the second season of ""Hellbound"" and also starred in ""Our Beloved Summer,"" ""No Way Out: The Roulette,"" ""Do You Like Brahms?,"" and ""The Wind Blows.""

""Gold Land"" will premiere two episodes on April 29 and drop two new episodes each following Wednesday until the May 27 finale.

RELATED: Hyeri to host reality survival show featuring Korean fashion stars",0,Positive,Positive,Positive,,,,
33006,Philstar,2026-03-26T08:54:32.305973+00:00,https://www.philstar.com/pang-masa/police-metro/2026/03/26/2516924/286-pinoy-tiwala-kay-marcos-sa-paglaban-kontra-katiwalian,28.6% Pinoy tiwala kay Marcos sa paglaban kontra katiwalian,"MANILA, Philippines — Nasa 28.6% na mga Pinoy ang nagtitiwala kay Pangulong Bongbong Marcos dahil sa pakikipaglaban nito kontra sa katiwalian

Ito ang resulta ng survey na isinagawa ng Pulse Asia kamakailan at sa nasabing porsiyento ng mga respondents, pinakamarami ang nagmula sa Metro Manila na nasa 37.1% habang nasa 29.4% ang para sa natitirang bahagi ng Luzon at (29.4%), at yaong kabilang sa Class D, na nasa 30.3% naman.

Ang iba pa namang dahilan kung bakit pinagkakatiwalaan ng mga Pinoy ang ­pangulo ay ang pagtulong niya sa mga nasalanta (12.4%); naaayos ang pamumuhay ng mga Pilipino ng kanyang mga programa (10.9%); sumusuporta sa mga magsasaka/agrikultura (9.9%) at napaayos ang mga pampublikong imprastraktura (4.9%).

Samantala, sinabi naman ng mga Pinoy na nagsabing hindi sila nagtitiwala sa pangulo dahil sa mataas pa rin ang presyo ng mga bilihin sa bansa (39.3%); hindi pa napapakulong ang mga sangkot sa flood control scandal / katiwalian / nagpapatuloy ang korapsiyon (17.3%); hindi pa tumutupad sa pangako (9.8%); kulang pa sa aksiyon sa paglutas ng mga problema ng bansa (8.4%); at gumagamit diumano ng ilegal na droga (8.4%).

Ang naturang survey ay isinagawa mula ­Pebrero 27 hanggang Marso 2,2026 gamit ang face-to-face interviews.

Sa kabilang dako, sa naturan ding survey, lumilitaw na nasa 12.8% ng mga Pinoy ang nagsabing pinagkakatiwalaan nila si Vice Pres. Sara Duterte dahil may kakayahan itong mamuno o mamalakad.

Ang iba pa namang dahilan kung bakit pinagkakatiwalaan ng mga Pinoy si VP Sara ay dahil ito ay makamahirap (12.7%); matapang (12.4%); madaling hingan ng tulong/matulungan (9.1%) at matibay ang paninindigan (9.0%).",0.370968,Neutral,Neutral,Neutral,,,,
33113,Philstar,2026-03-26T12:25:44.176336+00:00,https://www.philstar.com/nation/2026/03/26/2517011/cops-seize-p68-million-worth-shabu-lanao-operation,Cops seize P6.8 million worth of shabu in Lanao operation,"OTABATO CITY, Philippines — Policemen seized P6.8 million worth of shabu from three dealers, one of them a woman, entrapped in Lumbatan town in Lanao del Sur on Tuesday afternoon, March 24.

Local executives in Lumbatan said on Thursday that they will help the Police Regional Office-Bangsamoro Autonomous Region prosecute the suspects, Jamen Malimgas Blo, Jamel Blo Mamacotao and their female accomplice, Jhohanie Macalangan Nabel, for violation of the Comprehensive Dangerous Drugs Act of 2002.

Brig. Gen. Jaysen De Guzman, director of PRO-BAR, told reporters on Thursday that the suspects were immediately detained by policemen after selling shabu to them during a tradeoff in Barangay Pantar in Lumbatan, one of the 39 towns in Lanao del Sur in the Bangsamoro Autonomous Region in Muslim Mindanao.

Agents from PRO-BAR’s Regional Drug Enforcement Unit, led by Lt. Col. Tan Bulaglag, their operatives in Lanao del Sur, among them Capt. Mubbarak Dimakuta, and personnel of other Bangsamoro police units in the province confiscated then from Blo, Mamacotao and Nabel a kilo of shabu, costing P6.8 million, a Yamaha 155 Aerox motorcycle and a red Mazda car that they used in delivering their illegal merchandise to local contacts.

De Guzman said municipal officials, traditional Maranao leaders in Lumbatan and Lanao del Sur Gov. Mamintal Adiong Jr. were instrumental in the operation that resulted in the arrest of the three suspects and confiscation from them of one kilo of shabu, a car and a motorcycle.

De Guzman said the entrapment operation was based on reports by vigilant residents of Lumbatan to their municipal officials and to Adiong, who is chairperson of the Lanao del Sur Provincial Peace and Order Council, about the shabu and marijuana trafficking activities of Blo, Mamacotao and Nabel in the province.

The three suspects are now detained, awaiting prosecution in court.",0,Positive,Positive,Positive,,,,
33187,Philstar,2026-03-26T21:29:23.487699+00:00,https://www.philstar.com/nation/2026/03/27/2517095/diliman-chancellor-gets-another-term,UP Diliman chancellor gets another term,"MANILA, Philippines — University of the Philippines Diliman chancellor Carlo Vistan II will serve for three more years after the Board of Regents voted to continue his leadership.

Vistan, who teaches at the College of Law where he was dean prior to his first term as chancellor, will serve his second term until April 2, 2029. His first term will conclude on April 1.

He was chosen over Project NOAH director Mahar Lagmay.

Meanwhile, the UP Diliman Office of the Chancellor encouraged faculty to shift to remote or asynchronous modes of learning until today, amid the two-day transport strike.

“Laboratory classes and other course activities that require the on-site presence of students may proceed as usual. Faculty members, in consultation with their students, may opt to conduct scheduled activities on-site. Appropriate consideration should be given to students who reside far from campus and those who might encounter difficulties commuting via public transportation,” the Office of the Chancellor said.

“Heads of units are authorized to adopt work-from-home arrangements for their personnel; units expecting in-person transactions are enjoined to have a minimum number of needed on-site personnel,” it added.",0,Positive,Positive,Positive,,,,
33190,Philstar,2026-03-26T21:31:12.671787+00:00,https://www.philstar.com/nation/2026/03/27/2517091/tagbilaran-residents-get-free-rides,Tagbilaran residents get free rides,"TAGBILARAN CITY, Philippines — The city government of Tagbilaran in Bohol is offering free rides to cushion the impact of high fuel prices on the riding public.

Mayor Jane Censoria Cajes-Yap said the decision was made in coordination with key officials of the city as well as of barangays.

Yap said that all requests for free use of buses owned by the city government are suspended until the prices of fuel stabilize.

She said the suspension of some activities lined up for the celebration of the Saulog Festival is also among measures being undertaken to conserve fuel and energy.

But the usual street dance activity honoring the city’s patron – St. Joseph, the Worker – and the Saulog Bazaar will proceed to give micro, small and medium enterprises an opportunity to earn and sustain economic activities in the city.

Yap said she planned to ask the city council for authority to cancel the permit of business establishments that are found taking advantage of the situation by increasing the prices of their commodities.

She said she would convene the local finance committee for the possible grant of a rice subsidy to all families.

Yap said the city government would exhaust all possible means to help residents cope with their daily needs.

She urged the private sector to help local officials implement measures intended to mitigate the impact of the surging fuel prices.",0,Positive,Positive,Positive,,,,
33397,Philstar,2026-03-27T06:49:34.944367+00:00,https://www.philstar.com/sports/2026/03/27/2517249/grassroots-push-new-facilities-keys-philippine-baseball-revival,"Grassroots push, new facilities keys to Philippine baseball revival","MANILA, Philippines — A long-awaited “field of dreams” may soon become a reality for Philippine baseball.

Echoing the iconic line from the classic film “Field of Dreams”, Philippine Amateur Baseball Association (PABA) president Rodolfo “Boy” Tingzon expressed optimism about the sport’s future during his appearance at the Tabloids Organization in Philippine Sports Inc. (TOPS) Usapang Sports on Thursday at the Rizal Memorial Sports Center (RMSC) in Manila.

“If you build it, they will come,” Tingzon said — an idea he believes applies perfectly to the current state of baseball in the country.

Despite the Philippine team’s steady performances in international competitions, Tingzon admitted that the sport has struggled to maintain local interest, with dwindling fan support and fewer young athletes taking up baseball.

“Those were the days when fans and families filled the Rizal Baseball Stadium to the rafters. Every game felt like a fiesta,” Tingzon recalled. “I’m grateful to have witnessed that golden era. Now, as PABA president, I feel it’s my responsibility to bring life back to the sport we love — for the next generation.”

Tingzon emphasized that talent is not the issue. The Philippines remains the top baseball nation in Southeast Asia and ranks fifth in Asia, behind powerhouses Japan, South Korea, Taiwan, and China.

“We’re not lacking in talent. Our grassroots programs are continuous and strong,” he said. “The real problem is the lack of playing venues.”

Since 1938, the Rizal Baseball Stadium has remained the only government-owned baseball facility in the country, with most other fields privately operated.

Carrying on the legacy of his father, the late Rodolfo Tingzon Sr. — recognized as the “Father of Asian Youth Baseball” — the younger Tingzon is determined to restore the sport’s former glory. His father introduced Little League Baseball in the Philippines in 1964, founded PONY Baseball/Softball in Asia in 1975, and co-established the World Boys Baseball Federation in 1982.

With renewed support from the Philippine Sports Commission (PSC) led by Chairman Patrick “Pato” Gregorio, Tingzon said a comprehensive revival plan is already underway.

The PSC will help establish regional training centers across Visayas and Mindanao, while also backing PABA’s National Youth Baseball Championship set for later this year.

“From district to regional levels, magkakaroon tayo ng tournaments, leading up to a national finals,” Tingzon explained. “This will bring back baseball’s charm among the youth, strengthen our grassroots, and expand our talent pool for the national team.”

Plans are also in motion to build an ultra-modern baseball diamond at New Clark City in Capas, Tarlac. The PSC, in partnership with the Bases Conversion and Development Authority (BCDA), is developing a 30-hectare sports hub in the area.

“This is the perfect time, especially with Chairman Gregorio combining sports and tourism — an important formula for a strong sports program,” Tingzon added.

While long-term developments are taking shape, PABA is also focusing on immediate goals, including intensive preparations for the Asian Games in Nagoya this September and the country’s hosting of the Asia Pacific Championship in November.",0.003899,Positive,Positive,Positive,,,,
33588,Philstar,2026-03-27T13:56:59.094402+00:00,https://www.philstar.com/pang-masa/police-metro/2026/03/27/2517180/saln-ni-vp-sara-handang-ibigay-ng-ombudsman-sa-kamara,SALN ni VP Sara handang ibigay ng Ombudsman sa Kamara,"MANILA, Philippines — Inihayag kahapon ng Office of the Ombudsman na handa silang ibigay sa Kamara ang lahat ng Statements of Assets, Liabilities, and Net Worth (SALN) ni Vice President Sara Duterte kaugnay ng impeachment complaints laban dito.

“Yes, we will comply. When we first came into office, we gave the public access to the SALN of public officers. In that same statement, we even encouraged other branches of government to do the same, to make SALNs public because these are public documents,” ani Assistant Ombudsman Mico Clavano sa isang press conference.

Binanggit din niya na pinahihintulutan ang sinuman na humiling ng SALN ng mga pampublikong opisyal na nasa kanilang kustodiya, kabilang ang pangulo, bise presidente, mga hepe ng constitutional commissions, at lokal na opisyal.

Saklaw ng subpoena ang SALN ni Duterte mula 2007 hanggang 2013, 2016 hanggang 2022, at 2022 hanggang 2024.

Nagsilbi si Duterte bilang Davao City vice mayor mula 2007 hanggang 2010, mayor mula 2010 hanggang 2013 at 2016 hanggang 2022, bago mahalal na Bise Presidente noong 2022.

Nauna nang itinulak ni Bicol Saro partylist Rep.Terry Ridon, miyembro ng komite, na ipaliwanag ni Duterte ang umano’y discrepancy sa kanyang net worth noong 2007 at 2024 na nakalagay sa kanyang SALN, matapos matuklasan ang tinukoy na “wealth gap”.",0.150485,Neutral,Neutral,Neutral,,,,
33694,Philstar,2026-03-28T01:06:20.17226+00:00,https://www.philstar.com/sports/2026/03/28/2517450/whatever-it-takes-sabalenka-faces-gauff-second-straight-miami-open-crown,'Whatever it takes' - Sabalenka faces Gauff for second straight Miami Open crown,"MIAMI, United States — World No. 1 Aryna Sabalenka says she's ""ready to do whatever it takes"" to capture a second straight Miami Open title when she takes on fourth-ranked Coco Gauff on Saturday (Sunday, Manila time).

The Belarusian and the American have split their 12 prior meetings, a rivalry that includes Gauff's triumph over Sabalenka in last year's Roland Garros final to claim her second Grand Slam title.

Sabalenka, who is chasing not only a second straight Miami title but also the March hardcourt ""Sunshine Double"" of Indian Wells and Miami, said she wouldn't be looking at history as she plots how to take down Gauff.

""I never look back when I play anyone,"" Sabalenka said. ""Doesn't matter what head-to-head looks like. I always approach the match against any player as new matches as I play against a new player, always watch their games, I see the improvements, I see what they're doing on court.

""Everything can happen but I know that I'm experienced enough to let those thoughts just go away and then bring my focus in the right place.""

Sabalenka is riding high after avenging her Australian Open finals loss to Elena Rybakina with a victory over the Kazakh in the Indian Wells championship match -- and another on Thursday in the Miami semifinals.

She has reached the final without dropping a set and said she was looking forward to another shot at Gauff.

""A lot of rallies, a lot of emotions, a lot of aggression, a lot of fun,"" Sabalenka predicted for the final.

""I'll just go on Saturday with the mentality I'm ready to do whatever it takes to get the win, and I'll be there fighting, doing my very best in each point.""

Gauff has had a sometimes rocky path in Miami, where she needed three sets in each of her first four matches before a dominant win over Karolina Muchova in the semifinals.

""Especially with my serve, it just feels like I shouldn't be where I am,"" said the American, who is still struggling to solve a worrying propensity for double faults. ""But tennis doesn’t lie, the ball doesn’t lie, so I just have to believe in myself.'""

She was encouraged after the easy win over Muchova, especially with her forehand.

""I've been practicing well and I've just been waiting for it to click,"" she said. ""I think it has not obviously fully clicked, but I think it is clicking.""

Gauff also appears to be over the nerve issue that caused ""scary"" pain in her left forearm and prompted her to retire from her third-round match at Indian Wells.

She almost skipped Miami, but the lure of the prestigious tournament less than an hour from her Delray Beach home was too much.",0,Positive,Positive,Positive,,,,
33717,Philstar,2026-03-28T02:18:46.548566+00:00,https://www.philstar.com/sports/2026/03/28/2517451/tiger-woods-arrested-charged-dui-after-florida-crash-police,"Tiger Woods arrested, charged with DUI after Florida crash: police","MIAMI, United States — Tiger Woods' turbulent career veered into fresh turmoil when the golf icon was arrested and charged with driving under the influence after a rollover crash near his Florida home, authorities said.

Woods, 50, escaped injury but was detained after his vehicle clipped a truck while attempting to overtake on a residential road on Jupiter Island, flipping over before sliding to a stop.

Martin County Sheriff John Budensiek said Woods -- who was arrested for driving under the influence in 2017 -- showed signs of ""impairment"", though he passed a breathalyzer test.

However, he was formally charged with driving under the influence after refusing to take a urine analysis test, Budensiek said.

""When it came time for us to ask for a urinalysis test, he refused, and so he's been charged with DUI, with property damage and refusal to submit to a lawful test in the crash,"" Budensiek said.

The sheriff said drug recognition experts who examined Woods at the scene believed the golfer was impaired with ""some kind of medication or drug.""

However, under Florida law, Budensiek said, Woods was entitled to refuse a urine test.

""We will never get definitive results as to what he was impaired on at the time of the crash,"" Budensiek told reporters.

- 'Could have been worse' -

While neither Woods nor the driver of the other vehicle was injured, Budensiek said the incident ""could have been a lot worse.""

""This is a small two-lane road,"" he said. ""Had somebody been moving in the opposite direction, we would not be having a conversation saying there was no injuries.""

Asked to estimate how fast Woods had been driving in the moments before the crash, Budensiek replied: ""The answer is I can't. But I can tell you this -- it's a 30 mile an hour speed limit.

""When I show you the photos, they kind of speak for themselves...you can see that he slid for a decent space before he came to a stop.""

President Donald Trump expressed sympathy for Woods in remarks to reporters in Miami following the incident.

""He's got some difficulty, there was an accident, and that's all I know,"" Trump said. ""Very close friend of mine. He's an amazing person, amazing man, but, uh, some difficulty.""",0,Negative,Negative,Negative,,,,
33837,Philstar,2026-03-28T09:18:20.019906+00:00,https://www.philstar.com/news-commentary/2026/03/28/2517471/quiet-normalization-patronage-state-universities-and-colleges,The quiet normalization of patronage in state universities and colleges,"Patronage in higher education is often discussed as an episodic governance problem: a matter of particular appointments, individual interventions, or isolated cases of political influence. A more serious concern, however, is its normalization. In some State Universities and Colleges (SUCs), patronage no longer appears primarily as overt interference. Instead, it is increasingly accommodated through institutional language that presents it as pragmatic, necessary and even professionally mature.

This normalization deserves closer scrutiny. Public universities necessarily operate within political environments. They depend on state funding, legislative support, regulatory approval and intergovernmental coordination. Constructive engagement with government actors is therefore not only unavoidable but often essential. The problem is not political interaction per se. The problem emerges when such interaction begins to shape academic and administrative choices through informal expectations, anticipatory accommodation, or unspoken constraints that weaken merit, transparency and institutional autonomy.

Under these conditions, patronage becomes less visible precisely because it is routinized. It may appear in hiring processes influenced by informal recommendation, in board appointments defended on practical grounds despite clear political affiliations, in the uneven movement of research and program proposals depending on their compatibility with prevailing interests, or in patterns of silence justified as necessary for maintaining relationships. These practices may not always violate formal rules in obvious ways. Their significance lies in their cumulative effect on organizational culture.

Normalization operates through learning. Administrators observe which leadership styles are rewarded and which are penalized. Faculty recognize which forms of initiative are institutionally safe and which carry risk. Students and other stakeholders internalize the boundaries of acceptable advocacy. In this way, patronage is reproduced not only through political actors but also through institutional adaptation. Over time, what may begin as strategic caution can harden into a tacit governance logic.

The consequences are both ethical and institutional. Ethically, normalization erodes moral clarity by converting what should remain contestable into what appears merely realistic. Practices once regarded as compromising are redescribed as prudent. Compliance becomes professionalism. Silence becomes restraint. Institutional actors may come to experience accommodation less as concession than as competence. Such shifts matter because universities depend not only on legal structures but also on internal norms regarding truthfulness, critique and principled decision-making.

Institutionally, the long-term costs are substantial. Patronage may yield short-term stability, especially in resource-dependent settings, but it also produces structural fragility. Leadership legitimacy becomes tied to political proximity rather than institutional credibility. Research and program priorities become more responsive to external signals than to scholarly or public need. Academic freedom narrows, not necessarily through prohibition, but through selective encouragement, delay and self-limitation. The result is a weakened capacity for independent judgment.

Normalization also reshapes institutional expectations. When faculty, students and communities begin to assume that political mediation is an ordinary feature of appointments, leadership contests, or academic priority-setting, patronage ceases to appear as a deviation from university norms. It becomes part of those norms. At that point, reform becomes more difficult because technical fixes alone are insufficient. Adjustments to policy, governance structure, or transparency rules may be necessary, but they will have limited effect if institutional culture continues to regard patronage as inevitable.

For this reason, the issue should be understood not only as a legal or administrative problem but as a cultural one. The challenge is to preserve a workable distinction between legitimate state engagement and undue political influence. Universities must maintain external relationships, but these relationships should not determine internal judgments about merit, inquiry, criticism, or institutional direction. The relevant question is not whether universities can be insulated from politics entirely; they cannot. The question is whether they can sustain norms strong enough to prevent public accountability from collapsing into political accommodation.

A meaningful response, therefore, requires more than procedural reform. It requires renewed institutional commitment to the university as a civic trust rather than a political instrument. That commitment must be visible in leadership practice, appointment standards, research governance and the protection of academic voice. Without such clarity, patronage will continue to survive not because it is openly defended as a principle, but because it is quietly accepted as common sense.

Patronage becomes most durable when it no longer needs justification. That is why its normalization in higher education should be treated as a serious governance concern. What is at stake is not only administrative integrity, but the capacity of public universities to remain sites of independent thought, critical inquiry and principled public service.

Jovito C Anito Jr ( jovito.anitojr@jrmsu.edu.ph ) is an associate professor at Jose Rizal Memorial State University. Arlyne C. Marasigan (marasigan.ac@pnu.edu.ph) is a professor at the College of Advanced Studies and a fellow at the Educational Policy Research and Development Office (EPRDO)of the Philippine Normal University (PNU). Nikolee Marie A Serafico-Reyes ( serafico.nma@pnu.edu.ph ) is an associate professor at the Faculty of Behavioral and Social Sciences and a fellow at EPRDO of PNU. The views expressed here are those of the authors and do not necessarily reflect the official position of the institutions they represent.",0,Negative,Negative,Negative,,,,
33922,Philstar,2026-03-28T11:41:38.150589+00:00,https://www.philstar.com/sports/2026/03/28/2517475/olympian-joanie-delgaco-happy-philippine-rowings-growth,Olympian Joanie Delgaco happy for Philippine rowing’s growth,"MANILA, Philippines —  First Filipina Olympic rower Joanie Delgaco shared her joy in seeing how much the Philippine Rowing Association (PRA) has grown from its once-small community.

The 2025 SEA Games gold medalist competed in an exhibition match alongside teammate Kristine Paraon, with whom she shared the podium — and fellow national athletes, Cris Nievarez, Edgar Ilas, Van Maxilom, and Ronnie Peñaredondo in the 2026 PRA Indoor Meet supported by the Philippine Sports Commission at the University Hotel, UP Diliman in Quezon City.

Delgaco shared that the tournament has seen a major boost in attendance jumping from a handful of participants last year to more than 100 entries in the current edition.

“Dati, nag-simula pa kami sa maliit na [space]. Ngayon, mas nakilala na ‘yung rowing, marami nang nakakakilala, and marami na rin na-eenganyo sa rowing. Ngayon, nakikita ko po na nag-eenjoy po talaga sila,” she said.

Paraon also shared her delight at the high volume of entries for the 2026 PRA meet.

“Happy ako na mas nakikilala pa ‘yung rowing sa Philippines. Sobrang saya ng PRA talaga, marami nang sumasali sa meet, hindi kagaya noon. Mas known na ‘yung rowing, and sana mas marami pa talagang sumuporta,” the 2023 World Rowing Indoor Champion said.

“Sana marami pang sumuporta and sumali sa rowing, open lang ‘yung PRA sa gustong mag-try,” she added.

Scheduled for March 28–29, the two-day 2026 PRA Meet acts as the primary recruitment test for national team selection.

Foreign coach Aliaksandra Tsekhanovich, three months in with the Philippine rowing team, aims to strengthen the athletes' holistic conditioning. She praised the current event as a start toward for Filipino rowers.

“I think we need to establish more rowing clubs in the regions — just in general. We need to really make rowing accessible for everyone. The Philippines is surrounded by water and there are so many places to row,” she said.

“We just have to grow the sport, do it right, and provide more access so people can learn about it. We need to make it more popular so people can actually visualize themselves rowing,” she added. (Pool story)",0.061798,Positive,Positive,Positive,,,,
33967,Philstar,2026-03-28T12:53:59.272625+00:00,https://www.philstar.com/nation/2026/03/28/2517278/president-marcos-opens-naiax,President Marcos opens NAIAX,"MANILA, Philippines — President Marcos led the opening yesterday of the westbound off-ramp of the Ninoy Aquino International Airport Expressway (NAIAX) along Andrews Avenue leading to NAIA Terminal 3 in Pasay City.

Marcos said the 320-meter-long road would reduce travel time from South Luzon Expressway, Skyway Stage 3 and Lawton Avenue by 15 to 25 minutes, from the previous 40 minutes.

“This is just a part of what we do, especially in preparation for the Holy Week,” Marcos said, adding that the government has already opened the connector road from Cavitex up to C5 to ensure a continuous flow of traffic from the highway.

The President added that the expressway going to Cabanatuan is expected to be opened to motorists soon.

Built by San Miguel Corp., the new ramp will bypass a bottleneck, allowing motorists to reach Terminal 3 in only five minutes.

Meanwhile, the Parañaque Integrated Terminal Exchange said 999,096 passengers have used the PITX ahead of the Holy Week travel surge.

The PITX expects three million passengers to use the facility from March 22 to April 6. As of yesterday, seats on buses to the Bicol region were already 78-percent reserved.",0,Positive,Positive,Positive,,,,
33989,Philstar,2026-03-28T14:00:18.510584+00:00,https://www.philstar.com/nation/2026/03/26/2516877/house-mini-trial-unconstitutional-vp-lawyers,House ‘mini-trial unconstitutional’ – VP lawyers,"MANILA, Philippines —  The defense team of Vice President Sara Duterte yesterday referred to the “mini-trial” of the House committee on justice as “unconstitutional” amid the Vice President’s decision not to attend the initial hearing on the two remaining complaints.

At a press conference, lawyer Sheila Sison defended the decision of Duterte and her 16-person legal team to turn down the invitation of the panel, saying that the Senate has the sole authority to try and decide all impeachment complaints.

“While Section 3, Paragraph 2, Article 11 (of the Constitution) allows the committee to conduct a hearing for purposes of submitting its report to the House of Representatives within 60 session days… the Senate does not give the committee any power or jurisdiction to conduct any form of trial, whether mini or full, much less receive and try any evidence,” Sison said.

Sison said that while the invitation for Duterte and the counsels to participate in the committee’s “mini-trial is well noted,” the House of Representatives has no jurisdiction to conduct any form of trial.

“Consequently, the respondent (Duterte) puts on record her objection to any requests, motions or similar efforts aimed at obtaining or fishing for supposed evidence through processes that necessarily presuppose the existence of lawful authority and jurisdiction under the Constitution, which this case establishes,” Sison said.

Fellow Duterte counsel Michael Poa said he will attend the hearing of the justice panel after he was subpoenaed.

“I will wait for the subpoena, but definitely I’m willing to attend. I don’t have any intention to evade,” he said.

Poa said Duterte’s legal team is questioning the jurisdiction of the justice panel to conduct any form of trial.

He clarified that the defense has yet to decide whether to raise the legality of the panel’s proceedings before the Supreme Court.

“The term mini-trial did not come from us. It came from the statements of either the committee on justice or even other personalities, so it did not come from us. That’s why we’re contesting it,” Poa added.

Poa said Duterte is in the country amid her decision to snub the hearing.

The Vice President said she would rather dedicate her time to helping Filipinos than attend the justice panel hearing yesterday.

“The invitation to attend the committee on justice hearing is being used to create a media narrative that there will be a mini-trial, based on my alleged failure to respond and attend,” Duterte said in a statement yesterday.

“I have submitted my Answer ad Cautelam. At this point, the committee has no choice but to dismiss the complaints due to a clear lack of evidence,” she added.

Duterte said the hearings are being used so that the House of Representatives can conduct a third fishing expedition against her.",0,Negative,Negative,Negative,,,,
34041,Philstar,2026-03-28T15:09:53.233814+00:00,https://www.philstar.com/nation/2026/03/27/2517248/vat-removal-oil-deregulation-repeal-not-table-says-marcos,"VAT removal, oil deregulation repeal ‘not off the table,’ says Marcos","MANILA, Philippines — President Ferdinand Marcos Jr. said that measures such as the suspension of the value-added tax (VAT) and the repeal of the oil deregulation law are not off the table—but more pressing matters will come first. In a media interview on Friday, March 27, Marcos reiterated that ""nothing is being discounted."" Tl ""You know, we would love to amend the oil deregulation, but it is a long discussion. I don't know when it will come out so we are focused right now on the immediate—what we can do immediately,"" Marcos said. Senate President Tito Sotto has filed a bill repealing the oil deregulation law, saying that the government had no control over the erratic prices of petroleum products during external shocks such as the crisis in the Middle East. Marcos has already signed into law a measure granting the president emergency powers to lift the excise tax on fuel products for a limited period. However, the president has yet to indicate when he will use those powers. The country's chief economist Arsenio Balisacan has already outlined a worst-case scenario, which forecasts high inflation rates and a shrinking economy, with worsening unemployment and poverty rates to follow. The Philippines is currently under a state of national energy emergency, becoming the first country to make such a declaration during the US-Israel's war on Iran.",0,Positive,Neutral,Positive,,,,
34049,Philstar,2026-03-28T15:13:53.559109+00:00,https://www.philstar.com/pilipino-star-ngayon/opinyon/2026/03/27/2517056/panatisismo-lumalaganap,Panatisismo lumalaganap,"Pinupuna ng sociologists ang pagdami ng mga umano’y “BBM fanatics” at “Diehard Duterte Supporters”. Kinukum­para nila ito sa panatisismo ng Nazi Germany kay Hitler nu’ng World War II. Hindi na raw sinusuri kung tama o mali ang ginagawa nina President Bongbong Marcos at VP Sara Duterte. Basta iniidolo lang sila.

Hindi lang sa Pilipinas ito nangyayari. Sa maraming bansa ay labis na tinitingala rin ang mga lider. Si Vladimir Putin sa Russia, Donald Trump sa America, Xi Jinping sa China, Kim Jong Un sa North Korea, at Ayatollah Ali Khamenei sa Iran.

Nangyayari ito dahil sa pagkamuhi ng mga mamamayan sa lumalalang sitwasyon nila. Halimbawa, pakiramdam ng Russians ay pinagkakaisahan sila ng mga ibang bansa sa Europe. Kaya dapat daw ay gumanti sila. Nakakagulat na pati Russian Orthodox Church ay hinihikayat ang mga pari na sumapi sa army na lumulupig sa kapit-bansang Ukraine.

Paniwala ng mga kasapi ng Make America Great Again ay naghihirap sila dahil sa illegal aliens at mga liberals. Tuwang-tuwa sila na inaaresto at dine-deport ni Trump ang libu-libong imigrante kada araw. Binabawi ni Trump ang magagastos na programang sinimulan ng Democrats para sa mga napapabayaang sektor.

Matindi ang indoctrination ng China Communist Party sa mamamayan. Nagiging ambisyon ng maraming bata na sumapi at maging opisyal ng CCP. Paraan ito para yumaman at magka-poder.

Kulto na ang pamilya ni Kim Il-sung na nagtatag sa North Korea. Naging habangbuhay na president rin ang anak niyang si Kim Jong-il. At ngayon ay diktador ang apo na Kim Jong Un. Pinapatay nito ang sariling kapatid para lang makamit ang posisyon.

Araw-araw ang protesta ng kabataan kontra sa theo­cracy sa Iran. Pero pinapatay sila ng mga maka-Kha­menei. Binabaril sa mukha. Nu’ng January ay 22,000 umano ang pinaslang na demonstrador.",0.286184,Negative,Negative,Negative,,,,
34121,Philstar,2026-03-28T19:48:10.476992+00:00,https://www.philstar.com/entertainment/2026/03/29/2517490/daisy-reyes-finds-new-purpose-wellness-venture,Daisy Reyes finds new purpose in wellness venture,"Daisy Reyes-Tobias has found a new calling as a wellness entrepreneur.

Today, the beauty queen-turned-actress and businesswoman — who at one point served as a public official — has ventured into her most successful non-showbiz endeavor yet with Dr Essentials Aromatherapy (www.dressentials.ph), her brand built on pure essential oil blends.

This writer first discovered — and has been using — her products, particularly her Supreme Oil, more than a year ago, while finding ways to manage blood pressure and other stressors. So, it was a pleasant surprise to find out later on that the brand name was actually based on her initials after originally assuming DR stood for “doctor.” Intentional or not, it kind of fits given that it promotes calm and wellbeing.

Born during the pandemic, the brand has steadily grown from grassroots beginnings. It started on e-commerce platforms, expanded to bazaars, and has since made its way into malls and retail outlets such as Kultura. But long before it even took shape, the idea had already been rooted in her upbringing in Pateros, somehow shaped by memories of her grandfather, who introduced her to traditional remedies at a young age.

“Nung bata ako kasi ako yung kasamang apo ng lolo ko sa bahay. My mom was a single parent that’s why I was raised by my grandfather. And lagi akong nauutusan na bumili ka ng luya tapos bumili ka ng (kerosene gas). Didikdikin yung luya, ilalagay sa gaas, haplas… ibabalot yon,” she told The STAR.

Then, these topical pain and stress relievers, from liniments, medicated oils to patches, became her mother’s most requested pasalubong. All these would later inform and influence Daisy’s decision to create her own wellness product line, using natural ingredients sourced locally and some overseas — from therapeutic-grade lemon grass, rosemary, lavender, elemi to peppermint crystal — and a distinctly Filipino base, which is fractionated coconut oil.

At first, Daisy explored rebranding existing products. But she soon realized the approach was not sustainable. That pushed her to develop her own formulations from the ground up. She started studying at the Aromatherapy Institute of the Philippines to deepen her knowledge.

The business, according to her, is not unique but she would say it grew through direct engagement because “it’s easy to make an essential oil, anyone can do that… what’s hard is promoting it.”

Taking on a hands-on approach, she would personally introduce her products wherever she went, from elevators, to golf courses and airplanes.

“Kahit saan ako mapunta talaga dinadala ko siya,” she said, often engaging both potential and even unlikely customers by spraying the product on them or letting them try the balm form.

That strategy gradually opened doors, as she made it to such malls as Rockwell and Mitsukoshi in BGC, while simultaneously selling in bazaars. One of her biggest “breaks” came from a chance encounter during a golf tournament.

“I was spraying it on caddies para ma-relax sila, sobrang init kasi nahi-highblood sila,” said the avid golfer. “Then, may lumapit sakin… ‘What’s that smell?’… ‘It’s essential oil spray.’”

It turned out that fellow golfer was an international hotel chain expat executive, whose wife was already a customer. That meeting eventually led to regular bulk orders as gift items.

Now, her long-term goal is for her brand to be widely used in hotels.

While Dr Essentials is her most successful venture so far, she has been entrepreneurial since her early days in showbiz until her hiatus (she’s now ready to resume acting). She previously tried several businesses, from papaya soap-making and handmade slippers, to AirBnb and even networking vitamins. Not all of them succeeded, apart from a 20-year-old salon she has since entrusted to her sister.",0.015699,Positive,Positive,Positive,,,,
34122,Philstar,2026-03-28T19:48:31.714076+00:00,https://www.philstar.com/entertainment/2026/03/29/2517489/how-fitness-star-amottis-life-changed-after-physical-asia-fatherhood,"How fitness star Amotti’s life changed after ‘Physical: Asia,’ fatherhood","AFTER HIS WINS IN NETFLIX’S “PHYSICAL: 100 SEASON 2 – UNDERGROUND” AND “PHYSICAL: ASIA,” where Team Korea took the title, South Korean CrossFit athlete Amotti shared that his life has changed dramatically and has motivated him to further pursue his fitness journey.

“To be honest, a lot of things have changed. Before, I used to workout just for fun, just because I enjoyed working out. But after the success, I got to enjoy exercising even more. I can say that my life has truly changed,” Amotti, whose real name is Kim Jae-hong, declared through an interpreter during the “Rethink Healthy Influencer Summit” held in Mandaluyong City.

Recalling his stint in “Physical: Asia,” he cited the sack toss challenge against the Philippines’ Justin Hernandez as the most memorable moment of his run on the show.

Amotti first flew out of South Korea in 2017, which was also his first visit to the Philippines for a CrossFit competition where he won second place. “And from that point, I felt that I had to be one of the greats when it comes to CrossFit. I want to be the best CrossFit athlete in Korea,” he said.

The health summit marked his third visit in the country and the shortest. “It’s actually the shortest (visit). I wanted to stay but due to my schedule, I wasn’t able to do so. So I feel very sad but excited for today.”

He was, nevertheless, grateful that every time he comes to the Philippines, he gets to create “very wonderful memories” with his fans. “I’ll make sure that next time I visit, I see you all (thriving), and I hope everyone stays healthy. Thank you very much,’” he added.

Amotti further shared that he had suffered an ankle injury in the past. But instead of giving up, he maintained an optimistic outlook on life and continued doing what he does best – working out.

“When I had an accident with my ankle, the doctor personally told me, ‘Mr. Amotti, there might be a possibility that you won’t be able to walk again or run again,’” he recalled. “When I heard the news, I was like petrified for years. But I told myself that this is what I’m best at. I just continue persevering. And I think that this brought me the success that I have today.”

“Since I knew to myself how passionate I am when it comes to working out — how I love working out — I just thought to myself, ‘Let me just continue this.’ Through that shift, I didn’t expect it, but I achieved a lot of good results, good performances with myself as well,” he reflected.

As an athlete, Amotti personally believes that everyone has their own definition of what it means to be healthy. He, for one, follows his own routine.

“What I do for myself is create routines. I set what time I’m gonna wake up and work out. I even set time when I go to the bathroom. If you just set up a daily schedule, it creates your own biorhythm that you can follow naturally.”

In 2024, Amotti married his girlfriend in Seoul and recently became a father. Since then, fatherhood has influenced the way he views his overall well-being.

“From just taking care of myself, now I have a new born baby (to take care of). I have to be responsible, everything is just different. A while ago, I told Justin that in my daily routine, I work out twice a day. But he told me, ‘When you have a child, you can’t do that anymore.’”

He also mentioned that he has invested in stocks and other ventures to create opportunities for himself and manage his finances.

Amotti was joined by AIA brand ambassadors Wil Dasovich, Solenn Heussaff, Nico Bolzico and fellow content creators at the “Rethink Healthy Influencer Summit.” AIA Philippines chief executive officer (CEO) Melita Teo, AIA Philippines chief marketing officer Melissa Henson, AIA Life planner Grace Quinto, MediCard CEO Julian Mengual, MindNation co-founder and environmentalist Cat Triviño, psychologist Francine Bofill and TikTok’s Charissa Kow were also in attendance.",0,Positive,Positive,Positive,,,,
34303,Philstar,2026-03-29T14:46:44.321305+00:00,https://interaksyon.philstar.com/trends-spotlights/2026/03/29/311274/italy-investigates-sephora-over-marketing-cosmetics-to-children,Italy investigates Sephora over marketing cosmetics to children,"Make-up retail giant Sephora is under investigation in Italy over marketing adult beauty products to children, which the Italian competition authority says is fuelling an obsession with skincare among minors, including some under 10 years old.

The authority, AGCM, said it was the first European regulator to open an investigation over concerns that LVMH-owned LVMH.PA brands Sephora and Benefit Cosmetics are using very young micro-influencers on social media to promote premature use of adult cosmetics. This, it said, is encouraging compulsive purchasing of face masks, serums and anti-ageing creams, behaviours it linked to “cosmeticorexia” – an unhealthy fixation with skincare among minors.

Sephora, Benefit Cosmetics, and LVMH Perfumes & Cosmetics Italy said in a statement that they “operate in strict compliance with the applicable regulations” and will fully cooperate with the authorities. They declined to give any further comment.

Sephora, which has more than 20 million Instagram followers and 2.1 million followers on TikTok, has been at the centre of the “Sephora Kids” social media trend, which documents children making cosmetic “smoothies” in stores and sharing their skincare routines or Sephora “haul” purchases in videos.

The “Haul from Sephora for Kids” tag on TikTok shows hundreds of videos of children as young as five buying make-up and skincare products in Sephora stores.

“The investigations were opened over concerns that important information – such as warnings and precautions for cosmetics not intended for, or tested on, minors – may have been omitted or presented in a misleading manner,” AGCM said in a statement, adding that children under the age of 10 to 12 were among those the brands are targeting.

Frequent use of a wide range of cosmetics by minors without proper awareness may be harmful to their health, the regulator said.

AGCM officials and the Italian financial police carried out inspections at the premises of Sephora Italia, LVMH Profumi e Cosmetici Italia and LVMH Italia on Thursday, the authority said.

—Reporting by Enrico Sciacovelli and Helen Reid, Editing by Barbara Lewis, Louise Heavens and Susan Fenton",0.002933,Negative,Negative,Negative,,,,
34403,Philstar,2026-03-30T06:34:42.846493+00:00,https://www.philstar.com/sports/2026/03/30/2517887/fil-chi-cagefest-st-stephens-cksc-enter-semis,"Fil-Chi cagefest: St. Stephen's, CKSC enter semis","MANILA, Philippines — Lawrence Wu, Karl Villaflor and Wowie Evangelista continued to their red-hot shooting and led their respective schools to the knockout semis matches in the Smart Sports Fil-Chinese Athletic Association Inc. held recently at the Tanduay gym in Quiapo, Manila.

The sweet-shooting Wu joined forces with Jason Pascual and Alvin Chua Teng to help power the Cellboy-backed St. Stephen’s to a 77-63 win over Alusign 3M Stickers-Grace Christian College and into Friday's semis of the 30-39 division tournament presented by Tanduay Athletics.

Wu scattered 22 points, while Pascual and Teng combined for 26 points as the Stephenians arranged a semis duel with No. 2 seed and twice-to-beat Xavier School-McDavid x Windsor on April 9.

Villaflor followed up his game-high 29 points last week with 22 points as the Edison Yang and New Fortune Mansion Seafoods Restaurant-backed Chiang Kai Shek College defeated St. Jude Catholic School-Linea Metal Furnishings, 72-65, to set up a semis duel with top seed Hope Christian High School.

Evangelista, on the other hand, defied Father Time once again to produce 24 points in leading Hope Christian-Premium Feeds to a 65-57 victory over St. Jude-Duralite in the 50-years and above division.

In the semis, Evangelista and company will collide with No. 2 Grace Christian College, which likewise advanced outright to the semis after finishing tied for first with Xavier School.

In the other 50-and-above match, St. Stephen’s-Fruit By The Box drew 20 points and seven boards from Lawrenge Ngo to upend CKSC-Triangle Tires, 70-61, and forge a semis clash with No. 1 seed Xavier on April 13.

Also backing the event are Genius Hardware, Ultraforce Tires, Cellboy, PGFlex Linoleum, Boysen, Lamtex Pipes, Jiang Nan, Hangry Pares, Powerhouse Tools, L.F. Fireworks, BYD Valenzuela, BAIC, Jetour, Oedo, 1118 Autospa and TCL. (Pool story)",0,Positive,Positive,Positive,,,,
34404,Philstar,2026-03-30T06:35:01.247368+00:00,https://www.philstar.com/lifestyle/health-and-family/2026/03/30/2517883/christian-standhardinger-emphasizes-importance-sleep-active-lifestyle,Christian Standhardinger emphasizes importance of sleep to active lifestyle,"MANILA, Philippines — Christian Standhardinger, the Filipino-German professional basketball player whose last team was the Terrafirma Dyip of the Philippine Basketball Association, prefers good sleep over intense practice.

“If it's between a workout or good sleep, I go for sleep. It became so extreme for me because I know it makes such a difference in the day-to-day performance of yourself, is that I work out hard, I get a lot of sun, and I have a good diet to actually optimize my sleep at the end of the day. It affects everything,” said Standhardinger, who won four PBA championships, two PBA Best Player of the Conference Awards, and one PBA Finals MVP Award.

The 6 ft. 8 in center/power forward talked about his sleeping habits at the “8-Hour Movement: A Wake-Up Call for Better Sleep” event of mattress brand Uratex at home-appliance store, Abenson Waltermart Makati on March 14, in celebration of World Sleep Day this March.

“Sleep is one of the most important pillars of health, yet it’s rarely discussed when people think about upgrading their homes,” said Christian Cheng, category manager of the mattress brand. “With the '8-Hour Movement,' we hope to show how the right mattress can help people achieve deeper, more restorative sleep.”

For the appliance store, its senior marketing manager Pearl Perlada said: “We’ve always focused on helping customers find products that make everyday living better. “This partnership] allows us to highlight that sleep is just as important as any appliance or home essential.”

Getting eight hours of sleep, assured Standhardinger, helps with his active lifestyle.

“First of all, it increases your brain function, right? You can make the extreme opposite example. So, if you don't get enough sleep, go on three hours’ sleep and try to go out of the day and then see how good you perform. It's not very good,” he said. “That's why you need that eight hours of sleep. It's very important. For me, I prioritize it over everything, right? If it's between a good diet or good sleep, I will take sleep.”

Does it affect his performance in his field?

“I remember a lot of coaches of mine got very annoyed about myself because if there's game day and we're on an outside trip, if it's the national team, if it's Gilas, if it's in Ginebra for example, I always made sure that on game days I get as much sleep as possible. I almost force myself to sleep most of the day and then I just go to the game just because it affects my performance that much,” Standhardinger recalled.

He added that good sleep makes such a big difference and people underestimate that a lot.

“It takes a lot of discipline also. But if you really want to win, that's something that you can do that is maybe a one-time investment, for example, with the [right] mattresses,” Stamdhardinger concluded. “But then every day, your sleep is a little bit better. That's a very smart way to get the most efficiency out of your life. It's a good investment to have a better-quality mattress. Your health and everything then follows.”

RELATED: Why routine, time of exercise affect sleep, body clock",0,Positive,Positive,Positive,,,,
34452,Philstar,2026-03-30T06:53:13.802514+00:00,https://www.philstar.com/business/2026/03/30/2517715/petron-better-smc-government-buyback-unnecessary,‘Petron better off with SMC; government buyback unnecessary’,"MANILA, Philippines — With its “poor track record” in running businesses, the government should stay out of Petron Corp., as tycoon Ramon Ang is better suited to manage it – and perhaps even the country, analysts said.

Ang, chairman of diversified conglomerate San Miguel Corp. (SMC), renewed his offer last week to sell the country’s only remaining oil refiner back to the government amid the ongoing energy emergency.

Market analysts, however, told The STAR that a buyback may not be wise for the government given its limited fiscal flexibility and that it could merely unsettle market competition.

“A government takeover of Petron is not necessary. The better policy is to allow the company to continue as a well-managed publicly listed company so that it can serve customers more efficiently,” China Bank Capital Corp.’s Juan Paolo Colet said.

Concerns over fuel pricing or supply management, Colet said, could be addressed through alternative measures such as moral suasion or regulation.

Peter U of the University of Asia and the Pacific noted that the more fundamental issue is whether the government should be in that business in the first place.

“If the oil industry has sufficient competitors, competition will pressure prices down. The only way to sell cheaper would be to sell at a loss. If it’s a government corporation, who picks up the tab? Taxpayers,” U said.

“It would also be unfair competition for the private oil companies who may not have the deep pockets the government has. It would discourage new entrants and ironically reduce competition in the future,” he added.

The government previously held a 60-percent stake in Petron through Philippine National Oil Co. (PNOC), which acquired Esso Philippines – Petron’s old name – during the first global oil crisis in 1973.

In 1994, in preparation for the local oil industry’s full deregulation, PNOC signed a stock purchase deal with Saudi Aramco involving a 40-percent stake in Petron.

In the same year, PNOC sold its remaining 20 percent stake in what became known as the “mother of all initial public offerings” in the Philippines, attracting 500,000 shareholders.

SMC has been managing Petron since 2009 after acquiring a controlling stake from London-based investment fund manager Ashmore Group, which had earlier purchased a 40-percent interest from Aramco.

COL Financial chief equity strategist April Lee-Tan said the government privatized Petron in the 1990s, recognizing that the company would operate more efficiently in private hands.

“The government has a poor track record of managing businesses in general. Besides, acquiring a majority stake in Petron’s market capitalization would strain the national budget,” Tan said.

“Our current deficit and debt position aren’t very strong, as we have not yet recovered from the deterioration caused by the pandemic,” she added.",0.004329,Neutral,Neutral,Neutral,,,,
34463,Philstar,2026-03-30T06:57:35.84679+00:00,https://www.philstar.com/sports/2026/03/30/2517774/bolts-quick-rebound,Bolts in quick rebound,"MANILA, Philippines — Power back on.

Red-faced after its recent letdown against all-Filipino Rain or Shine, Meralco got its groove back with a 118-105 triumph over Titan Ultra for a share of second place in the PBA Commissioner’s Cup last night.

If their defensive efforts were lacking in Friday’s 102-109 defeat to an ROS side that battled without suspended import Jaylen Johnson, the Bolts essentially got the job done on the other end this time.

The Bolts kicked off their bounceback drive on a Palm Sunday with a stifling defense that held the Giant Risers to a lowly 27.3 percent clip in the first 12 minutes, with the latter’s reinforcement Michael Gilmore scoreless, en route to a 26-16 tear.

It was all-Meralco from there except for a spell in the fourth where a Brian Sajonia-led uprising put Titan to within striking distance, 89-97, with plenty of time left.

But the Bolts reasserted themselves and extinguished the threat with a major surge in the last 4:49 to seal their third win in four starts and catch idle Phoenix, NLEX and Terrafirma at No. 2 behind the unbeaten Elasto Painters.

The Giant Risers fell short of claiming the scalp of another heavyweight after a massive 119-112 upset of San Miguel last week and dropped to 1-3 overall.

Later, Justin Brownlee (33) and RJ Abarrientos (32) did the heavy lifting as Japeth Aguilar-less Ginebra (1-3) got back on track at the expense of Converge, 99-93.

The FiberXers (1-4) slumped to their fourth straight loss.",0,Positive,Positive,Positive,,,,
34561,Philstar,2026-03-30T08:55:30.376268+00:00,https://www.philstar.com/nation/2026/03/30/2517894/watch-inside-metro-manila-subways-camp-aguinaldo-station,WATCH: Inside Metro Manila Subway's Camp Aguinaldo station,"MANILA, Philippines — Construction of the Metro Manila Subway Project is continuing, with excavation and structural works underway at key underground sites, including the Camp Aguinaldo station in Quezon City.

The project is being implemented with financing support from Japan’s Official Development Assistance, in partnership with the Japan International Cooperation Agency.

Once completed, the subway will run about 33 kilometers from Valenzuela to Parañaque, with 17 stations along the route.

Travel time from end to end is estimated at around 40 minutes.

The project aims to ease traffic congestion and reduce travel time across Metro Manila.

Full operations are targeted by 2032.",0,Positive,Positive,Positive,,,,
34562,Philstar,2026-03-30T08:55:50.956601+00:00,https://www.philstar.com/lifestyle/the-budgetarian/2026/03/30/2517903/womensmonth-3-filipinas-share-journey-toward-financial-freedom,Women's Month: 3 Filipinas share journey toward financial freedom,"MANILA, Philippines — March is Women’s Month, and it is the perfect time to celebrate the milestones that women, particularly Filipino women, have achieved in their struggle to be recognized for their true worth in the face of sexual discrimination.

It is no secret that women used to be regarded as second-class citizens in their own land. But things have changed. From not being empowered to vote and not being educated because they would only end up as housewives, Filipino women have slowly but surely elevated themselves and made people realize that what men can do outside the home, women can also do — sometimes even better. They are also proving that they can keep up with the changing times and do well — even in the digital world.

Over the last decade, the Philippines has successfully halved its gender gap in formal account ownership. Yet, the digital divide remains persistent, and somehow women are still being left behind. As the economy shifts, reports show that only 59% of Filipino women have used mobile money. Compare this to the 71% of men who do. This isn't just about access anymore; it has become about the lack of financial services women need to truly thrive.

For Tala, a financial infrastructure company for the global majority, financial inclusion starts with narrowing the gender gap. Women in a community that is 62% female may be empowered by being provided with access to credit that can spark lifelong progress. Many women use this fund to invest in business and education, thus leading to better financial control and an improved quality of life.

Empowerment affects women from home life to career growth. Here, three women — Ailyn, Mitch, and Berla — talk about how they bridged the gap between limited access to funds and lasting financial stability:

Faced with her husband’s sudden illness, Ailyn, a caregiving student from Cagayan de Oro, turned the family crisis into an opportunity for financial growth by seeking flexible, convenient online credit from Tala.

With the loan, she started a small food stall to cover her husband’s medical bills and the family’s daily expenses, and, later on, expanded the food stall into a sari-sari store. This has since become a sustainable source of livelihood for the family. Through hard work, Ailyn is now able to balance motherhood and business, proving that stay-at-home moms can also become breadwinners.

""I used the loan wisely to keep the capital rolling. Even if I’m a housewife taking care of my children, I still want to have my own income,"" she shared.

Now, Ailyn has moved beyond a paycheck-to-paycheck existence, and her steady income helps enable her to save for her children's academic future. Her sari-sari store doesn't just pay the bills; it givse her greater financial stability and peace of mind.

As a single mother, Mitch went through a journey that started with merely covering basic needs, such as household essentials, and staying on top of bills. But her heart was set on something bigger, going from renting the space they first called home to purchasing a decent home of their own. She resorted to making a loan, but she consistently built her credit standing and was eventually able to secure the additional funds that she needed to finally buy the house, while at the same time maintaining the freedom to be present for every moment of her children’s lives.

A strategic mom with big dreams, Mitch paired her big dreams with resilience and hard work, so she can now live a life that is no longer bound by financial stress.

""It was the first thing that came to mind when I needed financial help to reach my goal,"" Mitch said.

In the face of a challenging job market, Berla from Baseco, Manila, decided to carve her own path by launching a business through the financial app's support. She relied on her loan for groceries as she established her sari-sari store from the ground up and supplemented her income by transporting goods across Manila Bay via boat.

""I couldn't just rely on the store alone as a single stream of income,"" Berla explained.

For her, not getting accepted into a traditional job should not be a dead end. Instead, she saw the rejection as an invitation to innovate. ""If I couldn’t get hired in any field, then I would just have to make my own opportunity,"" she said.",0,Positive,Positive,Positive,,,,
34563,Philstar,2026-03-30T08:56:02.881477+00:00,https://interaksyon.philstar.com/politics-issues/2026/03/30/311336/st-lukes-medical-center-assures-patients-fees-remain-unchanged,St. Luke’s Medical Center assures patients: Fees remain unchanged,"Amid growing concerns over a possible increase in hospital fees driven by rising fuel costs and global tensions, St. Luke’s Medical Center has assured patients that its rates remain unchanged.

Recent developments, including unrest in the Middle East, have pushed oil prices higher, raising fears of increased operational costs for hospitals, from electricity and transport to medical supplies.

Private Hospitals Association of the Philippines Inc. reportedly said there is a possibility that some hospitals may have to increase their fees by around 5%, given hospitals’ reliance on diesel for generator sets.

Despite this, St. Luke’s emphasized stability in its services.

“In light of recent reports on potential increases in hospital fees amid global developments, St. Luke’s Medical Center assures our patients that there are no changes or adjustments to our procedures, services, or fee structure. Our operations remain stable, with patient care at the center of everything we do,” the hospital said in a statement.

The hospital also acknowledged the financial strain on Filipino families as economic pressures mount.

“We recognize the economic pressures faced by Filipino families and remain committed to keeping high-quality care accessible. We continue to manage resources prudently while upholding the standards our patients expect.”

St. Luke’s said it is closely monitoring the situation and will keep the public informed should any changes arise.

“We will closely monitor developments and will communicate any updates through our official channels.”

For now, the hospital maintained that patients can expect the same level of care and pricing, even as uncertainties continue to affect the broader healthcare landscape.

On Sunday, March 29, reports said the Department of Health (DoH) also said it would not implement increases in service charges in public hospitals despite ongoing fuel price surge in the coming weeks.

“We have DOH hospitals, 82 strong nationwide, including the four GOCC hospitals, that will not increase their prices, even if private hospitals raise their prices based on the president’s orders,” Health Undersecretary Albert Domingo was quoted as saying in a radio interview.",0,Positive,Positive,Positive,,,,
34567,Philstar,2026-03-30T08:57:18.746133+00:00,https://www.philstar.com/sports/2026/03/30/2517899/acc-tilt-japans-ota-sets-first-asian-record-tagaytay-tc-velodrome,ACC tilt: Japan's Ota sets first Asian record at Tagaytay TC Velodrome,"TAGAYTAY CITY, Philippines — Japan’s Kaiya Ota earned his niche in the Tagaytay CT Velodrome by setting a new Asian Cycling Confederation (ACC) Track Cycling Championships elite men sprint record in the qualifying round before eventually winning the gold medal with relative ease.

Ota clocked 9.348 seconds in Sunday’s qualifiers to smash the previous Asian mark of 9.350 seconds he himself set at the Paris Olympics in August 2024.

The two-time Asian Games gold medalist went on to win gold but was unable to submit a better time at 9.575 seconds on Sunday, but good enough t deny China’s Li Zhiwei (9.926) an upset ride.

Ota’s fellow Japanese Olympians also stamped their class in elite men and women Madison in the championships hosted by the PhilCycling and Tagaytay City and supported by the Philippine Sports Commission, MVP Sports Foundation, Sports Plus PH, Toyota and Peak.

Eiya Hashimoto and Kazushige Kuboki produced a masterful performance in winning the elite men Madison gold with 104 points — Kazakhstan’s Ilya Karabutov and Ramis Dinmukhametov settled for the silver medal with 82 points and Hong Kong’s Tsu Wai Chu and Kai Kwong Tso completed the podium with 65 points.

Mizuki Ikeda and Maho Kakita claimed gold for Japan in the women’s race with 53 points, beating China’s Xianbing Gong and Menghan Zhou who bagged silver with 40 points and Hong Kong’s Sze Wing Lee and Wing Yee who got bronze with 31 points.

China, meanwhile, continued to lord it over the 16-nation will also celebrate the ACC’s 33rd foundation anniversary on Tuesday, March 31, the last day of the competitions.

The Chinese got 13 gold and six silver medals, followed by the Japanese with four golds, six silvers and seven bronze medals.

In men junior keirin, Yi Kuan Lin of Chinese Taipei won gold in men’s junior and Hyerin Park of South Korea dominated the women’s race of Keirin. (Pool story)",0,Positive,Positive,Positive,,,,
35212,Philstar,2026-03-31T05:08:35.645191+00:00,https://www.philstar.com/nation/2026/03/30/2517914/special-probe-group-formed-ambush-barmm-cops,Special probe group formed for ambush of BARMM cops,"COTABATO CITY — Police in the Bangsamoro region have organized a special group to probe the fatal ambush of five patrolmen in an attack on Saturday night, March 28, in Barangay Mother Poblacion, Shariff Aguak, Maguindanao del Sur.

The fatalities, Patrolmen Kenneth Perocho, Al-Fatah Marohom, Amil Bangsa, Arsenal Sivih, and Sayed Ridwan, all from the 2nd Provincial Mobile Force Company of the Maguindanao del Sur Provincial Police Office (MSPPO), were in a pickup truck returning to Camp Akilan in Shariff Aguak from a peacekeeping mission when they were attacked by gunmen armed with combat rifles positioned along the route.

The incident left three others, Police Lt. Alfred Gregory, Staff Sgt. Adam Kamarudin Kansi, and Master Sgt. Abubakar Lauban, wounded.

Capt. Steffie Salanguit, spokesperson of the Police Regional Office-Bangsamoro Autonomous Region, said on Monday that Col. Salman Sapal, who oversees the MSPPO, and his immediate superior, Brig. Gen. Jaysen De Guzman, director of PRO-BAR, organized on Sunday a special investigation task group (SITG) to probe the attack that resulted in the deaths of the five policemen.

Chief Minister Abdulrauf Macacua of the Bangsamoro Autonomous Region in Muslim Mindanao, chairperson of the region’s multi-sector Regional Peace and Order Council, on Monday, March 30, urged the attackers over various radio stations to surrender and face the consequences of the crime they committed.

“We will run after you. We in the Bangsamoro government will flex our authority in helping units of the Police Regional Office-Bangsamoro Autonomous Region locate all of you. The local government units in Maguindanao del Sur are helping us achieve that goal so better surrender now while there is time yet,” Macacua, figurehead of the 80-seat BARMM parliament, said.

Local executives said they have been receiving reports from their constituents that the group behind the ambush consists of remnants of the now-defunct Dawlah Islamiya terror group, attempting to create the impression that they are still capable of staging attacks to intimidate owners of bus companies and business establishments in Central Mindanao into resuming the payment of “protection money” on a periodic basis.

Members of the BARMM parliament, including lawyers Naguib Sinarimbo and Ishak Mastura, and physician-ophthalmologist Kadil Sinolinding Jr., separately condemned on Monday the ambush of policemen in Shariff Aguak, one of the 24 towns in Maguindanao del Sur.

“Such atrocity has no place in our communities. We want the rule of law to reign in our communities. We detest and reject the wanton use of firearms to create trouble anywhere in all of the five provinces and three cities in our region,” Sinarimbo said. He previously served as BARMM’s local government minister before being appointed last year as a member of the regional parliament by President Ferdinand Marcos Jr.

Sinolinding, who also serves as regional health minister in a concurrent capacity, said he and his fellow regional lawmakers need to focus on possible legislation to support PRO-BAR and the military’s peacekeeping operations in the autonomous region.

“Functions and powers of the Philippine National Police and the Armed Forces are not devolved to the Bangsamoro government but we, in the parliament, can craft laws for regional application that can help boost police and military law-enforcement operations in the autonomous region,” Sinolinding said.

BARMM Labor and Employment Minister Muslimin Sema, who is also chairman of the Moro National Liberation Front, on Monday ordered all MNLF members in Shariff Aguak and nearby towns to help the SITG identify the culprits behind Saturday’s ambush.

Sema said the MNLF’s Sept. 2, 1996 peace pact with the national government compels them to assist the police and military in maintaining law and order in areas where they have state-recognized enclaves.

Salanguit said the SITG will operate under the supervision of Sapal, director of the MSPPO, with the assistance of his subordinates, including Capt. Noman Marcos, Lt. Col. Arnold Acosta, Lt. Col. Arturo Rivera, and Lt. Col. Lendsy Sinsuat.

“This early we already have pledges of support from local government officials in Shariff Aguak and in towns around to help the SITG achieve its goals,"" De Guzman said.",0,Negative,Negative,Negative,,,,
35231,Philstar,2026-03-31T05:15:48.84304+00:00,https://www.philstar.com/entertainment/2026/03/31/2518093/lisa-blackpink-announces-las-vegas-residency-first-k-pop-artist,"Lisa of Blackpink announces Las Vegas residency, first for K-pop artist","MANILA, Philippines — Thai star Lalisa Manoban, better known as Lisa of Korean girl group Blackpink, is set to become the first K-pop artist to have a Las Vegas residency.

Caesars Palace, the site of numerous concerts and sporting events, confirmed that Lisa will take over its stage later this November

Aptly called the ""Viva La Lisa"" residency, the artist will perform at the hotel's The Colosseum on November 13 and 14 as well as November 27 and 28.

The residency comes on the heels of Lisa releasing her debut album ""Alter Ego"" and making her acting debut on ""The White Lotus"" last year while Blackpink just released its latest extended play ""Deadline"" last month.

Blackpink also had a world tour named after the latter, returning to the Philippine Arena last November, and wrapped last January in Hong Kong.

A documentary about Lisa is also in the works from ""The Last of the Sea Women"" producer Sue Kim, taking a look at a year in the artist's while she and other members of Blackpink — Jennie, Jisoo, and Rosé — were doing solo projects.

RELATED: Blackpink's Lisa to star in Netflix rom-com",0,Positive,Positive,Positive,,,,
35252,Philstar,2026-03-31T05:23:31.752395+00:00,https://www.philstar.com/lifestyle/shopping-guide/2026/02/07/2506243/lego-flowers-and-bouquet-cakes-valentines-day-gift-ideas,LEGO flowers and bouquet cakes: Valentine's Day gift ideas,"MANILA, Philippines — Say what you want about Valentine's Day, it manages to bring loved ones of all kinds to share love in all its forms.

With the Day of Hearts just a few sleeps away, there are several individuals out there who may be cramming what gifts to get for significant others and treasured ones.

Instead of getting real flowers, why not get some that won't wither?

Anything can be built out of LEGO and that includes flowers, as evidenced by its Botanicals series which just released a collection for the new year.

Novelties beyond traditional bouquets include daisies, a peace lily, tulip bouquet, and a flower wall — all made of LEGO — to go with favorites like roses, pretty pink, and wildflower bouquet.

LEGO even has an Art Love item in the collection which doubles as a home accent.

You could buy a bouquet or you could get a cake — or you could do both!

Max's Corner Bakery recently introduced a Bouquet Vanilla Cream Cake which is styled like a red or pink tulip bouquet.

The cake is made with vanilla chiffon, light strawberry cream filling, cream cheese frosting, and edible buttercream tulips, and is available in five-inch and eigh-inch sizes.

It is available in all Max's Restaurant Luzon stores except the Bicol region via pre-orders (5-7 day lead time online, at least five days before preferred pick-up date) or walk-in same-day purchases in-store while supplies last.

If you'd opt for a simple design, Honeybon just brought back its Strawberry Matcha Mousse Cake for the Valentine's season.

The dessert shop's Dedication Hearts feature allows customers to have messages on their cakes, even regular offerings like Tres Leches Cheesecake, Red Velvet Cake, Ultimate Chocolate Cake, Mango Royale, and Tiramisu.

Practical gifts often make for the best presents, so getting something to be used around the house is always a good choice.

Australian home brand Anko has a series of items ideal evenings at home like highball glasses, tablecloths, napkins, and miniature vases.

Stylish yet functional pieces include trinket bowls or boxes as well as a pair of candles. Ideal for people who enjoy the kitchen are mugs, trays, pans, and placemats.",0,Positive,Positive,Positive,,,,
32262,Rappler,2026-03-24T21:54:00+00:00,https://www.rappler.com/world/asia-pacific/report-asean-save-billions-solar-instead-gas-expansion,ASEAN can save $67 billion with solar instead of gas expansion – report,"MANILA, Philippines – The Association of Southeast Asian Nations (ASEAN) could save $67 billion if it replaces $109 billion worth of planned gas expansion with solar energy, according to a new analysis by global energy think tank Ember.

Ember estimated that solar energy can deliver the same electricity at a cost of $42 billion, half of what is needed for the gas expansion. This report comes out as the US-Israeli war in Iran continues to destabilize the global oil trade.

“Developing and emerging economies in Asia will be at higher risk if energy prices continue to escalate,” Dinita Setyawati, senior analyst at Ember, said.

“While energy saving can be an initial short-term solution, the pivot to homegrown renewables can provide more options to buffer future energy shocks,” Setyawati added.

ASEAN’s energy outlook estimates that gas expansion in the region could reach almost 200 gigawatts. Projections in the region’s outlook “highlight the critical role that natural gas will continue to play” in the future.

It also maintains that “growing reliance” on natural gas imports “could pose challenges for energy security.” The think tank warned that prolonged high prices and a drawn out Middle East crisis would widen disparities among ASEAN countries and within them.

Muyi Yang of Ember said breaking the dependence on oil and gas does not just mean an energy switch but “a full economic transformation.”

“Oil and gas are far more than just fuels,” said Yang. “From fertilizers to high-tech polymers, they are the building blocks of modern life, leaving Asia’s industrial base deeply dependent on them.”

International climate group 350.org urged global leaders to transition away from fossil fuels and protect citizens from rising costs.

“Governments must act now to stop oil and gas companies profiting from the war – by taxing their windfall profits to finance protections for ordinary people,” said Anne Jellema of 350.org.

A recent report from the World Meteorological Organization confirmed that 2015 to 2025 were the hottest 11 years on record, sounding the alarm that the world is in a “state of emergency.”",0,Positive,Positive,Positive,,,,
32272,Rappler,2026-03-24T23:00:00+00:00,https://www.rappler.com/philippines/house-justice-committee-begins-hearing-proper-sara-duterte-impeachment-march-2026,House enters hearing stage of VP Sara Duterte impeachment case,"MANILA, Philippines – The House of Representatives on Wednesday, March 25, enters the stage of the hearing proper on the impeachment complaints against Vice President Sara Duterte.

Wednesday’s agenda include:

Justice committee chair Jinky Luistro has described the hearing proper as a “mini-trial,” as the proceedings dig deeper into the pieces of evidence of the complainants. The previous meetings of the panel were preliminary and did not dwell on the specific allegations.

Akbayan Representative Chel Diokno previously requested the committee to take custody of Ramil Madriaga, Duterte’s former aide who claimed he had coordinated with the Vice President’s security officers to deliver wads of cash, presumably confidential funds, to various individuals. Madriaga is currently detained at Camp Bagong Diwa.

Diokno also asked the committee to secure copies of Duterte’s Statement of Assets, Liabilities, and Net worth (SALN) and bank records.

The two petitions separately endorsed by Deputy Speaker Paolo Ortega, human rights committee chair Bienvenido Abante, and Senior Deputy Minority Leader Leila de Lima cited numerous grounds for impeachment, such as culpable violation of the Constitution, bribery, graft and corruption, betrayal of public trust, and other high crimes.

The alleged offenses include her alleged misuse of confidential funds, her alleged fabrications of submissions to the Commission on Audit, her alleged bribery of education officials, her alleged unexplained wealth, and her apparent threats to the life of President Marcos and his family.

Duterte has called the committee proceedings a fishing expedition, and, in her verified answer to the impeachment complaints, questioned the authority of the panel to hear the case.

Her “non-answer,” in the words of the complainants, prompted the justice committee to move forward to the hearing proper. The panel previously declared the complaints sufficient in form and substance, and found that they allege sufficient grounds for impeachment .

The House has 60 session days from February 23 to resolve the complaints. If the committee report favors the move to impeach, a one-third vote in the House plenary will send the case to the Senate for a full trial.

Only a Senate conviction can result in Duterte’s removal and disqualification from public office.",0,Negative,Negative,Negative,,,,
32329,Rappler,2026-03-25T01:48:00+00:00,https://www.rappler.com/philippines/metro-manila/fewer-cars-edsa-oil-price-hike-mmda,"As oil prices climb, fewer cars seen along EDSA","MANILA, Philippines — The Metropolitan Manila Development Authority (MMDA) has recorded a drop in the number of vehicles using EDSA, Metro Manila’s busiest thoroughfare, as fuel prices continue to rise.

MMDA General Manager Nicolas Torre III said on Tuesday, March 26, that traffic volume decreased by around 20,000 to 30,000 vehicles, based on observations between March 16 and March 18.

Based on MMDA’s 2023 data, an average of 407,342 vehicles ply EDSA every day.

“ Sa ngayon, nakita talaga natin ang pagbaba ng numbers. May mga tumigil sa pagdala ng sasakay, ang iba nagka-carpooling at sa mass transport system ,” Torre said.

(For now, we have clearly seen a decrease in the numbers. Some have stopped bringing their cars, others have shifted to carpooling and the mass transport system.)

Some government agencies have also implemented a four-day on-site work and one work-from-home day weekly to lessen the demand for fuel used for transportation and operations.

To encourage Filipinos to use public transportation, the government gave out a 50% discount on MRT-3 and LRT-2.

President Ferdinand Marcos Jr. on Tuesday, March 25, also declared a national energy emergency due to the rising costs of fuel.",0.040404,Negative,Negative,Negative,,,,
32327,Rappler,2026-03-25T02:22:00+00:00,https://www.rappler.com/philippines/ph-working-with-us-to-obtain-oil-us-sanctioned-countries,PH says it&#8217;s working with Washington to obtain oil from US-sanctioned countries,"MANILA, Philippines – The Philippines is working with Washington to secure waivers and exemptions so it can obtain oil from United States-sanctioned countries to ensure supply, its ambassador to the US said.

The Philippines, which relies heavily on imported fuel, on Tuesday declared a state of national energy emergency to deal with the fallout from the Middle East war, including oil procurement.

“We are working with the State Department to get waivers or exemptions to purchase oil from US-sanctioned countries,” Jose Manuel Romualdez told Reuters in an exchange of phone messages.

Asked if Venezuelan and Iranian oil were part of the discussions, Romualdez said “all options are being considered.”

Asked what has been the response from the State Department, the ambassador said: “Work in progress.”

As of March 20, the government said the Philippines had around 45 days of fuel supply, and is procuring 1 million more barrels of oil to build its buffer stock.

The emergency declaration, which will be in effect for one year, authorized the government to purchase fuel and petroleum products to ensure timely and sufficient supply.

Manila has temporarily increased coal-fired generation due to the energy supply pressures. It was due to receive its first Russian crude oil import in five years this week following a 30-day waiver issued by the US.",0,Positive,Neutral,Positive,,,,
32419,Rappler,2026-03-25T05:22:00+00:00,https://www.rappler.com/technology/meta-executive-pay-stock-options-ai-race,Meta boosts top executives&#8217; pay with stock options as AI race heats up,"Meta Platforms is increasing compensation for top executives, including its first-ever offer of stock options, as it tries to fend off competition in the artificial intelligence race and incentivize leaders to stay with the company for several years.

The pay boost comes as Meta, like other major tech firms, races to gain an edge in AI, intensifying a battle for senior talent. CEO Mark Zuckerberg has been pushing the company to compete more forcefully in generative AI.

Chief Financial Officer Susan Li, Chief Technology Officer Andrew Bosworth, Chief Product Officer Chris Cox, Chief Operating Officer Javier Olivan, President Dina Powell McCormick and Chief Legal Officer Curtis Mahoney are eligible for the stock options, regulatory filings late on Tuesday, March 24, showed.

All executives except McCormick and Mahoney, who joined Meta in January, will also receive an increase in restricted stock awards, worth a total $170 million at last close, which vest quarterly. Chief Accounting Officer Aaron Anderson will only receive restricted stock.

The company has offered huge pay packages, some worth hundreds of millions of dollars over the years, to court top AI researchers to a new superintelligence team.

Stock awards are typically issued to reward employees, retain top talent and align their interests with the company’s long-term success.

Meta executives would need the company’s stock to rise at least 88.2% to $1,116.08 to unlock the lowest-priced tranche of stock options. On Tuesday, Meta shares closed at $592.92.

A more than six-fold jump would be needed to unlock the most aggressive tranche, requiring the company’s stock price to rise as high as $3,727.12, according to the filings.

Meta must meet the price targets by February 14, 2028, for the options to vest. If unsuccessful, Meta executives’ unvested options would become available to them in instalments through August 15, 2030. The options will expire in March 2031 if they are unexercised.",0,Neutral,Neutral,Neutral,,,,
32480,Rappler,2026-03-25T07:05:00+00:00,https://www.rappler.com/technology/gabay-tech-report-online-abuse,Facing online abuse? Get help reporting it to the right authorities with this tool,"MANILA, Philippines — Did you know there’s a web-based, user-friendly platform that guides Filipinos on how they can report online threats and access support services?

Online platform Gabay Tech is designed to help victims and survivors of digital threats take the crucial first step of identifying the abuse they may be experiencing and guiding them on what they can do about this.

Launched two Tuesdays ago, March 17, Gabay Tech is available online for free. It is developed by Development Gateway and IREX, and is part of the National Models for Women’s Safety Online program seeking to address digital threats against women and children.

The platform directs users to the appropriate agencies that can take over their cases, including the Philippine National Police Anti-Cybercrime Group, the Department of Information and Communications Technology (DICT), and Cybercrime Investigation and Coordinating Center (CICC), to name a few.

Many victims and survivors of online harm go unreported, not because victims don’t recognize the abuse, but because they don’t know where to start.

Developers of Gabay Tech said interviews with survivors showed that many are unsure where to go, which laws apply, or what evidence to prepare, leaving them to navigate digital harms alone.

“The survivors we talked to are unsure where to go, which law applies, or what evidence to prepare,” said Philippines Country Lead of Development Gateway Christine Sumog-oy in a mix of English and Tagalog.

This fragmented reporting system is a reality often faced by agencies helping victims.

Organizations like CyberGuardiansPH report that victims frequently don’t know where to turn or who to contact when experiencing cyberbullying or other forms of online harm.

“So many cases actually went unreported or underreported because they weren’t even sure if it was a reportable case, especially if the person is well known either within the campus or maybe in the workplace,” CyberGuardiansPH program manager Marian Pacunana-Sangil shared.

The Philippine Commission on Women (PCW) has seen firsthand how daunting reporting can be.

Philippine Commission on Women-Inter-Agency Council on Violence Against Women and their Children (PCW-IACVAWC) secretariat Eufrosina Dumlao shared the story of a 14-year-old girl who met an older man, around 22 or 25 years old, online. After a brief intimate encounter, he threatened to expose a video of their coupling and pressured her to continue the relationship.

“She was so scared. She doesn’t want to tell her mother because she’s afraid she might disown her,” Dumlao said in a mix of English and Tagalog. “Then her friends found out, and she lost all her dignity at school. She didn’t want to go to school anymore,” she added.

Unfortunately, when PCW followed up, she decided not to continue with the report.

The Philippines has several laws addressing online harms, including the Safe Spaces Act, the Cybercrime Prevention Act, the Anti-Photo and Video Voyeurism Act, and the Data Privacy Act.

However, with a lack of centralized reporting mechanisms, many victims may be overwhelmed and confused as to what to do and which laws apply, with different processes and institutions adding to the confusion on where to seek help.

National Privacy Commission information technology officer Jonathan Rudolph Ragsag added that the costly and lengthy justice system process further discourages victims from filing complaints.

“The hesitation comes because of the nature of our justice system in the Philippines, [which] really takes time. It dashes their hope that they will get justice,” he said.

“Gabay Tech was created to help address this gap so that we could provide clear, harmonized guidance that connects people to the right support mechanisms,” Sumog-oy said.

Gabay Tech guides users through a series of simple questions to understand their situation, where to report, what evidence to prepare, and which institutions can help.",0,Positive,Positive,Positive,,,,
32513,Rappler,2026-03-25T07:53:00+00:00,https://www.rappler.com/world/middle-east/iran-reject-donald-trump-negotiation,Iran&#8217;s military rejects Trump&#8217;s talk of negotiation,"CAIRO/WASHINGTON – Israel and Iran exchanged airstrikes on Wednesday, March 25, as Iran’s military rejected President Donald Trump’s claim that the US was in negotiations to end the war, which has roiled energy and financial markets, saying the US is negotiating with itself.

The rejection of negotiations by the unified command of the Iranian Armed Forces, dominated by the hardline elite Revolutionary Guards, comes amid reports the US has sent a 15-point plan for discussion to Tehran.

“Has the level of your inner struggle reached the stage of you (Trump) negotiating with yourself?” the top spokesperson for Iran’s joint military command, Ebrahim Zolfaqari, said on Iranian state TV.

“People like us can never get along with people like you.”

“As we have always said… no one like us will make a deal with you. Not now. Not ever.”

Iran’s leadership has previously said it cannot negotiate with the US, as it has attacked the country twice during high-level negotiations in the past two years.

Four weeks into the war that has killed thousands, created the worst energy shock in history, and sparked global inflation fears, there was no letup in airstrikes from Iran and Israel on Wednesday.

The Israeli Defense Forces said in a Telegram post it had launched a wave of strikes targeting infrastructure across Tehran. The semi-official Iranian SNN News Agency said the strikes hit a residential area in the city, with rescuers searching the rubble.

Kuwait and Saudi Arabia said they had repelled fresh drone attacks, without stating where they originated. Drones targeted a fuel tank at Kuwait International Airport, causing a fire but no casualties, Kuwait’s Civil Aviation Authority said.

Iran’s Revolutionary Guards said it had launched a new wave of attacks against locations in Israel including Tel Aviv and Kiryat Shmona, as well as US bases in Kuwait, Jordan, and Bahrain, Iranian state media reported.

Trump told reporters at the White House on Tuesday, March 24, the US was in “negotiations” with “the right people” in Iran to end the war, adding the Iranians wanted to reach a deal very badly.

Stocks rose and oil prices fell on Wednesday on reports the US is seeking a month-long ceasefire and had sent a 15-point plan to Iran for discussion, raising hopes for a resumption of oil exports out of the Persian Gulf.

The New York Times reported on Tuesday that Washington sent Iran a 15-point plan to end the war in the Middle East. Israel’s Channel 12, quoting three sources, said the US was seeking a month-long ceasefire to discuss the 15-point plan.

A source familiar with the matter confirmed that the US had sent a plan to Iran but provided no further details.

The Israeli media outlet said the plan would include the dismantling of Iran’s nuclear program, ceasing support for proxy groups such as Lebanon’s Hezbollah, and the reopening of the Strait of Hormuz.

The US and Israel launched strikes on Iran on February 28 after saying they had failed to make enough headway in talks aimed at ending Iran’s nuclear program, although mediator Oman said significant progress had been made. The US struck Iran’s nuclear facilities in June 2025.

Since the start of “Operation Epic Fury” by the US in February, Iran has attacked countries that host US bases, struck Gulf energy infrastructure, and effectively closed the Strait of Hormuz, conduit for a fifth of the world’s oil and liquefied natural gas.

Iran has told the United Nations Security Council and the International Maritime Organization that “non-hostile vessels” may transit the Strait of Hormuz if they coordinate with Iranian authorities, according to a note seen by Reuters on Tuesday.

The effective closure of the waterway, where 20% of the world’s oil and gas normally transits, has created the worst energy supply shock in history, sent fuel prices soaring, and disrupted global aviation.

Asia is at the frontline of the fuel crisis, buying more than 80% of the crude that transits the Strait of Hormuz, and governments there are scrambling to respond to fuel shortages with policies such as enforced work-from-home and stimulus measures enforced during the COVID pandemic era. Some countries have declared public holidays and closed schools.",0,Negative,Negative,Negative,,,,
32810,Rappler,2026-03-26T01:48:00+00:00,https://www.rappler.com/philippines/mindanao/marcos-signs-law-barmm-elections-september-2026,Marcos signs law resetting BARMM elections to September,"MANILA, Philippines – President Ferdinand Marcos Jr. has signed into law a measure resetting the first parliamentary election of the Bangsamoro Autonomy Region of Muslim Mindanao (BARMM) to the second Monday of September this year.

The signing of Republic Act No. 12317 , which amends the Bangsamoro Organic Law , comes after delays in the holding of the elections after Sulu’s exclusion from BARMM and the Supreme Court ruling that the districting laws are unconstitutional .

The Commission on Elections will promulgate the rules for the conduct of the polls, employing the automated election system. The subsequent elections will be synchronized with national and local polls starting in May 2031.

There will be a new period for the filing of candidacies. Candidates for district seats and representatives of political parties must refile again. Elected officials in the September polls will assume office on October 30, 2026 and serve until June 30, 2031.

The election is a crucial part of the political track in the peace agreement with the Moro Islamic Liberation Front (MILF). The RA 12317 was signed on March 25, two days before the 12th anniversary of the Comprehensive Agreement on the Bangsamoro .

Maguindanao del Sur Representative Esmael “Toto” Mangudadatu said the new law is timely, emphasizing the need for both candidates and voters to prepare for the historic exercise.

“There is still time for candidates to prepare and for people, especially the youth who have just become eligible, to register before the September deadline,” Mangudadatu said.

He also said the law is an opportunity for the Bangsamoro people to choose capable leaders: “For us Muslims, this is like a blessing from the President. This election will allow us to select leaders who can uplift our region and deliver the right services to our constituents.”

Meanwhile, Acting Senior Minister Abdullah Cusain gave assurances that preparations are underway to ensure credible and orderly polls. He said preparations continued despite the repeated postponement of the BARMM elections.

“The Office of the Chief Minister will ensure that the process will be credible, peaceful, transparent, and with integrity,” Cusain said.

“Our preparations have been continuous. Even when the election was rescheduled, we maintained coordination with the Commission on Elections, especially at the regional level,” he added.

For his part, Mohajirin Ali, MNSA spokesperson of the United Bangsamoro Justice Party and MILF information officer, said the move aligns with long-standing calls for the conduct of BARMM elections.

“This is something we have been pushing for since last year. We were ready when elections were initially set, even when they were moved to October,” Ali said.

Despite multiple postponements, he said the latest schedule provides renewed momentum.

“Now that it is set for September, this is a positive development. The momentum in preparations will resume,” he added.

Ali stressed that the elections are crucial in strengthening governance in the region.

“Elections will provide answers and solutions to the challenges we face in BARMM because a mandate coming directly from the people gives authority to lead the government,” he said.",0,Neutral,Neutral,Neutral,,,,
33177,Rappler,2026-03-26T17:05:00+00:00,https://www.rappler.com/business/sm-robinsons-ayala-megaworld-shorter-mall-hours-energy-emergency-march-30-2026,"SM, Robinsons, Ayala, Megaworld cut mall hours in response to energy emergency","MANILA, Philippines – All of the Philippines’ major mall chain operators announced on Thursday night, March 26, shorter operating hours starting Monday, March 30 in response to the country’s National Energy Emergency.

The biggest mall chain, the Sy family’s SM Supermalls with 90 malls nationwide , said mall hours would be from 11 am to 9 pm, Mondays to Fridays; and from 10 am to 9 pm on Saturdays and Sundays. SM Supermalls start at 10 am on weekdays, while many of its malls close at 10 pm on weekends. “This strategic shift is a direct response to the urgent need for nationwide power conservation. By adjusting daily opening times, SM Supermalls aims to significantly reduce demand on the national grid. This measure ensures that the company effectively manages resources during this time,” SM Supermalls said in a statement.

“SM is proactively adapting to the current situation by adjusting our operating hours. We remain committed to delivering elevated retail experiences for all Filipinos, supported by our increased use of renewable energy to power our malls,” said Steven Tan, president of SM Supermalls.

The second largest mall operator, the Gokongwei Group’s Robinsons Land Corporation (RLC), with 53 malls, adjusted its weekday mall hours to 11 am to 9 pm, shorter by an hour or two, depending on the mall, starting on Monday.

For weekends, Robinsons Malls’ operating hours will basically be the same, 10 am to 10 pm.

“This proactive measure supports ongoing efforts to address the National Energy Emergency and contribute to the responsible management of power consumption across the country. By optimizing daily mall operations, Robinsons Malls aims to help ease demand on the national grid while continuing to provide a safe, comfortable, and elevated retail environment for its shoppers,” Robinsons Malls said in a statement.

It also said that mall closing hours may vary, and advised the public to check each mall’s social media pages for updates.

The Zobel de Ayala family’s Ayala Land Corporation with 30 malls likewise announced shorter mall hours on weekdays from 11 am to 9 pm, while weekdays will be the same from 10 am to 10 pm, starting on Monday. However, it advised the public to check each mall’s specific schedules.

“We’re making a slight adjustment to mall hours in support of national efforts to help manage the energy situation,” it said in a social media post.

Tycoon Andrew Tan’s Megaworld Lifestyle Malls announced shorter malls hours for its 18 establishments starting Monday. The adjusted hours will depend on the mall. See the post below for the specific adjustments:",0,Negative,Negative,Negative,,,,
33239,Rappler,2026-03-26T23:28:00+00:00,https://www.rappler.com/technology/dutch-court-grok-ai-generated-undressing-images-legal-rebuke,Dutch court rules vs Grok over AI-generated &#8216;undressing&#8217; images in rare legal rebuke,"AMSTERDAM, Netherlands – A Dutch court on Thursday, March 26, ordered Elon Musk’s xAI and chatbot Grok not to generate or distribute images “undressing” adults or children, or showing them in sexualized poses with scant or no clothing, without their consent in the Netherlands.

The Amsterdam court’s preliminary injunction, which could set a precedent in Europe, is one of the first times a judge has weighed in on xAI’s responsibility for making tools that can be used to easily create sexualized images, amid a flood of complaints and investigations over Grok around the world.

In a written decision, the court said xAI and Grok would be prohibited from “generating and/or distributing sexual imagery … whereby persons are partially or wholly stripped naked without having given their explicit permission,” and it would impose fines of 100,000 euros ($115,350) per day if the companies do not comply.

It also ordered xAI not to offer Grok on social media platform X, formerly Twitter, while in breach of the order.

The case was brought by Offlimits, a Dutch nonprofit group that combats online sexual abuse, in cooperation with the nonprofit Victims Support Fund.

A lawyer for xAI in the Netherlands referred questions to xAI. xAI did not respond to requests for comment.

At a hearing this month, xAI argued it could not stop all abuse of its tools and should not be penalized for the actions of malicious users.

Offlimits director Robbert Hoving said judges had rejected that as insufficient after a March 9 courtroom demonstration showed Grok was still able to “undress” digital images of people without their consent. “The burden is on the company” to make sure its tools are not used to make nonconsensual sexual images, or sexualized AI images of children, Hoving said.

The ruling comes as European regulators step up scrutiny of Grok and other AI tools under the EU’s Digital Services Act, which requires major platforms to curb illegal content.

The European Commission opened a formal probe into X in January over risks tied to Grok’s rollout in the EU, including manipulated sexually explicit images.",0,Negative,Negative,Negative,,,,
33238,Rappler,2026-03-26T23:30:00+00:00,https://www.rappler.com/newsbreak/inside-track/sara-impeachment-vs-energy-crisis-camps-battle-control-story,Sara impeachment vs energy crisis? Camps battle to control the story,"It’s not out of the ordinary for Vice President Sara Duterte to frame the impeachment effort of the House of Representatives against her as nothing but a political endeavor that sidelines more pressing issues in the Philippines.

But her latest attempt to dismiss the proceedings as meaningless now coincides with growing concerns over an energy crisis.

“The country’s current problems are the looming closure of businesses, job losses, and the hardship faced by every Filipino family due to the continued rise in the prices of goods,” she said in a statement ahead of the hearing proper. “Once again, politics is being prioritized over the welfare of millions of Filipinos.”

This is a problem that has become pronounced for the House: how does it articulate the importance of impeachment proceedings while the ordinary Filipino struggles to provide food on the table?

Justice committee chairperson Jinky Luistro directly addressed the oil crisis in her opening speech during the first day of the hearing proper on the impeachment case of the Vice President on Wednesday, March 25.

“Oil prices are rising. The cost of basic goods is increasing. Ordinary Filipinos feel the weight of daily life more than ever. And yet, even as we undertake this solemn constitutional duty, the House of Representatives does not forget its other responsibilities. We continue working on our other obligations even though there is an impeachment proceeding,” she said.

The Batangas congresswoman then enumerated supposed actions of the House to alleviate the burden of inflation, such as the approval of a bill that authorizes the President to suspend or reduce fuel excise tax (which Marcos signed into a law a day later).

Deputy Speaker Paolo Ortega, who endorsed one of the active complaints against the Vice President, also insisted that the House has been productive despite taking on impeachment work.

“The premise is flawed. Addressing inflation and ensuring accountability are not competing tasks — they are both essential to governance,” he said on Thursday, March 26.

The Duterte camp has leaned heavily into the narrative that the government’s priorities are misplaced to undermine the investigation of the House justice committee.

“There is a time for politics, and there is a time for survival. Elections exist to settle political differences. But crises such as this demand unity, urgency, and decisive action,” PPP Representative Harold Duterte also said on Thursday.

There are no recent surveys on the public’s appetite regarding the impeachment of the Vice President, but a July 2025 Pulse Asia Survey found that 2 in every 3 Filipinos believe she should face the impeachment court to formally answer the allegations against her.

Have the tides turned? As the oil crisis begins to dominate headlines, lawmakers will have to double down on articulating the importance of holding the Vice President accountable.

“Not only food or livelihood matters to the people. Accountability also matters, and so does justice,” Bicol Saro Representative Terry Ridon said. “Can those be eaten? No. But they still matter to people.”",0,Negative,Negative,Negative,,,,
33257,Rappler,2026-03-27T00:13:00+00:00,https://www.rappler.com/business/asia-feels-full-force-war-fueled-energy-crisis,"From beer to cosmetics, Asia feels full force of war-fueled energy crisis","SEOUL/BEIJING – From beer and crisps to noodles, toys, and cosmetics, companies—and consumers—across Asia are bracing for a crisis as the Iran war wreaks havoc on supply chains, plastics, and oil supplies, upending everyday life and sending prices soaring.

For many, it is already crunch time.

Choi Gun-soo, the manager of a 57-year-old South Korean factory that makes plastic films used by farmers to cover crops as well as by television manufacturers, said his suppliers were raising prices of some raw materials by as much as 50%, while other suppliers had simply run out of stock.

“Since we’re out of raw materials for some products, we’ll have to gradually shut down the machines, and the next one to two weeks is likely to be very critical,” he said.

While they had weathered past oil shocks as well as the COVID-19 pandemic, the impact from the war was unprecedented, Choi said, adding that the company had cut production to only 20% to 30% of usual output.

“This is the first time we’ve been hit this hard. We’re really shaken.”

At the heart of the supply chain disruption is the Strait of Hormuz , a narrow stretch of water off Iran’s southern coast through which roughly one‑fifth of the world’s oil and liquefied natural gas normally passes.

Asia, which relies more heavily on crude oil, gas, fuel, and fertilizer from the Middle East than other parts of the world, is the most vulnerable to supply disruption.

The most acute shortages right now are in oil derivatives such as naphtha, sourced predominantly from the Gulf and used in refineries across Asia to make the plastics and other petrochemicals that go into almost every manufactured product.

Already, prices for some of the fundamentals of modern life, such as plastic and rubber, are hitting records.

South Korea’s Samyang Foods, the maker of the popular spicy Buldak instant ramen noodles, said a prolonged conflict could lead to a shortage of packaging materials and increase costs.

Ramen noodles are typically sold in packages, cups, or bowls, making them heavily reliant on polyethylene terephthalate (PET), one of the world’s most widely used plastics, and also key in packaging for other products from foods to personal care.

Rival South Korean ramen producer Nongshim said it had two to three months of inventory of packaging material and was preparing for the possibility that the war, which began with US-Israeli strikes on Iran on February 28, could continue.

Yonwoo, a container maker for L’Oreal and K-beauty firms including Amorepacific, told Reuters it was scrambling to secure stocks of plastic resin to manufacture the pots used for skincare and cosmetics. It said there was little visibility on the material beyond June.

“The issue isn’t the price—if supply itself isn’t available, then without containers, you simply can’t sell the product,” a company official told Reuters, declining to be named as he was not authorized to speak to the media.

“We are stockpiling supplies, but beyond that, we don’t really have any substantial measures in place; we’re simply hoping that the situation would be resolved by May.”

The war has triggered fuel shortages around the globe, and businesses from airlines to supermarkets and used car dealers are grappling with challenges including rising costs, weakening demand, and disrupted supply chains.

In Japan, department store operator Takashimaya said if the crisis persisted there was a possibility that price increases and supply concerns could spread to clothing and household appliances.

Underscoring the scale of the impact, fans of Japan’s Wasabeef crisps panicked this month after manufacturer Yamayoshi Seika halted production, blaming a shortage of the heavy oil used for the boilers that heat the oil to fry the snacks.

China produces close to half the world’s synthetic rubber, and shortages of the naphtha needed to make it are flowing down the supply chain, forcing makers of goods such as tires and gloves to consider raising prices or shift to natural rubber.",0.002915,Negative,Negative,Negative,,,,
33331,Rappler,2026-03-27T03:23:00+00:00,https://www.rappler.com/philippines/child-rights-activist-sally-ujano-release-prison,"Jailed under Duterte, child rights activist Sally Ujano freed from prison","MANILA, Philippines – Child rights activist Ma. Salome “Sally” Ujano has been released from detention at the Correctional Institute for Women in Mandaluyong City after the Court of Appeals (CA) granted her petition assailing her 2024 rebellion conviction, a movement seeking her release said on Friday, March 27.

“ Isang magandang balita po ito at malaking tagumpay para sa ating lahat lalong-lalo na po sa sector ng mga kabataan at kababaihan, lalo na sa pagtatapos ng buwan ng mga kababaihan ,” the Free Sally Ujano movement said.

(This is good news and a big win for us, especially for the women and youth sectors, at this time when we’re closing the women’s month.)

The Philippine National Police arrested Ujano in Malolos, Bulacan in 2021, amid a series of arrests and killings of activists under former president Rodrigo Duterte’s administration. Police served a 15-year-old warrant issued in 2006 by Lucena City Regional Trial Court Branch 59 Judge Virgilio Alpajora for rebellion.

In May 2024, the Taguig City Regional Court Branch 266 convicted Ujano of rebellion and sentenced her to a minimum of 10 years, and to a maximum of 17 years and four months in prison.

Ujano had been on bail since December 2022, but the court did not allow her to continue it after the conviction. She was later turned over to the Taguig City police and was detained at the CIW.

The case stemmed from Ujano’s alleged involvement in the ambush of two military personnel in the province of Quezon in 2005.

But Ujano’s daughter, Karla, called the allegations baseless, saying she was serving as executive director of Women’s Crisis Center in 2005 or the year when the alleged crime happened.

Ujano has served as national coordinator of the Philippines Against Child Trafficking since 2008. She also served as mobilization officer at the Women’s Crisis Center from 2006 to 2007, and as its executive director from 2000 to 2006.

After the conviction, Ujano brought the case to the CA. A co-accused, Dionisio Almonte, also filed a petition.

In granting the petition, the CA Special 16th Division explained that a successful criminal prosecution largely depends on two things: identification of the author of the crime and his/her actual commission of the crime.",0.026738,Positive,Positive,Positive,,,,
33499,Rappler,2026-03-27T09:57:00+00:00,https://www.rappler.com/philippines/manila-beijing-maritime-talk-possible-cooperation-non-sensitive-areas,"PH, China meet for maritime talk, ‘possible cooperation in non-sensitive areas’","MANILA, Philippines — Days after President Ferdinand Marcos Jr. said that a “reset” of bilateral ties with China was “certainly going to happen,” Filipino diplomats flew to Quanzhou for two major bilateral meetings.

From March 27 to 28, representatives from the two countries will meet for the Philippines-China Foreign Ministry Consultations and the Bilateral Consultation Mechanism on the South China Sea, the Department of Foreign Affairs (DFA) said in a statement to the media on March 27.

The Philippine delegation is led by DFA Undersecretary Leo Herrera-Lim.

“The two meetings are important bilateral dialogue mechanisms that are meant for frank and candid exchanges on bilateral issues and concerns, as well as exploring possible cooperation in non-sensitive areas,” said the DFA.

The Bilateral Consultation Mechanism is the platform through which Beijing and Manila bring up issues in the South China Sea, to include overlapping territorial claims, as well as China’s aggressive actions in waters within the Philippine exclusive economic zone. The last BCM meeting between the Philippines and China happened over a year ago, in January 2025.

Manila has been seeking a fresh start to its bilateral relations with its northern neighbor — an effort that was most felt at the start of 2026, or just as the Philippines began its chairmanship of the Association of Southeast Asian Nations (ASEAN). One of the Philippines’ goals in 2026 is to conclude the Code of Conduct (COC) in the South China Sea between ASEAN and China.

It was on the sidelines of a COC meeting in Cebu in January 2026 that diplomats of the two countries met bilaterally for the first time in over a year. Herrera-Lim also led the Philippine delegation for that meeting.

Marcos said in a Bloomberg interview that the global oil crisis triggered by the United States and Israel’s war on Iran could be an “ impetus ” for Manila and Beijing to explore talks for joint gas exploration in contested areas in the South China Sea.

Within the Philippines’ EEZ is Recto (Reed) Bank , believed to contain vast deposits of gas. Service contracts have been rewarded for the area, yet no exploration activities have since commenced.

Energy Secretary Sharon Garin earlier said investors were wary of funding gas exploration projects in the Philippines because of tensions between Manila and Beijing in those waters.

It was through the BCM that the two countries negotiated a “provisional understanding” that covers rotation and resupply missions to the BRP Sierra Madre in Ayungin Shoal . However, harassment — in the form on dangerous maneuvers and the China Coast Guard’s use of water cannons — continue to happen in different areas and features in the West Philippine Sea.",0,Positive,Neutral,Positive,,,,
33550,Rappler,2026-03-27T11:16:00+00:00,https://www.rappler.com/philippines/visayas/oil-crisis-cebu-carbon-market-vendors-sinking-profits,"Amid oil crisis, Cebu’s Carbon Market vendors face sinking profits","CEBU, Philippines – Amid oil price hikes and a lack of customers, vendors at Cebu City’s Carbon Market have seen a drastic decrease in earnings.

Fish vendors here expected prices to drop following the usual trends of the season, but instead are now spending more due to the rising cost of fish cart transportation.

“ Ang sweldo gamay na lang mahibilin. Dugang pa bugas pa, mahal. Ni saka pud. Mao na maluoy sad ta usahay na imbes makapakapin, di ta makapakapin kay tungod sa isda. Mahal ,” fish vendor Josephine Salientes said.

(There is little left in our salaries. Adding to the fact that rice prices have also increased. It’s pitiful that, instead of earning a little extra, this is not possible due to the fish. It’s expensive)

Prior to the oil price hikes, fish cart transportation expenses used to cost around P15,000. As of this writing, the cost has doubled to P30,000.

Salientes shared that her son had already stopped studying for the semester due to financial constraints, and if oil prices continue to rise, she would need her husband to also work instead of staying home to take care of their children.

Many fish vendors have expressed dismay over their new ambulant stall positions at the Carbon Market, which have put them at a disadvantage due to the inaccessibility of their stall locations and limited selling hours.

Prior to the modernization project, many fish and pork vendors were located near Freedom Park, where a majority of the marketgoers flock to buy groceries. Following the demolitions and relocations in July 2022, vendors are now stationed in front of the Unit 1 building, farther from Freedom Park.

This means that usual customers would have to walk farther into the market. Also, vendors can only sell their fish from 3 pm to 12 am, as opposed to the usual stall hours from 4 am to 9 pm.

“ Ang gikan sa Davao, gikan sa Manila, gikan sa Mantalongon [in Dalaguete], bisa’g asang lugar, mugamit jud na og gasolina (The ones from Davao, from Manila, from Mantalongon [in Dalaguete], any place, it would really use up gasoline),” Olanolan said.

During peak seasons for flowers, such as Valentine’s, flower vendors can earn between P10,000 and P20,000 a day. When demand is low, they’re fortunate to sell one or two bundles — a bundle costs up to P500.

According to Olanolan, sales have been slow in March, what with the lack of occasions and celebrations where flowers are given.

“ Nangayo gud ko’g snacks sa akong silingan (I had to ask for snacks from my neighbor),” Olanolan said.

For the past three days, the flower vendor shared that she had not made any income. She was supposed to contribute to her child’s food allowance, but was now unable to do so due to poor sales.

Flower vendor Mary Gabuna said she and her fellow vendors would have to wait for the tail end of the Lenten season and Holy Week for churches to begin bulk purchases of flowers from them.

Until then, however, many vendors would have to accept that their stocks of flowers would probably decay due to the lack of demand.

“ Huwat jud. [Pero] ang mga buwak, lugi na (We would have to wait. [But] the flowers, we’re at a loss already),” Gabuna said.

By the end of the year, flower vendors and native goods sellers are expected to be relocated back to the newly renovated Freedom Park. The vendors feared that the stalls would be significantly smaller, resulting in lower storage space for their flowers.

The Carbon Market, a vital trading hub for Cebu City vendors, has faced criticism years after the Cebu City government entered into an agreement with Cebu2World Development Inc. — a subsidiary of Megawide Construction Corporation — for its development.

Since its initial rounds of demolition in 2022, vendors had had to relocate to other parts of the vicinity, such as the interim market. Others had to rent ambulant stalls permitted to sell only in the late afternoons and evenings.",0.022091,Negative,Negative,Negative,,,,
33741,Rappler,2026-03-28T03:00:00+00:00,https://www.rappler.com/people/human-interest/authentic-pinakbet-kayumanggi-john-sherwin-felix-cyber-libel-complaint,A gastronomic debate: How should ‘authentic’ pinakbet be cooked?,"Some insist that its essence lies in the bitter clash of ampalaya and the pungent tang of bagoong . Elsewhere, cooks feel free to tinker, adding shrimp paste, squash, or whatever their pantry yields, as if to remind us that Filipino cuisine delights in its own mutability.

Amid this chaos of interpretation, a peculiar debate has erupted over how pinakbet should be recorded in print — a debate that, like the dish itself, refuses to settle neatly into a single recipe.

On March 10, food heritage researcher and Lokalpedia founder John Sherwin Felix said in a press conference that he was facing a cyber libel complaint after he publicly flagged the errors he spotted in the Filipino cookbook Kayumanggi: A Kaleidoscope of Filipino Flavors and Food Traditions, published by the Department of Trade and Industry (DTI).

Kayumanggi, published in April 2025, features recipes for 150 regional Filipino dishes.

It was the book’s author, chef Jam Melchor , who filed the complaint against him. Felix said he received the subpoena on February 25, and filed his counter-affidavit before the Office of the City Prosecutor in Makati on March 10.

Melchor complained that Felix had pointed out erroneous details ranging from the origins of specific ingredients like tawilis, to the accuracy of the recipes for regional dishes — one of them being pinakbet.

In Kayumanggi, Melchor acknowledges pinakbet’s Ilocano roots, stating in the recipe’s introduction, “It holds a special significance as a dish originating from the Ilocos Region of the Philippines.”

However, the pinakbet recipe she featured lists bagoong alamang (shrimp paste) as a primary ingredient, which is commonly used in pinakbet Tagalog .

Felix said Kayumanggi’s recipe is inaccurate.

“The description heavily leans on the Ilokano version or context of pinakbet. However, it provides a method and recipe for a non-Ilokano version. One thing to note is that pinakbet originally uses boggoong (bagoong) , the liquid fermented fish sauce, not alamang,” Felix wrote on Lokalpedia’s Facebook page in September 2025.

“Regional cuisine is full of nuances, so one must be more accurate about which version of pinakbet is being discussed,” he added.

Pinakbet is a vegetable dish from the Ilocos Region. While Museo Ilocos Norte says there is no singular way to make pinakbet, it attests that what defines the original Ilocano version is the use of ampalaya and bagoong .

“These two ingredients best define the inclinations of the Ilocano palate. This particular clash of extreme tastes, the bitter and the salty, is not to be found elsewhere in the country,” Museo Ilocos Norte wrote in a 2008 post.

Pinakbet is a staple in Filipino cuisine, and several regions across the country have since adapted the dish, adding extra ingredients and switching some of them out for their alternatives here and there.

A 2021 research paper by Ivy Bartido and Belinda A. Ramos from the University of La Salette, Incorporated entitled Ethnic Variants of “Pinakbet”: Versatility of a Filipino Exotic Food states that the original Ilocano dish only calls for five main ingredients to maintain its authenticity: okra, ampalaya, bagoong , eggplant, and tomatoes.

Bartido and Ramos explained that the recipe also requires the use of specific variants of the ingredients. For instance, while bagoong is typically either made with shrimp or fish, what’s used in the Ilocano version of pinakbet is made with a small fish called monamon.

The pinakbet recipe in Kayumanggi also lists cubed squash as an ingredient. This is more commonly found in the Kapampangan version, as Bartido and Ramos stated in their research paper.

In pointing out the supposed errors he spotted in Kayumanggi’s pinakbet recipe, Felix cautioned that regional cuisine should be treated with accuracy — especially considering the wide range of versions pinakbet has.",0,Neutral,Neutral,Neutral,,,,
33804,Rappler,2026-03-28T07:00:00+00:00,https://www.rappler.com/philippines/luzon/energy-saving-measures,How Luzon LGUs are implementing energy-saving measures,"ALBAY, Philippines – Nearly a month after the United States-Israel war on Iran began on February 28, 2026, local government units (LGUs) across Luzon have intensified their efforts to conserve energy and resources.

Driven by dwindling domestic oil supplies and soaring fuel prices , the crisis prompted Malacañang to issue Memorandum Circular No. 114 on March 6, mandating strict energy conservation protocols across all government offices. ( READ: The Middle East crisis: From the Strait of Hormuz to your dining table )

Under the memo, the President ordered public offices to transition to a four-day workweek as an immediate measure to stretch the country’s energy reserves.

“The ongoing geopolitical tensions have led to significant volatility in global energy markets, resulting in the rising cost of fuel that impacts the national economy…. There is an urgent need to adopt strict energy conservation measures to further reduce the energy footprint of government operations and optimize the use of public resources,” the memo read.

Following the President’s directive, LGUs have rolled out their own local mandates to enforce and expand upon these initiatives.

Here are some of the ways LGUs across Luzon are implementing these critical energy-saving measures:

Most LGUs across Ilocos Norte have adopted the national government’s directives, transitioning to a four-day workweek to significantly reduce energy consumption in public offices.

Rather than keeping all municipal buildings fully operational, several LGUs have deployed mobile service caravans. These caravans bring essential services directly to the barangays, minimizing the need for residents to travel and consume fuel.

In Laoag City , the local government has taken a uniquely traditional approach to the crisis. To lessen the public’s reliance on fuel-dependent motor vehicles, the LGU is heavily promoting the use of the kalesa (a traditional horse-drawn carriage). This initiative serves a dual purpose: it cuts down on local fuel consumption while simultaneously revitalizing and celebrating the region’s cultural heritage.

The Ilocos Sur provincial government issued an executive order adopting the four-day workweek to conserve energy. To maximize energy efficiency, the province also imposed strict regulations on the use of electrical equipment inside public buildings, placing specific restrictions on the operation of air-conditioning units.

To date, the local governments of Salcedo and Quirino have formally issued their own executive orders to enact the compressed work schedule.

The majority of LGUs in La Union have also shifted to a four-day workweek . The municipality of Burgos, however, took a slightly different approach: while it retained a five-day schedule, the local government designated Mondays exclusively for remote work to eliminate one day of employee commuting.

Echoing the rest of the region, local governments across Pangasinan have shortened the workweek to conserve resources. In Dagupan City , for instance, officials are supplementing this mandate by strictly monitoring municipal electricity consumption, rolling out scheduled power management systems, and integrating rigorous energy-efficient practices into their daily operations.

Local government units across Batanes adopted the national government’s mandate, implementing a four-day workweek to significantly reduce energy consumption in public offices across the island province.

The Cagayan provincial government has also adopted the four-day workweek mandated by the national government. Beyond the shortened schedule, all provincial offices are tasked with enforcing strict energy-saving measures, including the limited use of air-conditioning units and a deliberate shift toward digital coordination to minimize physical operations.

To curb high energy consumption, the Isabela provincial government has mandated a comprehensive set of conservation measures alongside flexible work programs. All government offices are now required to restrict the use of air-conditioning units, non-essential lighting, and other high-draw electrical equipment.

Employees are also encouraged to limit official travel and utilize carpooling or centralized shuttle services to maximize fuel conservation.

In Nueva Vizcaya, the majority of LGUs — including Dupax del Norte , Aritao , Solano , and Diadi — have issued public advisories confirming their transition to the mandated four-day workweek.

Meanwhile, the local government of Quezon has taken the initiative a step further by outlining additional, localized energy-conserving practices to supplement the national directive.

Rounding out the region, the local governments of Cabarroguis , Maddela , Nagtipunan , and Saguday in the province of Quirino have officially announced their compliance with the national government’s mandate, transitioning their public offices to the four-day workweek arrangement.",0,Neutral,Neutral,Neutral,,,,
34480,Rappler,2026-03-30T00:08:00+00:00,https://www.rappler.com/world/middle-east/pakistan-peace-talks-host-iran-united-states-march-2026,Trump calls Iran&#8217;s current leaders &#8216;very reasonable&#8217; as Pakistan prepares to host talks,"President Donald Trump said the US and Iran have been meeting “directly and indirectly” and that Iran’s new leaders have been “very reasonable,” as more US troops arrived in the region and Tehran warned it will not accept humiliation.

Trump’s remarks on Sunday, March 29, came after Pakistan, which is acting as an intermediary between Tehran and Washington, said it was preparing to host “meaningful talks” in the coming days aimed at ending the month-long Iran war .

“I think we’ll make a deal with them, I’m pretty sure, but it’s possible we won’t,” Trump told reporters on Sunday evening as he traveled aboard Air Force One to Washington.

Trump said he thought the US had already accomplished regime change in Tehran after strikes killed the country’s supreme leader and other top officials, but said twice that their replacements seemed “reasonable.”

An initial Israeli strike on February 28 killed Iran’s Supreme Leader Ayatollah Ali Khamenei , who was replaced by his son Mojtaba .

The war has spread across the Middle East, killing thousands, causing the biggest disruption ever to energy supplies and hitting the global economy.

Pakistani Foreign Minister Ishaq Dar said talks between regional foreign ministers on Sunday covered ways to bring an early end to the war, and potential US-Iran talks in Islamabad.

“ Pakistan will be honored to host and facilitate meaningful talks between the two sides in coming days, for a comprehensive and lasting settlement of the ongoing conflict,” he said. It was not clear whether the US and Iran had agreed to attend.

Iran’s parliament speaker, Mohammad Baqer Qalibaf, earlier accused the US of sending messages about possible negotiations while at the same time planning a ground invasion. Tehran was ready to respond if US soldiers were deployed, he said.

“As long as the Americans seek Iran’s surrender, our response is that we will never accept humiliation,” he said in a message to the nation.

The US Department of Defense has dispatched thousands of troops to the Middle East, giving Trump the option of launching a ground offensive.

An Israeli official said there was no intention to scale back attacks against Iran ahead of any possible talks between Washington and Tehran, and that Israel would continue carrying out strikes against what it described as military targets.

Israel ‘s military said it had launched over 140 air strikes on central and western Iran, including Tehran, over the 24 hours to Sunday evening, hitting ballistic missile launch sites and storage facilities, among other targets.

Iranian state media reported strikes had hit Mehrabad airport and a petrochemical plant in the northern city of Tabriz.

A chemical plant in southern Israel near the city of Beersheba was hit by a missile or missile debris as Israel fended off multiple salvos from Iran, prompting official warnings to the public to stay away due to “hazardous materials.”

Iran’s effective blockade of the Strait of Hormuz , which carries 20% of global oil and gas shipments, has spiked oil prices and spread economic pain around the world.

Stocks slumped in Asia on Monday, March 30, as investors dug in for a protracted Gulf conflict that already has oil prices heading for a record monthly rise, bringing a spike in inflation and the risk of recession to much of the globe. Japan’s Nikkei index was down 4.7%.

Meanwhile, oil prices looked poised to extend their gains, with Brent headed ‌for a record monthly rise. Brent crude futures jumped $3.09, or 2.74%, to $115.66 a barrel ​by 2353 GMT after settling 4.2% higher on Friday.

Several hundred special operations personnel have arrived in the region, the New York Times reported on Sunday, citing two military officials. That comes on top of thousands of US Marines that came on Friday aboard an amphibious assault ship, the first of two contingents, the US military has said.

Reuters has reported that the Pentagon has been considering military options that could include ground forces, although Trump has not approved any of those plans, according to multiple news outlets.",0,Positive,Positive,Positive,,,,
35024,Rappler,2026-03-30T04:21:36+00:00,https://www.rappler.com/people/athletes/alex-eala-wta-ranking-march-30-2026/,Alex Eala suffers ranking slide after Miami Open run,"MANILA, Philippines – Alex Eala’s stay in the world’s top 30 proved short-lived.
From a career-high No. 29, the Filipina tennis star slid 16 spots to No. 45 in the latest WTA rankings released on Monday, March 30, following her round of 16 exit in the Miami Open.
Eala incurred a loss of 270 points and fell to 1,255 points as she failed to replicate her surprise run to the semifinals in the 2025 edition of the prestigious WTA 1000 tournament.
Needing to defend the 390 points she earned from her 2025 campaign in Miami, the 20-year-old earned just 120 points as she suffered a
6-0, 6-2 loss
to Czech Republic’s Karolina Muchova in the fourth round.
Play  Video
The defeat kept Eala winless against players from the Czech Republic, her record against such foes falling to 0-13.
Eala’s 16-notch drop is her biggest since she first cracked the top 100 at about the same time a year ago.
She can make up for those lost points, though, as Eala plunges back to action in the WTA 500 Linz Open in Austria slated from April 6 to 12.
Eala is also expected to compete in the WTA 1000 Madrid Open in Spain, where she looks to improve on her round of 64 appearance in 2025.
Aryna Sabalenka of Belarus tightened her grip on the No. 1 spot as she defended her title in Miami against the USA’s Coco Gauff, who improved to No. 3.
Former world No. 1 Iga Swiatek of Poland slid to No. 4.
– Rappler.com",0,Negative,Negative,Negative,,,,
35265,Rappler,2026-03-31T00:51:00+00:00,https://www.rappler.com/philippines/mindanao/energy-crisis-concerns-ligawasan-marsh-exploration,Energy crisis raises concerns over Ligawasan Marsh exploration,"CAGAYAN DE ORO, Philippines – The Ligawasan Marsh (also Liguasan Marsh) has been both a cradle of life and a silent witness to the changing tides of politics and development in Mindanao. Now, with renewed interest in its underground riches due to the escalating Middle East crisis that choked the global oil supply, an environmental watchdog warned that the delicate balance of this ecosystem could be on the brink.

The non-profit Wetlands International Philippines on Monday, March 30, cautioned against renewed oil and gas exploration in the largest swamp and marshland in south-central Mindanao.

In a statement, the group warned that unregulated extraction activities could contaminate one of the most biodiverse wetland systems in the country, increase flooding, and release carbon stored in the ecosystem.

Communities surrounding the marsh rely on it for fisheries, livelihoods, and flood protection. The Bangsamoro environment ministry said in 2025 that a first-quarter biodiversity assessment in Ligawasan Marsh recorded more than 3,000 species.

“Liguasan Marsh is an irreplaceable ecological system…. it is a lifeline for communities, wildlife, and our climate resilience,” said Dr. Annadel Cabanban, Wetlands International Philippines country manager.

“We cannot afford to damage an ecosystem that safeguards us from floods, supports fisheries, and stores vast amounts of carbon. A truly secure energy future is one that strengthens, not sacrifices, the natural systems that protect Filipino lives.”

The group urged the government to prioritize renewable energy development and use in responding to the country’s energy crisis resulting from the worsening situation in the Middle East as an offshoot of the February 28 US-Israel attacks on Iran that disrupted the flow of oil supply.

Wetlands International said President Ferdinand Marcos Jr.’s declaration of a state of national energy emergency should accelerate a shift to renewables rather than harm and open fragile ecosystems such as the Ligawasan Marsh to unregulated extraction.

In 2023, the Mindanao-based SK Liguasan Oil and Gas Corporation commissioned its first drilling rig in the Cotabato Basin, aiming to develop several sites across Sultan Kudarat and Ligawasan Marsh.

The company held a petroleum service contract with the Department of Energy (DOE), granting it exploration rights over 72,000 hectares of the onshore basin, which covers roughly 288,000 hectares across the Maguindanao provinces in the Bangsamoro region, and Sultan Kudarat, Cotabato, and South Cotabato in the Soccsksargen region.

That same year, Bangsamoro Transition Authority members pushed for the creation of the Ligawasan Development Authority to oversee resource management in line with the Bangsamoro Organic Law, which requires joint decision-making with the national government. Advocates cited the marsh’s ecological and historical significance as well as its potential gas reserves .

Wetlands International said any exploration of natural resources should be subjected first to thorough environmental assessments and consultation with scientific and environmental experts.

The group pointed to regional renewable energy initiatives — including solar expansion in Vietnam, microgrids in Indonesia, community-based biomass projects in Thailand, and solar auctions in Malaysia – as models for a “just and rapid” energy transition.",0,Negative,Negative,Negative,,,,
35070,Rappler,2026-03-31T02:17:41+00:00,https://www.rappler.com/technology/social-media/australia-investigates-tech-giants-ban-compliance/,Australia investigates tech giants over social media ban compliance,"SYDNEY, Australia – The Australian internet regulator said it was investigating five of the biggest social media platforms for suspected breaches of its new under-16 ban, its strongest signal yet that companies may face enforcement action under a world-first regime.
The announcement marks the government’s first public assessment of compliance with the law that is being studied by policymakers globally. Weak adherence by the biggest platforms could undermine the momentum of governments considering similar restrictions.
eSafety Commissioner Julie Inman Grant said Meta’s Facebook and Instagram, Snapchat, TikTok, and Google’s YouTube had been flagged for potential noncompliance and the watchdog was gathering evidence for possible penalties, with a decision by mid-year.
“While social media platforms have taken some initial action, I am concerned through our compliance monitoring that some may not be doing enough to comply with Australian law,” she said in a statement.
“We are now moving into an enforcement stance,” Inman Grant added.
Meta and Snap said they were committed to complying with the ban, and a Meta spokesperson added the government’s own trial of age-assurance technology found “natural error margins” around the 16 age cutoff.
TikTok declined to comment while a Google spokesperson was not immediately available for comment.
Under the Australian law, platforms face a fine of up to A$49.5 million ($34 million) for noncompliance, and the regulator added on Tuesday they also faced reputational damage if found in breach of the law.
Minister calls out ‘big-tech playbook’
The global push for greater regulation of such platforms has gained momentum after
US courts found social media companies negligent
for designing addictive algorithms that hurt children.
Australia’s eSafety initially hailed the ban’s success, saying in the initial weeks the platforms took down 4.7 million suspected underage accounts, and on Tuesday it said platforms had stopped another 300,000 underage accounts being activated.
But the regulator reported compliance gaps, including platforms prompting children who had previously declared ages under 16 to do fresh age checks, allowing repeated attempts at age-assurance tests until a child got a result over 16 and poor pathways for people to report underage accounts.
Some platforms did not use age-inference, which estimates age based on someone’s online activity, and some only used age-assurance measures like photo-based checks after a user tried to change their age, rather than at sign‑up.
That made it “likely many Australian children aged under 16 have been able to create accounts on age‑restricted social media platforms by simply declaring they are 16 or older”, the regulator said.
Nearly one-third of parents reported their under-16 child had at least one social media account after the ban took effect, of which two-thirds said the platform had not asked the child’s age, it added.
Communications Minister Anika Wells accused the platforms of using tactics “right out of the big-tech playbook … to undermine Australia’s world-leading law”.
– Rappler.com",0,Negative,Negative,Negative,,,,
35068,Rappler,2026-03-31T03:42:57+00:00,https://www.rappler.com/brandrap/energy-leaders-gather-wattdoyouknow-aboitiz-power-quiz-night/,How well would you have scored at our #WattDoYouKnow quiz night?,"Editor’s note: This content is sponsored by AboitizPower and was handled by BrandRap, the sales and marketing arm of Rappler. No member of the news and editorial team participated in the publishing of this piece.
The case for the right answer began quietly.
At one table, someone had already written something down. Across the room, another team was still weighing their options.
“Are you sure?”
“Is that the latest statistic?”
That moment, half confidence and half second-guessing, pretty much summed up the energy at #WattDoYouKnow, a quiz night hosted by Rappler and powered by AboitizPower, held at the Engkanto Taps in NBS Park, Mandaluyong.
The event gathered professionals and students from the energy sector, who, on most days, exchange ideas through reports, meetings, and forums. But for one evening, the setting felt pleasantly removed from the usual rhythms of industry gatherings. Instead of panel discussions and fireside chats, there were trivia questions.
#WATTDOYOUKNOW IN ACTION.
Participants dive into the fast-paced rounds of the quiz night.
The quiz ranged from the fundamentals of electricity to current events in the energy sector, with the occasional pop culture references thrown in for good fun
(Volta, anyone?)
.
For readers curious how they might have fared, some of the questions from #WattDoYouKnow are embedded in the quiz below.
By the end of the night, three teams had moved ahead of the rest. TransCo (National Transmission Corporation), the agency that holds the country’s transmission assets, took home the championship, followed by LasEng, composed of engineering professionals and students from De La Salle University, and Suns of Anarchy, whose members came from the European Chamber of Commerce.
QUIZ NIGHT CHAMPIONS! Team TransCo holds on to the trophy as they take home the top prize.
SECOND PLACE. Team LasEng puts up a strong showing across the quiz rounds.
THIRD PLACE. Suns of Anarchy secures a spot on the podium after a competitive night.
Still, the evening felt less about competition and more about the experience itself: an opportunity for people who usually meet in formal settings to engage in a more relaxed and casual setting.
How well would you have done? Take the quiz and find out!
— Rappler.com",0,Positive,Positive,Positive,,,,
35438,Rappler,2026-03-31T10:30:00+00:00,https://www.rappler.com/newsbreak/iq/things-to-know-philippines-oil-crises-ferdinand-marcos-years-1973-1979,"How the Philippines under elder Marcos handled the 1973, 1979 oil crises","As President Ferdinand Marcos Jr. grapples with volatile pump prices driven by ongoing geopolitical tensions in the Middle East , history offers a stark reminder that the Philippines has been here before.

His father, the late dictator Ferdinand E. Marcos, faced similar problems during the 1973 and 1979 global oil crises, which showed how quickly international developments can translate into domestic economic chaos.

The 1973 oil crisis began in October 1973 when the oil-producing members of the Organization of the Petroleum Exporting Countries (OPEC) imposed an oil embargo on nations supporting Israel during the Yom Kippur War .

This war saw a coalition of Arab states, led by Egypt and Syria, launch a surprise military campaign against Israel to regain territories lost during the 1967 Six-Day War. When the United States and other Western allies intervened to provide Israel with vital military arms and financial aid to counter the offensive, Arab OPEC members retaliated by using oil as a political weapon.

OPEC’s “coordinated strategy” led to the drastic increase of oil prices to $US12 per barrel from just around $3. The Netherlands and the US also faced a total embargo.

In the Philippines, the crisis exposed the country’s severe vulnerability as imported oil accounted for over 90% of its energy supply at the time, which all came from Middle East countries that “were partly in uncertain political situations,” according to a report by the Japan International Cooperation Agency.

The sudden price shocks and supply disruptions triggered severe fuel shortages, long lines at gas stations, and soaring inflation. Companies laid off workers while the impact on “agricultural development activities and the stoppage of industrial activity” was also observed in some areas.

In response, the administration of then-president Marcos implemented strict energy conservation measures. In October 1973, his government increased the tax on gasoline, lubricating oil, and automotive diesel gas through Presidential Decree 314. This move back then was said to be “consistent with present policy to conserve fuel.”

Marcos also issued General Order 40 which directed the “strict observance” of a four-day workweek for government offices as it already became “necessary to prescribe even stringent measures for the conservation and proper allocation of energy resources available.” This lasted from November 13, 1973 to April 1, 1974 .

The crisis also served as a major catalyst for the creation of the Philippine National Oil Company (PNOC) in November 1973 through Presidential Decree 334 . According to the document, “there is a compelling need for the government to embark on measures which will help insure stable supply of petroleum products in order to sustain the growth of the economy and of the social well-being of the nation.”

The PNOC was established to ensure “an adequate and stable supply of oil and petroleum products for domestic requirement.” Its broader mandate also included promoting the “exploration, exploitation, and development” of indigenous energy sources, while fostering operational conditions that support the company’s balanced and sustainable growth.

General Order 41 , issued in December 1973, also placed crude and other petroleum products under the control of PNOC.

The embargo was eventually lifted in March 1974.

The 1979 oil crisis was triggered by the Iranian Revolution , which disrupted oil production in Iran, then one of the world’s largest exporters.

This revolution saw the overthrow of Shah Mohammad Reza Pahlavi and the establishment of an Islamic republic under Ayatollah Ruhollah Khomeini. Global oil supply actually decreased by only around 4% , but the disruption triggered widespread fear and speculative hoarding.

This panic led to the drastic increase of oil prices, which more than doubled from around $13 per barrel to nearly $40 over the next year . Several nations across the globe faced severe supply shortfalls and massive economic disruptions .

The crisis once again exposed the Philippines’ vulnerability to external shocks. During his 1979 State of the Nation Address, Marcos said “it is unfortunate that the world has developed such a strong dependence on oil to the extent that the weaning process is proving to be traumatic for many nations in the world. And the Philippines is not an exception.”

The Marcos administration implemented a new wave of strict energy conservation measures. In June 1980, his government enacted Batas Pambansa Blg. 73 . This move aimed to “institutionalize energy conservation in order to enhance the availability of energy supplies required to support the country’s economic, social and developmental goals.”

This law prohibited several activities, including:

It also empowered the government, specifically what was then the Ministry of Energy, to enforce several strict regulatory measures, such as:",0,Neutral,Neutral,Neutral,,,,
